player_name,height,age,height_group,player_key
Novak Djokovic,188.0,32.6,180-190,1
Roberto Bautista Agut,183.0,31.7,180-190,2
Dusan Lajovic,183.0,29.5,180-190,3
Rafael Nadal,185.0,33.5,180-190,4
Daniil Medvedev,198.0,23.9,190-200,5
Karen Khachanov,198.0,23.6,190-200,6
Daniel Evans,175.0,29.6,<180,7
Nick Kyrgios,193.0,24.6,190-200,8
David Goffin,180.0,29.0,<180,9
Benoit Paire,196.0,30.6,190-200,10
Kevin Anderson,203.0,33.6,200+,11
Gilles Simon,183.0,35.0,180-190,12
Gael Monfils,193.0,33.3,190-200,13
Lloyd Harris,193.0,22.8,190-200,14
Yoshihito Nishioka,170.0,24.2,<180,15
Go Soeda,178.0,35.3,<180,16
Nikoloz Basilashvili,185.0,27.8,180-190,17
Aleksandre Metreveli,183.0,26.4,180-190,18
Steve Darcis,178.0,35.8,<180,19
Dimitar Kuzmanov,183.0,26.4,180-190,20
Grigor Dimitrov,191.0,28.6,190-200,21
Cameron Norrie,188.0,24.3,180-190,22
Fabio Fognini,178.0,32.6,<180,23
Stefano Travaglia,185.0,28.0,180-190,24
Casper Ruud,183.0,21.0,180-190,25
Taylor Fritz,196.0,22.1,190-200,26
Borna Coric,188.0,23.1,180-190,27
Marin Cilic,198.0,31.2,190-200,28
Dominic Thiem,185.0,26.3,180-190,29
Dennis Novak,183.0,26.3,180-190,30
Hubert Hurkacz,196.0,22.8,190-200,31
Kacper Zuk,183.0,20.9,180-190,32
Diego Schwartzman,170.0,27.3,<180,33
Guido Pella,183.0,29.6,180-190,34
Stefanos Tsitsipas,193.0,21.4,190-200,35
Jan Lennard Struff,193.0,29.7,190-200,36
Denis Shapovalov,185.0,20.7,180-190,37
Alex De Minaur,183.0,20.8,180-190,38
Felix Auger Aliassime,193.0,19.4,190-200,39
John Millman,183.0,30.5,180-190,40
Andrey Rublev,188.0,22.2,180-190,41
Corentin Moutet,180.0,20.7,<180,42
Stan Wawrinka,183.0,34.7,180-190,43
Miomir Kecmanovic,183.0,20.3,180-190,44
Aljaz Bedene,181.0,30.4,180-190,45
Fernando Verdasco,188.0,36.1,180-190,46
Marton Fucsovics,188.0,27.9,180-190,47
Pierre Hugues Herbert,188.0,28.8,180-190,48
Jeremy Chardy,188.0,32.8,180-190,49
Alexander Bublik,196.0,22.5,190-200,50
Filip Krajinovic,185.0,27.8,180-190,51
Cem Ilkel,185.0,24.3,180-190,52
Laslo Djere,188.0,24.5,180-190,53
Mikhail Kukushkin,183.0,32.0,180-190,54
Tommy Paul,185.0,22.6,180-190,55
Albert Ramos,188.0,31.9,180-190,56
Pablo Carreno Busta,188.0,28.5,180-190,57
Alex Bolt,183.0,27.0,180-190,58
Pablo Cuevas,180.0,34.0,<180,59
Jeremy Chardy,188.0,32.9,180-190,60
Laslo Djere,188.0,24.6,180-190,61
Sam Querrey,198.0,32.2,190-200,62
James Duckworth,183.0,27.9,180-190,63
Ugo Humbert,188.0,21.5,180-190,64
Hubert Hurkacz,196.0,22.9,190-200,65
John Isner,208.0,34.7,200+,66
Feliciano Lopez,188.0,38.3,180-190,67
Kyle Edmund,188.0,25.0,180-190,68
Mikael Ymer,183.0,21.3,180-190,69
Thiago Monteiro,183.0,25.6,180-190,70
Andreas Seppi,190.0,35.8,180-190,71
Tennys Sandgren,188.0,28.4,180-190,72
Marco Cecchinato,185.0,27.2,180-190,73
Vasek Pospisil,193.0,29.5,190-200,74
Rafael Nadal,185.0,33.6,180-190,75
Federico Delbonis,193.0,29.2,190-200,76
Peter Gojowczyk,188.0,30.5,180-190,77
Nick Kyrgios,193.0,24.7,190-200,78
Ivo Karlovic,208.0,40.8,200+,79
Aljaz Bedene,181.0,30.5,180-190,80
Ernests Gulbis,190.0,31.3,180-190,81
Taylor Fritz,196.0,22.2,190-200,82
Pedro Martinez,185.0,22.7,180-190,83
Jaume Munar,183.0,22.7,180-190,84
Alexei Popyrin,196.0,20.4,190-200,85
Alejandro Tabilo,188.0,22.6,180-190,86
Andreas Seppi,190.0,35.9,180-190,87
Stan Wawrinka,183.0,34.8,180-190,88
David Goffin,180.0,29.1,<180,89
Yuichi Sugita,173.0,31.3,<180,90
Nikoloz Basilashvili,185.0,27.9,180-190,91
Egor Gerasimov,196.0,27.1,190-200,92
Alexander Zverev,198.0,22.7,190-200,93
Matteo Berrettini,196.0,23.7,190-200,94
Ricardas Berankis,175.0,29.5,<180,95
Gregoire Barrere,183.0,25.9,180-190,96
Jordan Thompson,183.0,25.7,180-190,97
Jannik Sinner,191.0,18.4,190-200,98
John Millman,183.0,30.6,180-190,99
Roger Federer,185.0,38.4,180-190,100
Philipp Kohlschreiber,178.0,36.2,<180,101
Cristian Garin,185.0,23.6,180-190,102
Milos Raonic,196.0,29.0,190-200,103
Benoit Paire,196.0,30.7,190-200,104
Marin Cilic,198.0,31.3,190-200,105
Michael Mmoh,188.0,22.0,180-190,106
Diego Schwartzman,170.0,27.4,<180,107
Alejandro Davidovich Fokina,183.0,20.6,180-190,108
Marc Polmans,188.0,22.7,180-190,109
Yoshihito Nishioka,170.0,24.3,<180,110
Tatsuma Ito,180.0,31.6,<180,111
Andrej Martin,183.0,30.3,180-190,112
Albert Ramos,188.0,32.0,180-190,113
Juan Ignacio Londero,180.0,26.4,<180,114
Pablo Andujar,180.0,34.0,<180,115
Pedro Cachin,185.0,24.8,180-190,116
Gianluca Mager,188.0,25.1,180-190,117
Attila Balazs,180.0,31.3,<180,118
Carlos Taberner,183.0,22.4,180-190,119
Gael Monfils,193.0,33.4,190-200,120
Vasek Pospisil,193.0,29.6,190-200,121
Filip Krajinovic,185.0,27.9,180-190,122
Norbert Gombos,193.0,29.4,190-200,123
Richard Gasquet,183.0,33.6,180-190,124
Adrian Mannarino,180.0,31.5,<180,125
Emil Ruusuvuori,188.0,20.8,180-190,126
Mikael Ymer,183.0,21.4,180-190,127
Alexander Bublik,196.0,22.6,190-200,128
Jiri Vesely,198.0,26.5,190-200,129
Egor Gerasimov,196.0,27.2,190-200,130
James Duckworth,183.0,28.0,180-190,131
Ricardas Berankis,175.0,29.6,<180,132
Roberto Marcora,193.0,30.4,190-200,133
Soon Woo Kwon,180.0,22.1,<180,134
Ilya Ivashka,193.0,25.9,190-200,135
Taro Daniel,191.0,27.0,190-200,136
Prajnesh Gunneswaran,188.0,30.2,180-190,137
Nikola Milojevic,188.0,24.6,180-190,138
Salvatore Caruso,185.0,27.1,180-190,139
Viktor Troicki,193.0,33.9,190-200,140
Cedrik Marcel Stebe,183.0,29.3,180-190,141
Casper Ruud,183.0,21.1,180-190,142
Pedro Sousa,180.0,31.7,<180,143
Pablo Cuevas,180.0,34.1,<180,144
Dusan Lajovic,183.0,29.6,180-190,145
Guido Pella,183.0,29.7,180-190,146
Federico Delbonis,193.0,29.3,190-200,147
Jozef Kovalik,183.0,27.2,180-190,148
Roberto Carballes Baena,183.0,26.8,180-190,149
Facundo Bagnis,183.0,29.9,180-190,150
Jason Jung,180.0,30.6,<180,151
Miomir Kecmanovic,183.0,20.4,180-190,152
Jordan Thompson,183.0,25.8,180-190,153
Reilly Opelka,211.0,22.4,200+,154
Ugo Humbert,188.0,21.6,180-190,155
Steve Johnson,188.0,30.1,180-190,156
Cameron Norrie,188.0,24.4,180-190,157
Paolo Lorenzi,183.0,38.1,180-190,158
Marcos Giron,180.0,26.5,<180,159
Dominik Koepfer,180.0,25.7,<180,160
Felix Auger Aliassime,193.0,19.5,190-200,161
Andrey Rublev,188.0,22.3,180-190,162
Daniel Evans,175.0,29.7,<180,163
Gilles Simon,183.0,35.1,180-190,164
Karen Khachanov,198.0,23.7,190-200,165
Roberto Bautista Agut,183.0,31.8,180-190,166
Grigor Dimitrov,191.0,28.7,190-200,167
Milos Raonic,196.0,29.1,190-200,168
Frances Tiafoe,188.0,22.0,180-190,169
Brandon Nakashima,188.0,18.5,180-190,170
Soon Woo Kwon,180.0,22.2,<180,171
Tommy Paul,185.0,22.7,180-190,172
Noah Rubin,175.0,23.9,<180,173
Ryan Harrison,185.0,27.7,180-190,174
Mackenzie Mcdonald,178.0,24.8,<180,175
Jack Sock,191.0,27.3,190-200,176
Stefanos Tsitsipas,193.0,21.5,190-200,177
Daniil Medvedev,198.0,24.0,190-200,178
Denis Shapovalov,185.0,20.8,180-190,179
Jannik Sinner,191.0,18.5,190-200,180
Pierre Hugues Herbert,188.0,28.9,180-190,181
Hubert Hurkacz,196.0,23.0,190-200,182
Cristian Garin,185.0,23.7,180-190,183
Gianluca Mager,188.0,25.2,180-190,184
Borna Coric,188.0,23.2,180-190,185
Dominic Thiem,185.0,26.4,180-190,186
Pedro Martinez,185.0,22.8,180-190,187
Federico Coria,180.0,27.9,<180,188
Lorenzo Sonego,191.0,24.7,190-200,189
Joao Domingues,178.0,26.3,<180,190
Thiago Monteiro,183.0,25.7,180-190,191
Carlos Alcaraz,183.0,16.7,180-190,192
Thiago Seyboth Wild,185.0,19.9,180-190,193
Rafael Nadal,185.0,33.7,180-190,194
Taylor Fritz,196.0,22.3,190-200,195
John Isner,208.0,34.8,200+,196
Stan Wawrinka,183.0,34.9,180-190,197
Kyle Edmund,188.0,25.1,180-190,198
Adrian Mannarino,180.0,31.6,<180,199
Alexander Zverev,198.0,22.8,190-200,200
Novak Djokovic,188.0,32.7,180-190,201
Jan Lennard Struff,193.0,29.8,190-200,202
Philipp Kohlschreiber,178.0,36.3,<180,203
Dennis Novak,183.0,26.4,180-190,204
Yasutaka Uchiyama,183.0,27.5,180-190,205
Nikoloz Basilashvili,185.0,28.0,180-190,206
Renzo Olivo,178.0,27.9,<180,207
Albert Ramos,188.0,32.1,180-190,208
Hugo Dellien,180.0,26.6,<180,209
Alejandro Davidovich Fokina,183.0,20.7,180-190,210
Juan Ignacio Londero,180.0,26.5,<180,211
Tomas Barrios Vera,191.0,22.2,190-200,212
Roberto Carballes Baena,183.0,26.9,180-190,213
Juan Pablo Varillas,185.0,24.3,180-190,214
Alejandro Tabilo,188.0,22.7,180-190,215
Novak Djokovic,188.0,33.2,180-190,216
Milos Raonic,196.0,29.6,190-200,217
Roberto Bautista Agut,183.0,32.3,180-190,218
Stefanos Tsitsipas,193.0,22.0,190-200,219
Jan Lennard Struff,193.0,30.3,190-200,220
Daniil Medvedev,198.0,24.5,190-200,221
Reilly Opelka,211.0,22.9,200+,222
Filip Krajinovic,185.0,28.4,180-190,223
Tennys Sandgren,188.0,29.0,180-190,224
David Goffin,180.0,29.7,<180,225
Aljaz Bedene,181.0,31.1,180-190,226
Karen Khachanov,198.0,24.2,190-200,227
Matteo Berrettini,196.0,24.3,190-200,228
John Isner,208.0,35.3,200+,229
Andy Murray,191.0,33.2,190-200,230
Marton Fucsovics,188.0,28.5,180-190,231
Ricardas Berankis,175.0,30.1,<180,232
Felix Auger Aliassime,193.0,20.0,190-200,233
Denis Shapovalov,185.0,21.3,180-190,234
Borna Coric,188.0,23.7,180-190,235
Marcos Giron,180.0,27.0,<180,236
Taylor Fritz,196.0,22.8,190-200,237
Pablo Carreno Busta,188.0,29.1,180-190,238
Richard Gasquet,183.0,34.1,180-190,239
Emil Ruusuvuori,188.0,21.3,180-190,240
Diego Schwartzman,170.0,28.0,<180,241
John Millman,183.0,31.1,180-190,242
Kevin Anderson,203.0,34.2,200+,243
Daniel Evans,175.0,30.2,<180,244
Grigor Dimitrov,191.0,29.2,190-200,245
Kyle Edmund,188.0,25.6,180-190,246
Michael Mmoh,188.0,22.6,180-190,247
Mitchell Krueger,188.0,26.6,180-190,248
Steve Johnson,188.0,30.6,180-190,249
Soon Woo Kwon,180.0,22.7,<180,250
Gilles Simon,183.0,35.6,180-190,251
Filip Krajinovic,185.0,28.5,180-190,252
Marcos Giron,180.0,27.1,<180,253
Lloyd Harris,193.0,23.5,190-200,254
Maxime Cressy,201.0,23.3,200+,255
Juan Ignacio Londero,180.0,27.0,<180,256
Egor Gerasimov,196.0,27.8,190-200,257
Jordan Thompson,183.0,26.3,180-190,258
Mikhail Kukushkin,183.0,32.6,180-190,259
Cristian Garin,185.0,24.2,180-190,260
Cameron Norrie,188.0,25.0,180-190,261
Federico Coria,180.0,28.4,<180,262
Alejandro Davidovich Fokina,183.0,21.2,180-190,263
Hubert Hurkacz,196.0,23.5,190-200,264
Adrian Mannarino,180.0,32.1,<180,265
Jack Sock,191.0,27.9,190-200,266
Brandon Nakashima,188.0,19.0,180-190,267
Alexander Zverev,198.0,23.3,190-200,268
Ugo Humbert,188.0,22.1,180-190,269
Emil Ruusuvuori,188.0,21.4,180-190,270
Casper Ruud,183.0,21.6,180-190,271
Ernesto Escobedo,185.0,24.1,180-190,272
Salvatore Caruso,185.0,27.7,180-190,273
Gregoire Barrere,183.0,26.5,180-190,274
Andrey Rublev,188.0,22.8,180-190,275
Frances Tiafoe,188.0,22.6,180-190,276
John Millman,183.0,31.2,180-190,277
J J Wolf,183.0,21.6,180-190,278
Roberto Carballes Baena,183.0,27.4,180-190,279
Christopher Oconnell,183.0,26.2,180-190,280
Miomir Kecmanovic,183.0,21.0,180-190,281
Vasek Pospisil,193.0,30.1,190-200,282
Alex De Minaur,183.0,21.5,180-190,283
Richard Gasquet,183.0,34.2,180-190,284
Andrey Kuznetsov,183.0,29.5,180-190,285
Corentin Moutet,180.0,21.3,<180,286
Marin Cilic,198.0,31.9,190-200,287
Norbert Gombos,193.0,30.0,190-200,288
Sumit Nagal,178.0,23.0,<180,289
Dominic Thiem,185.0,26.9,180-190,290
Yannick Hanfmann,193.0,28.7,190-200,291
Marc Andrea Huesler,196.0,24.1,190-200,292
Laslo Djere,188.0,25.2,180-190,293
Feliciano Lopez,188.0,38.9,180-190,294
Federico Delbonis,193.0,29.9,190-200,295
Maximilian Marterer,188.0,25.2,180-190,296
Guido Pella,183.0,30.2,180-190,297
Jannik Sinner,191.0,19.0,190-200,298
Sebastian Ofner,191.0,24.3,190-200,299
Novak Djokovic,188.0,33.3,180-190,300
Casper Ruud,183.0,21.7,180-190,301
Denis Shapovalov,185.0,21.4,180-190,302
Dominik Koepfer,180.0,26.3,<180,303
Matteo Berrettini,196.0,24.4,190-200,304
Grigor Dimitrov,191.0,29.3,190-200,305
Rafael Nadal,185.0,34.2,180-190,306
Lorenzo Musetti,185.0,18.5,180-190,307
Stefano Travaglia,185.0,28.7,180-190,308
Ugo Humbert,188.0,22.2,180-190,309
Dusan Lajovic,183.0,30.2,180-190,310
Marco Cecchinato,185.0,27.9,180-190,311
Kei Nishikori,178.0,30.7,<180,312
Federico Coria,180.0,28.5,<180,313
Borna Coric,188.0,23.8,180-190,314
Lorenzo Sonego,191.0,25.3,190-200,315
Pedro Martinez,185.0,23.3,180-190,316
Yoshihito Nishioka,170.0,24.9,<180,317
Andrey Rublev,188.0,22.9,180-190,318
Milos Raonic,196.0,29.7,190-200,319
Stefanos Tsitsipas,193.0,22.1,190-200,320
Cristian Garin,185.0,24.3,180-190,321
Roberto Bautista Agut,183.0,32.4,180-190,322
Alexander Bublik,196.0,23.2,190-200,323
Jiri Vesely,198.0,27.2,190-200,324
Fabio Fognini,178.0,33.3,<180,325
Tommy Paul,185.0,23.3,180-190,326
Felix Auger Aliassime,193.0,20.1,190-200,327
Yannick Hanfmann,193.0,28.8,190-200,328
Karen Khachanov,198.0,24.3,190-200,329
Pablo Cuevas,180.0,34.7,<180,330
Ricardas Berankis,175.0,30.2,<180,331
Daniel Elahi Galan,191.0,24.2,190-200,332
Tennys Sandgren,188.0,29.1,180-190,333
Marc Polmans,188.0,23.4,180-190,334
Attila Balazs,180.0,32.0,<180,335
Guido Pella,183.0,30.3,180-190,336
Pablo Carreno Busta,188.0,29.2,180-190,337
Jan Lennard Struff,193.0,30.4,190-200,338
Daniel Altmaier,188.0,22.0,180-190,339
Marton Fucsovics,188.0,28.6,180-190,340
Albert Ramos,188.0,32.6,180-190,341
Thiago Monteiro,183.0,26.3,180-190,342
Kevin Anderson,203.0,34.3,200+,343
Alejandro Davidovich Fokina,183.0,21.3,180-190,344
Roberto Carballes Baena,183.0,27.5,180-190,345
Andrej Martin,183.0,31.0,180-190,346
Nikola Milojevic,188.0,25.2,180-190,347
Radu Albot,175.0,30.8,<180,348
Taylor Fritz,196.0,22.9,190-200,349
Norbert Gombos,193.0,30.1,190-200,350
Jurij Rodionov,191.0,21.3,190-200,351
Lorenzo Giustino,180.0,29.0,<180,352
Diego Schwartzman,170.0,28.1,<180,353
Stan Wawrinka,183.0,35.5,180-190,354
Dominik Koepfer,180.0,26.4,<180,355
Hugo Gaston,173.0,20.0,<180,356
Yoshihito Nishioka,170.0,25.0,<180,357
Jack Sock,191.0,28.0,190-200,358
Dominic Thiem,185.0,27.0,180-190,359
Alexander Zverev,198.0,23.4,190-200,360
Pierre Hugues Herbert,188.0,29.5,180-190,361
Juan Ignacio Londero,180.0,27.1,<180,362
Benoit Paire,196.0,31.3,190-200,363
Benjamin Bonzi,183.0,24.3,180-190,364
Jannik Sinner,191.0,19.1,190-200,365
Mikhail Kukushkin,183.0,32.7,180-190,366
Pedro Martinez,185.0,23.4,180-190,367
Sebastian Korda,196.0,20.2,190-200,368
John Isner,208.0,35.4,200+,369
Mackenzie Mcdonald,178.0,25.4,<180,370
Rafael Nadal,185.0,34.3,180-190,371
Lloyd Harris,193.0,23.6,190-200,372
Dennis Novak,183.0,27.1,180-190,373
Radu Albot,175.0,30.9,<180,374
Hubert Hurkacz,196.0,23.6,190-200,375
Fernando Verdasco,188.0,36.9,180-190,376
Steve Johnson,188.0,30.8,180-190,377
Marin Cilic,198.0,32.0,190-200,378
Oscar Otte,193.0,27.2,190-200,379
Henri Laaksonen,185.0,28.5,180-190,380
Mischa Zverev,190.0,33.1,180-190,381
Gilles Simon,183.0,35.7,180-190,382
Laslo Djere,188.0,25.3,180-190,383
Marco Cecchinato,185.0,28.0,180-190,384
Danilo Petrovic,203.0,28.7,200+,385
Lorenzo Musetti,185.0,18.6,180-190,386
Federico Delbonis,193.0,30.0,190-200,387
Albert Ramos,188.0,32.7,180-190,388
Yannick Hanfmann,193.0,28.9,190-200,389
Pablo Andujar,180.0,34.7,<180,390
Corentin Moutet,180.0,21.4,<180,391
Tommy Paul,185.0,23.4,180-190,392
Andrea Pellegrino,185.0,23.5,180-190,393
Lorenzo Sonego,191.0,25.4,190-200,394
Borna Coric,188.0,23.9,180-190,395
Reilly Opelka,211.0,23.1,200+,396
Cameron Norrie,188.0,25.1,180-190,397
Daniil Medvedev,198.0,24.6,190-200,398
Roman Safiullin,185.0,23.1,180-190,399
Aslan Karatsev,185.0,27.1,180-190,400
Alexander Bublik,196.0,23.3,190-200,401
Miomir Kecmanovic,183.0,21.1,180-190,402
Evgeny Donskoy,185.0,30.4,180-190,403
Ilya Ivashka,193.0,26.6,190-200,404
Adrian Mannarino,180.0,32.3,<180,405
Gilles Simon,183.0,35.8,180-190,406
John Millman,183.0,31.3,180-190,407
Egor Gerasimov,196.0,27.9,190-200,408
Emil Ruusuvuori,188.0,21.5,180-190,409
Frances Tiafoe,188.0,22.7,180-190,410
Mikhail Kukushkin,183.0,32.8,180-190,411
Mackenzie Mcdonald,178.0,25.5,<180,412
Jordan Thompson,183.0,26.5,180-190,413
Yuichi Sugita,173.0,32.1,<180,414
Andreas Seppi,190.0,36.6,180-190,415
Andrey Rublev,188.0,23.0,180-190,416
Daniel Evans,175.0,30.4,<180,417
Kevin Anderson,203.0,34.4,200+,418
Novak Djokovic,188.0,33.4,180-190,419
Grigor Dimitrov,191.0,29.4,190-200,420
Daniil Medvedev,198.0,24.7,190-200,421
Dominic Thiem,185.0,27.1,180-190,422
Hubert Hurkacz,196.0,23.7,190-200,423
Stefanos Tsitsipas,193.0,22.2,190-200,424
Jurij Rodionov,191.0,21.4,190-200,425
Vasek Pospisil,193.0,30.3,190-200,426
Cristian Garin,185.0,24.4,180-190,427
Alexander Zverev,198.0,23.5,190-200,428
Rafael Nadal,185.0,34.4,180-190,429
Milos Raonic,196.0,29.8,190-200,430
Pablo Carreno Busta,188.0,29.3,180-190,431
Stan Wawrinka,183.0,35.6,180-190,432
Diego Schwartzman,170.0,28.2,<180,433
Ugo Humbert,188.0,22.3,180-190,434
Norbert Gombos,193.0,30.2,190-200,435
Alejandro Davidovich Fokina,183.0,21.4,180-190,436
Alex De Minaur,183.0,21.7,180-190,437
Marcos Giron,180.0,27.2,<180,438
Feliciano Lopez,188.0,39.1,180-190,439
Jan Lennard Struff,193.0,30.5,190-200,440
Yoshihito Nishioka,170.0,25.1,<180,441
Richard Gasquet,183.0,34.3,180-190,442
Pierre Hugues Herbert,188.0,29.6,180-190,443
Corentin Moutet,180.0,21.5,<180,444
Jannik Sinner,191.0,19.2,190-200,445
John Millman,183.0,31.4,180-190,446
Salvatore Caruso,185.0,27.9,180-190,447
Marc Andrea Huesler,196.0,24.3,190-200,448
Jonas Forejtek,183.0,19.6,180-190,449
Dominic Thiem,185.0,27.2,180-190,450
Daniel Elahi Galan,191.0,23.7,190-200,451
John Millman,183.0,30.7,180-190,452
Dennis Novak,183.0,26.5,180-190,453
Ruben Bemelmans,183.0,32.1,180-190,454
Marton Fucsovics,188.0,28.0,180-190,455
Attila Balazs,180.0,31.4,<180,456
Borna Gojo,196.0,22.0,190-200,457
Marin Cilic,198.0,31.4,190-200,458
Jiri Vesely,198.0,26.6,190-200,459
Lukas Rosol,193.0,34.6,190-200,460
Egor Gerasimov,196.0,27.3,190-200,461
Dominik Koepfer,180.0,25.8,<180,462
Emilio Gomez,185.0,28.2,180-190,463
Roberto Quiroz,193.0,28.0,190-200,464
Robin Haase,191.0,32.9,190-200,465
Alexander Bublik,196.0,22.7,190-200,466
Reilly Opelka,211.0,22.5,200+,467
Damir Dzumhur,175.0,27.7,<180,468
Lloyd Harris,193.0,23.0,190-200,469
Hugo Dellien,180.0,26.7,<180,470
Roberto Cid,193.0,26.5,190-200,471
Benjamin Hassan,183.0,25.0,180-190,472
Wishaya Trongcharoenchaikul,193.0,24.9,190-200,473
Frederico Ferreira Silva,178.0,24.9,<180,474
Joao Sousa,185.0,30.9,180-190,475
Patrik Niklas Salminen,188.0,22.9,180-190,476
Gerardo Lopez Villasenor,191.0,24.8,190-200,477
Otto Virtanen,193.0,18.6,190-200,478
Viktor Durasovic,185.0,22.9,180-190,479
Lukas Hellum Lilleengen,180.0,19.2,<180,480
Aisam Ul Haq Qureshi,183.0,39.9,180-190,481
Juan Pablo Varillas,185.0,24.4,180-190,482
Henri Laaksonen,185.0,27.9,180-190,483
Altug Celikbilek,183.0,23.4,180-190,484
Edan Leshem,183.0,22.9,180-190,485
Chun Hsin Tseng,175.0,18.5,<180,486
Tung Lin Wu,188.0,21.8,180-190,487
Sergiy Stakhovsky,193.0,34.1,190-200,488
Illya Marchenko,185.0,32.4,180-190,489
Finn Tearney,183.0,29.4,180-190,490
Luis David Martinez,178.0,30.8,<180,491
Jose Rubin Statham,180.0,32.8,<180,492
Alex De Minaur,183.0,21.6,180-190,493
Karen Khachanov,198.0,24.4,190-200,494
Feliciano Lopez,188.0,39.0,180-190,495
Zizou Bergs,185.0,21.3,180-190,496
Pablo Cuevas,180.0,35.3,<180,497
Guido Pella,183.0,30.9,180-190,498
John Millman,183.0,31.8,180-190,499
Federico Coria,180.0,29.1,<180,500
Daniel Elahi Galan,191.0,24.8,190-200,501
Nikoloz Basilashvili,185.0,29.1,180-190,502
Jan Lennard Struff,193.0,31.0,190-200,503
Dominik Koepfer,180.0,26.9,<180,504
Yannick Hanfmann,193.0,29.4,190-200,505
Mackenzie Mcdonald,178.0,26.0,<180,506
Ilya Ivashka,193.0,27.1,190-200,507
Ricardas Berankis,175.0,30.8,<180,508
Casper Ruud,183.0,22.3,180-190,509
Norbert Gombos,193.0,30.7,190-200,510
Alexander Zverev,198.0,24.0,190-200,511
Denis Shapovalov,185.0,22.1,180-190,512
Feliciano Lopez,188.0,39.7,180-190,513
Frances Tiafoe,188.0,23.3,180-190,514
Viktor Troicki,193.0,35.3,190-200,515
Jack Draper,193.0,19.4,190-200,516
Alexander Bublik,196.0,23.9,190-200,517
Cameron Norrie,188.0,25.8,180-190,518
Aslan Karatsev,185.0,27.7,180-190,519
Fabio Fognini,178.0,34.0,<180,520
Marin Cilic,198.0,32.7,190-200,521
John Millman,183.0,32.0,180-190,522
Alex De Minaur,183.0,22.3,180-190,523
Daniel Evans,175.0,31.0,<180,524
Adrian Mannarino,180.0,32.9,<180,525
Andy Murray,191.0,34.0,190-200,526
Matteo Berrettini,196.0,25.1,190-200,527
Arthur Rinderknech,196.0,25.9,190-200,528
Zizou Bergs,185.0,22.1,180-190,529
Laslo Djere,188.0,26.1,180-190,530
Marc Polmans,188.0,24.2,180-190,531
Hugo Gaston,173.0,20.8,<180,532
Federico Delbonis,193.0,30.7,190-200,533
Benoit Paire,196.0,32.1,190-200,534
Tallon Griekspoor,188.0,25.0,180-190,535
Dennis Novak,183.0,27.8,180-190,536
Feliciano Lopez,188.0,39.8,180-190,537
Mikael Ymer,183.0,22.8,180-190,538
Vit Kopriva,178.0,24.0,<180,539
Cristian Garin,185.0,25.1,180-190,540
Casper Ruud,183.0,22.5,180-190,541
Maxime Cressy,201.0,24.1,200+,542
Yuichi Sugita,173.0,32.8,<180,543
Jordan Thompson,183.0,27.2,180-190,544
Peter Gojowczyk,188.0,31.9,180-190,545
Jenson Brooksby,188.0,20.7,180-190,546
Denis Kudla,180.0,28.9,<180,547
Kevin Anderson,203.0,35.1,200+,548
Sebastian Ofner,191.0,25.1,190-200,549
Jack Sock,191.0,28.7,190-200,550
Tennys Sandgren,188.0,29.9,180-190,551
Jason Jung,180.0,32.0,<180,552
Ivo Karlovic,208.0,42.3,200+,553
Alexander Bublik,196.0,24.0,190-200,554
Pedro Martinez,185.0,24.2,180-190,555
Federico Coria,180.0,29.3,<180,556
Marco Cecchinato,185.0,28.7,180-190,557
Yannick Hanfmann,193.0,29.6,190-200,558
Jiri Vesely,198.0,28.0,190-200,559
Emil Ruusuvuori,188.0,22.2,180-190,560
Norbert Gombos,193.0,30.9,190-200,561
Roberto Carballes Baena,183.0,28.3,180-190,562
Henri Laaksonen,185.0,29.2,180-190,563
Elias Ymer,185.0,25.2,180-190,564
Holger Rune,188.0,18.2,180-190,565
Jozef Kovalik,183.0,28.7,180-190,566
Gianluca Mager,188.0,26.6,180-190,567
Marco Cecchinato,185.0,28.8,180-190,568
Daniel Altmaier,188.0,22.8,180-190,569
Arthur Rinderknech,196.0,26.0,190-200,570
Carlos Taberner,183.0,23.9,180-190,571
Alexander Erler,193.0,23.7,190-200,572
Mario Vilella Martinez,178.0,26.0,<180,573
Filip Krajinovic,185.0,29.4,180-190,574
Dominic Stricker,183.0,18.7,180-190,575
Sam Querrey,198.0,33.6,190-200,576
James Duckworth,183.0,29.3,180-190,577
Lloyd Harris,193.0,24.2,190-200,578
Yannick Hanfmann,193.0,29.5,190-200,579
Ugo Humbert,188.0,22.9,180-190,580
Peter Gojowczyk,188.0,31.8,180-190,581
Jurij Rodionov,191.0,22.0,190-200,582
Jordan Thompson,183.0,27.1,180-190,583
Nikoloz Basilashvili,185.0,29.2,180-190,584
Marin Cilic,198.0,32.6,190-200,585
Feliciano Lopez,188.0,39.6,180-190,586
Felix Auger Aliassime,193.0,20.8,190-200,587
Alex De Minaur,183.0,22.2,180-190,588
Marco Cecchinato,185.0,28.6,180-190,589
Laslo Djere,188.0,25.9,180-190,590
Fabio Fognini,178.0,33.9,<180,591
Ilya Ivashka,193.0,27.2,190-200,592
Arthur Cazaux,183.0,18.7,180-190,593
Dominik Koepfer,180.0,27.0,<180,594
Tennys Sandgren,188.0,29.8,180-190,595
Marton Fucsovics,188.0,29.2,180-190,596
Pablo Andujar,180.0,35.3,<180,597
Denis Shapovalov,185.0,22.0,180-190,598
Grigor Dimitrov,191.0,30.0,190-200,599
Casper Ruud,183.0,22.4,180-190,600
Alexander Zverev,198.0,24.5,190-200,601
Alex De Minaur,183.0,22.6,180-190,602
Cameron Norrie,188.0,26.1,180-190,603
Felix Auger Aliassime,193.0,21.2,190-200,604
Matteo Berrettini,196.0,25.5,190-200,605
Nikoloz Basilashvili,185.0,29.6,180-190,606
Carlos Alcaraz,183.0,18.4,180-190,607
Andy Murray,191.0,34.4,190-200,608
Jannik Sinner,191.0,20.1,190-200,609
Dennis Novak,183.0,28.1,180-190,610
Lorenzo Sonego,191.0,26.4,190-200,611
Casper Ruud,183.0,22.8,180-190,612
Diego Schwartzman,170.0,29.1,<180,613
Gael Monfils,193.0,35.1,190-200,614
Frances Tiafoe,188.0,23.7,180-190,615
Stefanos Tsitsipas,193.0,23.2,190-200,616
Mikael Ymer,183.0,23.0,180-190,617
Holger Rune,188.0,18.3,180-190,618
Lorenzo Sonego,191.0,26.3,190-200,619
Philipp Kohlschreiber,178.0,37.9,<180,620
Alejandro Davidovich Fokina,183.0,22.2,180-190,621
Nikoloz Basilashvili,185.0,29.5,180-190,622
Karen Khachanov,198.0,25.3,190-200,623
Peter Gojowczyk,188.0,32.1,180-190,624
Marcos Giron,180.0,28.1,<180,625
Andy Murray,191.0,34.3,190-200,626
Vasek Pospisil,193.0,31.2,190-200,627
Lucas Pouille,185.0,27.5,180-190,628
Pablo Carreno Busta,188.0,30.1,180-190,629
Gael Monfils,193.0,35.0,190-200,630
Hubert Hurkacz,196.0,24.6,190-200,631
Ilya Ivashka,193.0,27.6,190-200,632
Marin Cilic,198.0,33.0,190-200,633
Sebastian Korda,196.0,21.3,190-200,634
Pablo Carreno Busta,188.0,30.3,180-190,635
Hugo Gaston,173.0,21.0,<180,636
Dusan Lajovic,183.0,31.3,180-190,637
Karen Khachanov,198.0,25.4,190-200,638
Grigor Dimitrov,191.0,30.4,190-200,639
Diego Schwartzman,170.0,29.2,<180,640
Marcos Giron,180.0,28.2,<180,641
Alexander Bublik,196.0,24.3,190-200,642
Tommy Paul,185.0,24.4,180-190,643
Dominik Koepfer,180.0,27.5,<180,644
James Duckworth,183.0,29.7,180-190,645
Lorenzo Musetti,185.0,19.6,180-190,646
Alexei Popyrin,196.0,22.2,190-200,647
Taylor Fritz,196.0,24.0,190-200,648
Reilly Opelka,211.0,24.1,200+,649
Adrian Mannarino,180.0,33.3,<180,650
Marton Fucsovics,188.0,29.7,180-190,651
Daniil Medvedev,198.0,25.7,190-200,652
Hubert Hurkacz,196.0,24.7,190-200,653
Novak Djokovic,188.0,34.4,180-190,654
Benjamin Bonzi,183.0,24.7,180-190,655
Sebastian Korda,196.0,20.6,190-200,656
Lorenzo Sonego,191.0,25.7,190-200,657
Alejandro Davidovich Fokina,183.0,21.7,180-190,658
Egor Gerasimov,196.0,28.2,190-200,659
Aljaz Bedene,181.0,31.6,180-190,660
Peter Gojowczyk,188.0,31.6,180-190,661
Jiri Vesely,198.0,27.6,190-200,662
Dennis Novak,183.0,27.4,180-190,663
Ugo Humbert,188.0,22.6,180-190,664
Tallon Griekspoor,188.0,24.6,180-190,665
Gregoire Barrere,183.0,27.0,180-190,666
David Goffin,180.0,30.2,<180,667
Roberto Bautista Agut,183.0,32.8,180-190,668
Damir Dzumhur,175.0,28.8,<180,669
Bjorn Fratangelo,183.0,27.6,180-190,670
Daniel Elahi Galan,191.0,24.7,190-200,671
Jordan Thompson,183.0,26.9,180-190,672
Joao Sousa,185.0,31.9,180-190,673
Denis Kudla,180.0,28.5,<180,674
Ilya Ivashka,193.0,27.0,190-200,675
Tennys Sandgren,188.0,29.6,180-190,676
Thanasi Kokkinakis,193.0,24.9,190-200,677
Lorenzo Musetti,185.0,19.0,180-190,678
Marin Cilic,198.0,32.4,190-200,679
Sebastian Korda,196.0,20.7,190-200,680
Mikhail Kukushkin,183.0,33.2,180-190,681
Miomir Kecmanovic,183.0,21.5,180-190,682
Yasutaka Uchiyama,183.0,28.6,180-190,683
James Duckworth,183.0,29.1,180-190,684
Laslo Djere,188.0,25.8,180-190,685
Marcos Giron,180.0,27.6,<180,686
Cameron Norrie,188.0,25.5,180-190,687
Yannick Hanfmann,193.0,29.3,190-200,688
Hugo Gaston,173.0,20.4,<180,689
Mikael Ymer,183.0,22.5,180-190,690
Emil Ruusuvuori,188.0,21.9,180-190,691
Lloyd Harris,193.0,24.0,190-200,692
Ricardas Berankis,175.0,30.7,<180,693
Mackenzie Mcdonald,178.0,25.9,<180,694
Pierre Hugues Herbert,188.0,30.0,180-190,695
Ernesto Escobedo,185.0,24.7,180-190,696
Frances Tiafoe,188.0,23.1,180-190,697
Alexei Popyrin,196.0,21.6,190-200,698
Yen Hsun Lu,180.0,37.6,<180,699
Stefanos Tsitsipas,193.0,22.6,190-200,700
Kei Nishikori,178.0,31.2,<180,701
Lorenzo Sonego,191.0,25.8,190-200,702
Milos Raonic,196.0,30.2,190-200,703
Ugo Humbert,188.0,22.7,180-190,704
Hubert Hurkacz,196.0,24.1,190-200,705
Denis Shapovalov,185.0,21.9,180-190,706
Andrey Rublev,188.0,23.4,180-190,707
Marton Fucsovics,188.0,29.1,180-190,708
Aslan Karatsev,185.0,27.5,180-190,709
Adrian Mannarino,180.0,32.7,<180,710
Diego Schwartzman,170.0,28.5,<180,711
Alexander Bublik,196.0,23.7,190-200,712
Taylor Fritz,196.0,23.3,190-200,713
Karen Khachanov,198.0,24.8,190-200,714
Jannik Sinner,191.0,19.5,190-200,715
Jan Lennard Struff,193.0,30.9,190-200,716
John Isner,208.0,35.9,200+,717
Felix Auger Aliassime,193.0,20.6,190-200,718
Dusan Lajovic,183.0,30.7,180-190,719
Daniil Medvedev,198.0,25.1,190-200,720
Roberto Bautista Agut,183.0,32.9,180-190,721
Pedro Martinez,185.0,24.4,180-190,722
Jan Lennard Struff,193.0,31.4,190-200,723
Aleksandar Vukic,188.0,25.4,180-190,724
Ernesto Escobedo,185.0,25.2,180-190,725
Emilio Gomez,185.0,29.8,180-190,726
Emil Ruusuvuori,188.0,22.5,180-190,727
Christopher Eubanks,201.0,25.4,200+,728
Albert Ramos,188.0,33.7,180-190,729
Jenson Brooksby,188.0,20.9,180-190,730
Kevin Anderson,203.0,35.3,200+,731
Gianluca Mager,188.0,26.8,180-190,732
John Millman,183.0,32.3,180-190,733
Yoshihito Nishioka,170.0,26.0,<180,734
Brandon Nakashima,188.0,20.1,180-190,735
Alejandro Tabilo,188.0,24.3,180-190,736
Roberto Carballes Baena,183.0,28.5,180-190,737
Alejandro Davidovich Fokina,183.0,22.3,180-190,738
Kei Nishikori,178.0,31.7,<180,739
Maxime Cressy,201.0,24.4,200+,740
Guido Pella,183.0,31.3,180-190,741
Tennys Sandgren,188.0,30.2,180-190,742
Tommy Paul,185.0,24.3,180-190,743
Carlos Taberner,183.0,24.1,180-190,744
Alexei Popyrin,196.0,22.1,190-200,745
Salvatore Caruso,185.0,28.8,180-190,746
Taro Daniel,191.0,28.6,190-200,747
Daniel Altmaier,188.0,23.0,180-190,748
Mackenzie Mcdonald,178.0,26.4,<180,749
Stefanos Tsitsipas,193.0,23.1,190-200,750
Fabio Fognini,178.0,34.3,<180,751
Cristian Garin,185.0,25.3,180-190,752
Pablo Carreno Busta,188.0,30.2,180-190,753
Alexander Zverev,198.0,24.4,190-200,754
John Isner,208.0,36.4,200+,755
Taylor Fritz,196.0,23.9,190-200,756
Matteo Berrettini,196.0,25.4,190-200,757
Casper Ruud,183.0,22.7,180-190,758
Lloyd Harris,193.0,24.6,190-200,759
Daniel Evans,175.0,31.3,<180,760
Roberto Bautista Agut,183.0,33.4,180-190,761
Andrey Rublev,188.0,23.9,180-190,762
Aslan Karatsev,185.0,28.0,180-190,763
Denis Shapovalov,185.0,22.4,180-190,764
Grigor Dimitrov,191.0,30.3,190-200,765
Filip Krajinovic,185.0,29.6,180-190,766
Daniil Medvedev,198.0,25.6,190-200,767
Stefanos Tsitsipas,193.0,22.5,190-200,768
Hubert Hurkacz,196.0,24.0,190-200,769
Karen Khachanov,198.0,24.7,190-200,770
Andrey Rublev,188.0,23.3,180-190,771
Andy Murray,191.0,33.7,190-200,772
Jeremy Chardy,188.0,34.0,180-190,773
Marton Fucsovics,188.0,29.0,180-190,774
Tommy Paul,185.0,23.7,180-190,775
Kei Nishikori,178.0,31.1,<180,776
Alex De Minaur,183.0,22.0,180-190,777
Borna Coric,188.0,24.2,180-190,778
Dusan Lajovic,183.0,30.6,180-190,779
Filip Krajinovic,185.0,29.1,180-190,780
Fabio Fognini,178.0,33.8,<180,781
Pablo Carreno Busta,188.0,29.7,180-190,782
Federico Delbonis,193.0,30.5,190-200,783
Jeremy Chardy,188.0,34.1,180-190,784
Grigor Dimitrov,191.0,29.9,190-200,785
Tommy Paul,185.0,23.9,180-190,786
Salvatore Caruso,185.0,28.3,180-190,787
Alejandro Davidovich Fokina,183.0,21.8,180-190,788
Lucas Pouille,185.0,27.1,180-190,789
Cristian Garin,185.0,24.8,180-190,790
Aslan Karatsev,185.0,27.6,180-190,791
Lorenzo Sonego,191.0,25.9,190-200,792
Marco Cecchinato,185.0,28.5,180-190,793
David Goffin,180.0,30.3,<180,794
Daniel Evans,175.0,30.8,<180,795
Jannik Sinner,191.0,19.6,190-200,796
Rafael Nadal,185.0,34.8,180-190,797
Alexander Zverev,198.0,23.9,190-200,798
Novak Djokovic,188.0,33.8,180-190,799
Alex Molcan,178.0,23.6,<180,800
Dusan Lajovic,183.0,31.0,180-190,801
Juan Pablo Varillas,185.0,25.7,180-190,802
Thiago Seyboth Wild,185.0,21.3,180-190,803
Sebastian Baez,170.0,20.5,<180,804
Filip Krajinovic,185.0,29.3,180-190,805
Philipp Kohlschreiber,178.0,37.7,<180,806
Dominik Koepfer,180.0,27.2,<180,807
Pablo Carreno Busta,188.0,30.0,180-190,808
Stefanos Tsitsipas,193.0,22.9,190-200,809
Jannik Sinner,191.0,19.7,190-200,810
Stefano Travaglia,185.0,29.3,180-190,811
Pablo Carreno Busta,188.0,29.8,180-190,812
Kei Nishikori,178.0,31.3,<180,813
Hugo Dellien,180.0,27.8,<180,814
Reilly Opelka,211.0,23.6,200+,815
Lorenzo Musetti,185.0,19.1,180-190,816
David Goffin,180.0,30.4,<180,817
Felix Auger Aliassime,193.0,20.7,190-200,818
Cristian Garin,185.0,24.9,180-190,819
Roberto Bautista Agut,183.0,33.0,180-190,820
Gianluca Mager,188.0,26.4,180-190,821
John Millman,183.0,31.9,180-190,822
Matteo Berrettini,196.0,25.0,190-200,823
Alejandro Davidovich Fokina,183.0,21.9,180-190,824
Cameron Norrie,188.0,25.7,180-190,825
Taylor Fritz,196.0,23.5,190-200,826
Rafael Nadal,185.0,34.9,180-190,827
Andrey Rublev,188.0,23.5,180-190,828
Dominic Thiem,185.0,27.6,180-190,829
Stefanos Tsitsipas,193.0,22.7,190-200,830
Novak Djokovic,188.0,33.9,180-190,831
Andreas Seppi,190.0,37.4,180-190,832
Elias Ymer,185.0,25.3,180-190,833
Daniel Elahi Galan,191.0,25.1,190-200,834
Steve Johnson,188.0,31.6,180-190,835
Ricardas Berankis,175.0,31.1,<180,836
Vasek Pospisil,193.0,31.1,190-200,837
Emil Ruusuvuori,188.0,22.3,180-190,838
Brandon Nakashima,188.0,19.9,180-190,839
Mackenzie Mcdonald,178.0,26.2,<180,840
Ilya Ivashka,193.0,27.4,190-200,841
Marcos Giron,180.0,28.0,<180,842
Kei Nishikori,178.0,31.5,<180,843
Tennys Sandgren,188.0,30.0,180-190,844
Jack Sock,191.0,28.8,190-200,845
Felix Auger Aliassime,193.0,20.9,190-200,846
John Millman,183.0,32.1,180-190,847
Reilly Opelka,211.0,23.9,200+,848
Sebastian Korda,196.0,21.0,190-200,849
Jannik Sinner,191.0,19.9,190-200,850
Cameron Norrie,188.0,25.9,180-190,851
Lloyd Harris,193.0,24.4,190-200,852
Rafael Nadal,185.0,35.1,180-190,853
Tommy Paul,185.0,24.2,180-190,854
Benoit Paire,196.0,32.2,190-200,855
Ugo Humbert,188.0,23.1,180-190,856
Karen Khachanov,198.0,25.2,190-200,857
Dusan Lajovic,183.0,31.1,180-190,858
Marin Cilic,198.0,32.8,190-200,859
Frances Tiafoe,188.0,23.5,180-190,860
John Isner,208.0,36.2,200+,861
Fabio Fognini,178.0,34.2,<180,862
Kei Nishikori,178.0,31.6,<180,863
Nikoloz Basilashvili,185.0,29.4,180-190,864
James Duckworth,183.0,29.5,180-190,865
Alexander Bublik,196.0,24.1,190-200,866
Roberto Bautista Agut,183.0,33.3,180-190,867
Diego Schwartzman,170.0,28.9,<180,868
Casper Ruud,183.0,22.6,180-190,869
Gael Monfils,193.0,34.9,190-200,870
Andrey Rublev,188.0,23.8,180-190,871
Daniil Medvedev,198.0,25.4,190-200,872
Hubert Hurkacz,196.0,24.4,190-200,873
Sebastian Korda,196.0,21.1,190-200,874
Lorenzo Sonego,191.0,26.2,190-200,875
Felix Auger Aliassime,193.0,21.0,190-200,876
Albert Ramos,188.0,33.5,180-190,877
Guido Pella,183.0,31.2,180-190,878
John Isner,208.0,36.3,200+,879
Jannik Sinner,191.0,20.0,190-200,880
Alex De Minaur,183.0,22.4,180-190,881
Andy Murray,191.0,34.2,190-200,882
Hubert Hurkacz,196.0,24.5,190-200,883
Grigor Dimitrov,191.0,30.2,190-200,884
Mackenzie Mcdonald,178.0,26.3,<180,885
Stefanos Tsitsipas,193.0,23.0,190-200,886
Matteo Berrettini,196.0,25.3,190-200,887
Alexander Zverev,198.0,24.3,190-200,888
Daniil Medvedev,198.0,25.5,190-200,889
Jaume Munar,183.0,23.9,180-190,890
Alexander Bublik,196.0,23.8,190-200,891
Federico Gaio,178.0,29.1,<180,892
Albert Ramos,188.0,33.2,180-190,893
Egor Gerasimov,196.0,28.4,190-200,894
Pablo Andujar,180.0,35.2,<180,895
Bernabe Zapata Miralles,183.0,24.2,180-190,896
Corentin Moutet,180.0,22.0,<180,897
Frances Tiafoe,188.0,23.2,180-190,898
Cameron Norrie,188.0,25.6,180-190,899
Alex De Minaur,183.0,22.1,180-190,900
Diego Schwartzman,170.0,28.6,<180,901
Botic Van De Zandschulp,191.0,26.0,190-200,902
Andrea Vavassori,193.0,26.5,190-200,903
Jozef Kovalik,183.0,29.0,180-190,904
Arthur Rinderknech,196.0,26.2,190-200,905
Frances Tiafoe,188.0,23.8,180-190,906
Pedro Martinez,185.0,24.5,180-190,907
Alejandro Davidovich Fokina,183.0,22.4,180-190,908
Denis Shapovalov,185.0,22.5,180-190,909
Daniel Evans,175.0,31.4,<180,910
Egor Gerasimov,196.0,28.9,190-200,911
Mackenzie Mcdonald,178.0,26.5,<180,912
Gilles Simon,183.0,36.8,180-190,913
Illya Marchenko,185.0,34.1,180-190,914
Ricardas Berankis,175.0,31.3,<180,915
Federico Coria,180.0,29.6,<180,916
Aslan Karatsev,185.0,28.1,180-190,917
Bernabe Zapata Miralles,183.0,24.5,180-190,918
Alessandro Giannessi,185.0,31.1,180-190,919
Damir Dzumhur,175.0,29.1,<180,920
Carlos Alcaraz,183.0,18.2,180-190,921
Andrej Martin,183.0,31.8,180-190,922
Radu Albot,175.0,31.6,<180,923
Stefano Travaglia,185.0,29.5,180-190,924
Duje Ajdukovic,188.0,20.4,180-190,925
Richard Gasquet,183.0,35.0,180-190,926
Daniel Evans,175.0,30.7,<180,927
Nikoloz Basilashvili,185.0,29.0,180-190,928
Malek Jaziri,185.0,37.1,180-190,929
Vasek Pospisil,193.0,30.7,190-200,930
Richard Gasquet,183.0,34.7,180-190,931
Roger Federer,185.0,39.5,180-190,932
Denis Shapovalov,185.0,21.8,180-190,933
Dominic Thiem,185.0,27.5,180-190,934
Bernabe Zapata Miralles,183.0,24.1,180-190,935
Jan Lennard Struff,193.0,30.8,190-200,936
Filip Krajinovic,185.0,29.0,180-190,937
Lucas Pouille,185.0,27.0,180-190,938
Pierre Hugues Herbert,188.0,29.9,180-190,939
Jo-Wilfried Tsonga,188.0,35.8,180-190,940
Arthur Rinderknech,196.0,25.6,190-200,941
Matthew Ebden,188.0,33.2,180-190,942
Mackenzie Mcdonald,178.0,25.8,<180,943
Egor Gerasimov,196.0,28.3,190-200,944
Daniil Medvedev,198.0,25.0,190-200,945
Thiago Monteiro,183.0,26.5,180-190,946
Sebastian Korda,196.0,20.5,190-200,947
Tommy Paul,185.0,23.6,180-190,948
Cameron Norrie,188.0,25.3,180-190,949
Bjorn Fratangelo,183.0,27.4,180-190,950
Frances Tiafoe,188.0,22.9,180-190,951
Ivo Karlovic,208.0,41.8,200+,952
Roberto Quiroz,193.0,28.8,190-200,953
Daniel Elahi Galan,191.0,24.5,190-200,954
Sam Querrey,198.0,33.2,190-200,955
Gianluca Mager,188.0,26.0,180-190,956
Christian Harrison,180.0,26.6,<180,957
John Isner,208.0,35.6,200+,958
Hubert Hurkacz,196.0,23.8,190-200,959
Arthur Rinderknech,196.0,25.8,190-200,960
Nikoloz Basilashvili,185.0,29.3,180-190,961
Lukas Lacko,185.0,33.6,180-190,962
Lloyd Harris,193.0,24.3,190-200,963
Andrey Rublev,188.0,23.6,180-190,964
Philipp Kohlschreiber,178.0,37.6,<180,965
Corentin Moutet,180.0,22.1,<180,966
Sebastian Korda,196.0,20.9,190-200,967
Kei Nishikori,178.0,31.4,<180,968
Alexander Zverev,198.0,24.1,190-200,969
Roger Federer,185.0,39.8,180-190,970
Marcos Giron,180.0,27.8,<180,971
Jan Lennard Struff,193.0,31.1,190-200,972
Sumit Nagal,178.0,23.5,<180,973
Dominik Koepfer,180.0,26.8,<180,974
Albert Ramos,188.0,33.1,180-190,975
Francisco Cerundolo,185.0,22.5,180-190,976
Gianluca Mager,188.0,26.2,180-190,977
Pablo Andujar,180.0,35.1,<180,978
Laslo Djere,188.0,25.7,180-190,979
Federico Delbonis,193.0,30.4,190-200,980
Thiago Monteiro,183.0,26.7,180-190,981
Jaume Munar,183.0,23.8,180-190,982
Lukas Klein,193.0,22.9,190-200,983
Pablo Andujar,180.0,35.7,<180,984
Jan Lennard Struff,193.0,31.5,190-200,985
Roberto Bautista Agut,183.0,33.5,180-190,986
Andrey Rublev,188.0,24.0,180-190,987
Jannik Sinner,191.0,20.2,190-200,988
Liam Broady,183.0,27.4,180-190,989
Vasek Pospisil,193.0,30.9,190-200,990
Alejandro Davidovich Fokina,183.0,22.0,180-190,991
Marton Fucsovics,188.0,29.3,180-190,992
Ilya Ivashka,193.0,27.3,190-200,993
Alexei Popyrin,196.0,21.8,190-200,994
Egor Gerasimov,196.0,28.6,190-200,995
Andreas Seppi,190.0,37.3,180-190,996
Max Purcell,185.0,23.2,180-190,997
Soon Woo Kwon,180.0,23.5,<180,998
Lorenzo Sonego,191.0,26.1,190-200,999
Tallon Griekspoor,188.0,24.7,180-190,1000
Casper Ruud,183.0,22.2,180-190,1001
Grigor Dimitrov,191.0,29.8,190-200,1002
Felix Auger Aliassime,193.0,20.5,190-200,1003
John Isner,208.0,35.8,200+,1004
Benoit Paire,196.0,31.9,190-200,1005
Yoshihito Nishioka,170.0,25.5,<180,1006
John Isner,208.0,36.0,200+,1007
Lloyd Harris,193.0,24.1,190-200,1008
Marcos Giron,180.0,27.7,<180,1009
Daniel Evans,175.0,30.9,<180,1010
Alexei Popyrin,196.0,21.7,190-200,1011
Carlos Alcaraz,183.0,17.9,180-190,1012
Daniil Medvedev,198.0,25.2,190-200,1013
Nikola Milojevic,188.0,25.8,180-190,1014
Taro Daniel,191.0,28.2,190-200,1015
Gianluca Mager,188.0,26.3,180-190,1016
Aljaz Bedene,181.0,31.7,180-190,1017
Miomir Kecmanovic,183.0,21.6,180-190,1018
Arthur Rinderknech,196.0,25.7,190-200,1019
Soon Woo Kwon,180.0,23.3,<180,1020
Novak Djokovic,188.0,34.0,180-190,1021
Pablo Cuevas,180.0,35.4,<180,1022
Ricardas Berankis,175.0,30.9,<180,1023
Yoshihito Nishioka,170.0,25.6,<180,1024
Lorenzo Musetti,185.0,19.2,180-190,1025
Federico Coria,180.0,29.2,<180,1026
Soon Woo Kwon,180.0,23.4,<180,1027
Andreas Seppi,190.0,37.2,180-190,1028
Richard Gasquet,183.0,34.9,180-190,1029
Mikael Ymer,183.0,22.7,180-190,1030
Gael Monfils,193.0,34.7,190-200,1031
Diego Schwartzman,170.0,28.7,<180,1032
Aljaz Bedene,181.0,31.8,180-190,1033
Carlos Alcaraz,183.0,18.0,180-190,1034
Facundo Bagnis,183.0,31.2,180-190,1035
Roman Safiullin,185.0,23.8,180-190,1036
Miomir Kecmanovic,183.0,21.7,180-190,1037
Karen Khachanov,198.0,25.0,190-200,1038
Henri Laaksonen,185.0,29.1,180-190,1039
Roberto Bautista Agut,183.0,33.1,180-190,1040
Kamil Majchrzak,180.0,25.3,<180,1041
Botic Van De Zandschulp,191.0,25.6,190-200,1042
Federico Delbonis,193.0,30.6,190-200,1043
Stefanos Tsitsipas,193.0,22.8,190-200,1044
Pedro Martinez,185.0,24.0,180-190,1045
Filip Krajinovic,185.0,29.2,180-190,1046
Thiago Monteiro,183.0,27.0,180-190,1047
Steve Johnson,188.0,31.4,180-190,1048
Enzo Couacaud,183.0,26.2,180-190,1049
Guido Pella,183.0,31.0,180-190,1050
Mackenzie Mcdonald,178.0,26.1,<180,1051
Cristian Garin,185.0,25.0,180-190,1052
Reilly Opelka,211.0,23.7,200+,1053
Jaume Munar,183.0,24.0,180-190,1054
Tommy Paul,185.0,24.0,180-190,1055
Daniil Medvedev,198.0,25.3,190-200,1056
Novak Djokovic,188.0,34.1,180-190,1057
Denis Kudla,180.0,28.8,<180,1058
Marc Polmans,188.0,24.1,180-190,1059
Pedro Martinez,185.0,24.1,180-190,1060
Gael Monfils,193.0,34.8,190-200,1061
Diego Schwartzman,170.0,28.8,<180,1062
Jiri Vesely,198.0,27.9,190-200,1063
Laslo Djere,188.0,26.0,180-190,1064
Frances Tiafoe,188.0,23.4,180-190,1065
Vasek Pospisil,193.0,31.0,190-200,1066
Karen Khachanov,198.0,25.1,190-200,1067
Dusan Lajovic,183.0,30.9,180-190,1068
Antoine Hoang,183.0,25.6,180-190,1069
Denis Shapovalov,185.0,22.2,180-190,1070
Pablo Andujar,180.0,35.4,<180,1071
Oscar Otte,193.0,27.9,190-200,1072
Andy Murray,191.0,34.1,190-200,1073
Dominik Koepfer,180.0,27.1,<180,1074
Miomir Kecmanovic,183.0,21.8,180-190,1075
Roberto Bautista Agut,183.0,33.2,180-190,1076
Matteo Berrettini,196.0,25.2,190-200,1077
Botic Van De Zandschulp,191.0,25.7,190-200,1078
Aljaz Bedene,181.0,31.9,180-190,1079
Yoshihito Nishioka,170.0,25.7,<180,1080
Jeremy Chardy,188.0,34.3,180-190,1081
Gianluca Mager,188.0,26.5,180-190,1082
Nick Kyrgios,193.0,26.1,190-200,1083
Taylor Fritz,196.0,23.6,190-200,1084
Steve Johnson,188.0,31.5,180-190,1085
Alex Bolt,183.0,28.4,180-190,1086
Daniel Elahi Galan,191.0,25.0,190-200,1087
James Duckworth,183.0,29.4,180-190,1088
Sam Querrey,198.0,33.7,190-200,1089
Hubert Hurkacz,196.0,24.3,190-200,1090
Marcos Giron,180.0,27.9,<180,1091
Grigor Dimitrov,191.0,30.1,190-200,1092
Benjamin Bonzi,183.0,25.0,180-190,1093
Carlos Alcaraz,183.0,18.1,180-190,1094
Novak Djokovic,188.0,34.2,180-190,1095
Tallon Griekspoor,188.0,25.1,180-190,1096
Aslan Karatsev,185.0,27.9,180-190,1097
Jordan Thompson,183.0,27.3,180-190,1098
Jenson Brooksby,188.0,20.8,180-190,1099
Taylor Fritz,196.0,23.8,190-200,1100
Andreas Seppi,190.0,37.5,180-190,1101
Denis Kudla,180.0,29.0,<180,1102
Oscar Otte,193.0,28.1,190-200,1103
Ilya Ivashka,193.0,27.5,190-200,1104
Corentin Moutet,180.0,22.3,<180,1105
Albert Ramos,188.0,33.6,180-190,1106
Jack Sock,191.0,28.9,190-200,1107
Alexander Bublik,196.0,24.2,190-200,1108
Zachary Svajda,175.0,18.7,<180,1109
Maxime Cressy,201.0,24.3,200+,1110
Lorenzo Musetti,185.0,19.4,180-190,1111
Reilly Opelka,211.0,24.0,200+,1112
Lloyd Harris,193.0,24.5,190-200,1113
Ernesto Escobedo,185.0,25.1,180-190,1114
Roberto Carballes Baena,183.0,28.4,180-190,1115
Denis Shapovalov,185.0,22.3,180-190,1116
Pedro Martinez,185.0,24.3,180-190,1117
Frances Tiafoe,188.0,23.6,180-190,1118
Emil Ruusuvuori,188.0,22.4,180-190,1119
Bernabe Zapata Miralles,183.0,24.6,180-190,1120
Cristian Garin,185.0,25.2,180-190,1121
Henri Laaksonen,185.0,29.4,180-190,1122
Carlos Alcaraz,183.0,18.3,180-190,1123
Arthur Rinderknech,196.0,26.1,190-200,1124
Adrian Mannarino,180.0,33.1,<180,1125
Botic Van De Zandschulp,191.0,25.9,190-200,1126
Facundo Bagnis,183.0,31.5,180-190,1127
Marco Trungelliti,178.0,31.5,<180,1128
Brandon Nakashima,188.0,20.0,180-190,1129
Alex Molcan,178.0,23.7,<180,1130
Kevin Anderson,203.0,35.2,200+,1131
Diego Schwartzman,170.0,29.0,<180,1132
Alexei Popyrin,196.0,22.0,190-200,1133
Daniel Evans,175.0,31.2,<180,1134
Philipp Kohlschreiber,178.0,37.8,<180,1135
Pablo Andujar,180.0,35.6,<180,1136
Dominik Koepfer,180.0,27.3,<180,1137
Novak Djokovic,188.0,33.7,180-190,1138
Frances Tiafoe,188.0,23.0,180-190,1139
Reilly Opelka,211.0,23.4,200+,1140
Taylor Fritz,196.0,23.2,190-200,1141
Stan Wawrinka,183.0,35.8,180-190,1142
Corentin Moutet,180.0,21.8,<180,1143
Milos Raonic,196.0,30.1,190-200,1144
Emil Ruusuvuori,188.0,21.8,180-190,1145
Pedro Martinez,185.0,23.7,180-190,1146
Alexander Bublik,196.0,23.6,190-200,1147
Adrian Mannarino,180.0,32.6,<180,1148
Miomir Kecmanovic,183.0,21.4,180-190,1149
Maxime Cressy,201.0,23.7,200+,1150
Alexander Zverev,198.0,23.8,190-200,1151
Dominic Thiem,185.0,27.4,180-190,1152
Dominik Koepfer,180.0,26.7,<180,1153
Nick Kyrgios,193.0,25.7,190-200,1154
Grigor Dimitrov,191.0,29.7,190-200,1155
Alex Bolt,183.0,28.0,180-190,1156
Jiri Vesely,198.0,27.5,190-200,1157
Pablo Carreno Busta,188.0,29.5,180-190,1158
Bernard Tomic,196.0,28.3,190-200,1159
James Duckworth,183.0,29.0,180-190,1160
Aslan Karatsev,185.0,27.4,180-190,1161
Alexandre Muller,183.0,24.0,180-190,1162
Diego Schwartzman,170.0,28.4,<180,1163
Thiago Monteiro,183.0,26.6,180-190,1164
Feliciano Lopez,188.0,39.3,180-190,1165
Casper Ruud,183.0,22.1,180-190,1166
Christopher Oconnell,183.0,26.6,180-190,1167
Radu Albot,175.0,31.2,<180,1168
Alexei Popyrin,196.0,21.5,190-200,1169
Lloyd Harris,193.0,23.9,190-200,1170
Filip Krajinovic,185.0,28.9,180-190,1171
Pablo Andujar,180.0,35.0,<180,1172
Roberto Carballes Baena,183.0,27.8,180-190,1173
Daniil Medvedev,198.0,24.9,190-200,1174
Stefanos Tsitsipas,193.0,22.4,190-200,1175
Thanasi Kokkinakis,193.0,24.8,190-200,1176
Carlos Alcaraz,183.0,17.7,180-190,1177
Mikael Ymer,183.0,22.4,180-190,1178
Ricardas Berankis,175.0,30.6,<180,1179
Tomas Machac,183.0,20.3,180-190,1180
Matteo Berrettini,196.0,24.8,190-200,1181
Fabio Fognini,178.0,33.7,<180,1182
Salvatore Caruso,185.0,28.1,180-190,1183
Pablo Cuevas,180.0,35.1,<180,1184
Alex De Minaur,183.0,21.9,180-190,1185
Cameron Norrie,188.0,25.4,180-190,1186
Roman Safiullin,185.0,23.5,180-190,1187
Michael Mmoh,188.0,23.0,180-190,1188
Rafael Nadal,185.0,34.6,180-190,1189
Christopher Oconnell,183.0,27.1,180-190,1190
Bjorn Fratangelo,183.0,28.0,180-190,1191
Taylor Fritz,196.0,23.7,190-200,1192
Nick Kyrgios,193.0,26.2,190-200,1193
Peter Gojowczyk,188.0,32.0,180-190,1194
Thiago Monteiro,183.0,27.2,180-190,1195
Mikael Ymer,183.0,22.9,180-190,1196
Yosuke Watanuki,180.0,23.3,<180,1197
Federico Coria,180.0,29.4,<180,1198
Gilles Simon,183.0,36.6,180-190,1199
Egor Gerasimov,196.0,28.7,190-200,1200
Lucas Pouille,185.0,27.4,180-190,1201
Gianluca Mager,188.0,26.7,180-190,1202
Soon Woo Kwon,180.0,23.7,<180,1203
Max Purcell,185.0,23.3,180-190,1204
Marton Fucsovics,188.0,29.5,180-190,1205
Pierre Hugues Herbert,188.0,30.4,180-190,1206
Richard Gasquet,183.0,35.1,180-190,1207
Jan Lennard Struff,193.0,31.3,190-200,1208
Richard Gasquet,183.0,34.8,180-190,1209
Kevin Anderson,203.0,34.9,200+,1210
Nuno Borges,185.0,24.1,180-190,1211
Marin Cilic,198.0,32.5,190-200,1212
Jeremy Chardy,188.0,34.2,180-190,1213
Pierre Hugues Herbert,188.0,30.1,180-190,1214
Ugo Humbert,188.0,22.8,180-190,1215
Miomir Kecmanovic,183.0,22.0,180-190,1216
Illya Marchenko,185.0,34.0,180-190,1217
John Millman,183.0,32.2,180-190,1218
Filip Krajinovic,185.0,29.5,180-190,1219
Laslo Djere,188.0,26.3,180-190,1220
Dimitar Kuzmanov,183.0,28.1,180-190,1221
Benoit Paire,196.0,32.3,190-200,1222
James Duckworth,183.0,29.6,180-190,1223
Egor Gerasimov,196.0,28.8,190-200,1224
Kamil Majchrzak,180.0,25.7,<180,1225
Evgeny Donskoy,185.0,31.1,180-190,1226
Emilio Gomez,185.0,29.6,180-190,1227
Alex Bolt,183.0,28.5,180-190,1228
Yasutaka Uchiyama,183.0,28.9,180-190,1229
Illya Marchenko,185.0,33.8,180-190,1230
Ernesto Escobedo,185.0,25.0,180-190,1231
Henri Laaksonen,185.0,29.5,180-190,1232
Brandon Nakashima,188.0,20.2,180-190,1233
Marton Fucsovics,188.0,29.6,180-190,1234
Sebastian Korda,196.0,20.8,190-200,1235
Karen Khachanov,198.0,24.9,190-200,1236
Sebastian Baez,170.0,20.8,<180,1237
Holger Rune,188.0,18.5,180-190,1238
Carlos Alcaraz,183.0,18.5,180-190,1239
Guido Pella,183.0,30.7,180-190,1240
Andrey Rublev,188.0,23.2,180-190,1241
Fabio Fognini,178.0,33.6,<180,1242
Nicolas Mahut,191.0,39.0,190-200,1243
John Millman,183.0,31.6,180-190,1244
Jan Lennard Struff,193.0,30.7,190-200,1245
Alexander Zverev,198.0,23.7,190-200,1246
Milos Raonic,196.0,30.0,190-200,1247
Stefano Travaglia,185.0,29.4,180-190,1248
Lukas Klein,193.0,23.2,190-200,1249
Pablo Carreno Busta,188.0,29.9,180-190,1250
Holger Rune,188.0,17.8,180-190,1251
Andrej Martin,183.0,31.4,180-190,1252
Pedro Sousa,180.0,32.7,<180,1253
Facundo Bagnis,183.0,31.0,180-190,1254
Roberto Carballes Baena,183.0,27.9,180-190,1255
Juan Manuel Cerundolo,183.0,19.3,180-190,1256
Federico Coria,180.0,28.9,<180,1257
Juan Pablo Varillas,185.0,25.4,180-190,1258
Alejandro Tabilo,188.0,23.7,180-190,1259
Cristian Garin,185.0,24.7,180-190,1260
Max Purcell,185.0,22.8,180-190,1261
Cedrik Marcel Stebe,183.0,30.3,180-190,1262
Kevin Anderson,203.0,34.7,200+,1263
Kamil Majchrzak,180.0,25.0,<180,1264
Botic Van De Zandschulp,191.0,25.3,190-200,1265
Sergiy Stakhovsky,193.0,35.0,190-200,1266
Aleksandar Vukic,188.0,24.8,180-190,1267
Dane Sweeny,170.0,19.9,<180,1268
Aljaz Bedene,181.0,31.5,180-190,1269
Tennys Sandgren,188.0,29.5,180-190,1270
Soon Woo Kwon,180.0,23.1,<180,1271
Stefano Travaglia,185.0,29.0,180-190,1272
Sam Querrey,198.0,33.3,190-200,1273
Pablo Cuevas,180.0,35.0,<180,1274
Robin Haase,191.0,33.8,190-200,1275
Mikael Torpegaard,193.0,26.7,190-200,1276
Mario Vilella Martinez,178.0,25.5,<180,1277
Pierre Hugues Herbert,188.0,29.8,180-190,1278
Jordan Thompson,183.0,26.7,180-190,1279
Matthew Ebden,188.0,33.1,180-190,1280
Jannik Sinner,191.0,19.4,190-200,1281
Hubert Hurkacz,196.0,23.9,190-200,1282
Nicolas Jarry,201.0,25.3,200+,1283
Juan Manuel Cerundolo,183.0,19.2,180-190,1284
Federico Delbonis,193.0,30.3,190-200,1285
Facundo Bagnis,183.0,30.9,180-190,1286
Jozef Kovalik,183.0,28.3,180-190,1287
Tomas Martin Etcheverry,196.0,21.6,190-200,1288
Marco Cecchinato,185.0,28.3,180-190,1289
Benoit Paire,196.0,31.7,190-200,1290
Soon Woo Kwon,180.0,23.8,<180,1291
Lorenzo Musetti,185.0,19.5,180-190,1292
Jaume Munar,183.0,24.3,180-190,1293
Timofey Skatov,175.0,20.6,<180,1294
David Goffin,180.0,30.0,<180,1295
Nicola Kuhn,185.0,20.7,180-190,1296
Emil Ruusuvuori,188.0,21.7,180-190,1297
Alex De Minaur,183.0,21.8,180-190,1298
Adrian Andreev,175.0,19.6,<180,1299
Altug Celikbilek,183.0,24.3,180-190,1300
Nikoloz Basilashvili,185.0,28.8,180-190,1301
Jan Lennard Struff,193.0,30.6,190-200,1302
Hugo Grenier,196.0,24.7,190-200,1303
Jeremy Chardy,188.0,33.8,180-190,1304
Alexander Bublik,196.0,23.5,190-200,1305
Tristan Lamasine,183.0,27.8,180-190,1306
Dimitar Kuzmanov,183.0,27.4,180-190,1307
Matteo Berrettini,196.0,24.7,190-200,1308
Andrew Harris,183.0,26.9,180-190,1309
Alexei Popyrin,196.0,21.4,190-200,1310
Albert Ramos,188.0,33.0,180-190,1311
Corentin Moutet,180.0,21.7,<180,1312
Yuichi Sugita,173.0,32.3,<180,1313
Marton Fucsovics,188.0,28.9,180-190,1314
Jason Kubler,178.0,27.7,<180,1315
Pedro Sousa,180.0,32.6,<180,1316
Marcos Giron,180.0,27.5,<180,1317
Adrian Mannarino,180.0,32.5,<180,1318
Harry Bourchier,185.0,25.0,180-190,1319
Gilles Simon,183.0,36.0,180-190,1320
Jeremy Chardy,188.0,33.9,180-190,1321
Mackenzie Mcdonald,178.0,25.7,<180,1322
Mikhail Kukushkin,183.0,33.1,180-190,1323
Felix Auger Aliassime,193.0,20.4,190-200,1324
Daniel Evans,175.0,30.6,<180,1325
Adrian Andreev,175.0,19.7,<180,1326
Taro Daniel,191.0,28.0,190-200,1327
Yasutaka Uchiyama,183.0,28.5,180-190,1328
Soon Woo Kwon,180.0,23.2,<180,1329
Yoshihito Nishioka,170.0,25.4,<180,1330
Altug Celikbilek,183.0,24.4,180-190,1331
Yannick Hanfmann,193.0,29.2,190-200,1332
Roberto Marcora,193.0,31.4,190-200,1333
Feliciano Lopez,188.0,39.5,180-190,1334
Norbert Gombos,193.0,30.6,190-200,1335
Facundo Bagnis,183.0,31.1,180-190,1336
Mario Vilella Martinez,178.0,25.7,<180,1337
Andrej Martin,183.0,31.5,180-190,1338
Gilles Simon,183.0,36.2,180-190,1339
Liam Broady,183.0,27.2,180-190,1340
Jozef Kovalik,183.0,28.4,180-190,1341
Taylor Fritz,196.0,23.4,190-200,1342
Jiri Vesely,198.0,27.8,190-200,1343
Flavio Cobolli,183.0,19.0,180-190,1344
Roberto Carballes Baena,183.0,28.1,180-190,1345
Thiago Monteiro,183.0,26.9,180-190,1346
Fernando Verdasco,188.0,37.5,180-190,1347
Pedja Krstin,183.0,26.7,180-190,1348
Alex Molcan,178.0,23.4,<180,1349
Dusan Lajovic,183.0,30.8,180-190,1350
Andrej Martin,183.0,31.6,180-190,1351
Mats Moraing,198.0,28.9,190-200,1352
Sebastian Korda,196.0,21.2,190-200,1353
Cameron Norrie,188.0,26.0,180-190,1354
Feliciano Lopez,188.0,40.1,180-190,1355
Mikhail Kukushkin,183.0,33.9,180-190,1356
Alexander Bublik,196.0,24.4,190-200,1357
Elias Ymer,185.0,25.6,180-190,1358
Mikael Ymer,183.0,23.2,180-190,1359
Tomas Machac,183.0,21.1,180-190,1360
Daniel Evans,175.0,31.5,<180,1361
Cameron Norrie,188.0,26.2,180-190,1362
Zsombor Piros,180.0,22.1,<180,1363
Alex De Minaur,183.0,22.7,180-190,1364
Borna Gojo,196.0,23.7,190-200,1365
Marin Cilic,198.0,33.1,190-200,1366
Nino Serdarusic,191.0,24.9,190-200,1367
Lorenzo Sonego,191.0,26.5,190-200,1368
Daniel Elahi Galan,191.0,25.4,190-200,1369
Jurij Rodionov,191.0,22.5,190-200,1370
Novak Djokovic,188.0,34.5,180-190,1371
Andrey Rublev,188.0,24.1,180-190,1372
Viktor Durasovic,185.0,24.6,180-190,1373
Casper Ruud,183.0,22.9,180-190,1374
Federico Coria,180.0,29.5,<180,1375
Hugo Dellien,180.0,28.2,<180,1376
Murkel Alejandro Dellien Velasco,193.0,23.9,190-200,1377
Michael Geerts,178.0,26.6,<180,1378
Ruben Bemelmans,183.0,33.6,180-190,1379
Damir Dzumhur,175.0,29.3,<180,1380
Juan Pablo Varillas,185.0,25.9,180-190,1381
Nicolas Alvarez,185.0,25.2,180-190,1382
Orlando Luz,180.0,23.5,<180,1383
Felipe Meligeni Alves,185.0,23.5,180-190,1384
Matheus Pucinelli De Almeida,183.0,20.4,180-190,1385
Norbert Gombos,193.0,31.0,190-200,1386
Otto Virtanen,193.0,20.2,190-200,1387
Prajnesh Gunneswaran,188.0,31.8,180-190,1388
Illya Marchenko,185.0,33.4,180-190,1389
Edan Leshem,183.0,23.9,180-190,1390
Sergiy Stakhovsky,193.0,35.1,190-200,1391
Yosuke Watanuki,180.0,22.8,<180,1392
Kaichi Uchida,180.0,26.5,<180,1393
Yuta Shimizu,163.0,21.7,<180,1394
Ji Sung Nam,183.0,28.0,180-190,1395
Robin Haase,191.0,34.4,190-200,1396
Joao Sousa,185.0,32.4,180-190,1397
Marius Copil,191.0,30.9,190-200,1398
Viktor Durasovic,185.0,24.4,180-190,1399
Malek Jaziri,185.0,37.8,180-190,1400
Aziz Dougaz,188.0,24.6,180-190,1401
Aziz Ouakaa,185.0,22.2,180-190,1402
Darian King,188.0,29.3,180-190,1403
Justin Barki,178.0,21.3,<180,1404
Nick Hardt,185.0,20.9,180-190,1405
Aziz Dougaz,188.0,24.4,180-190,1406
Roberto Cid,193.0,28.0,190-200,1407
Ricardas Berankis,175.0,31.2,<180,1408
Laurynas Grigelis,183.0,30.0,180-190,1409
Alexandros Skorilas,185.0,21.4,180-190,1410
Ruan Roelofse,188.0,31.8,180-190,1411
Tom Kocevar Desman,180.0,31.1,<180,1412
Bor Artnak,193.0,17.2,190-200,1413
Hernando Jose Escurra Isnardi,183.0,23.7,180-190,1414
Dominic Stricker,183.0,19.0,180-190,1415
Jerome Kym,198.0,18.5,190-200,1416
Christian Sigsgaard,188.0,24.5,180-190,1417
August Holmgren,188.0,23.3,180-190,1418
Kasidit Samrej,191.0,20.6,190-200,1419
Altug Celikbilek,183.0,25.0,180-190,1420
Cem Ilkel,185.0,26.0,180-190,1421
Ergi Kirkin,180.0,22.6,<180,1422
Felix Auger Aliassime,193.0,21.4,190-200,1423
Denis Shapovalov,185.0,22.7,180-190,1424
Roberto Bautista Agut,183.0,33.7,180-190,1425
Pablo Carreno Busta,188.0,30.4,180-190,1426
Daniil Medvedev,198.0,25.8,190-200,1427
Casper Ruud,183.0,23.0,180-190,1428
Filip Krajinovic,185.0,29.8,180-190,1429
Cristian Garin,185.0,25.5,180-190,1430
Alejandro Tabilo,188.0,24.5,180-190,1431
Jannik Sinner,191.0,20.3,190-200,1432
Ugo Humbert,188.0,23.5,180-190,1433
Roman Safiullin,185.0,24.4,180-190,1434
Matteo Berrettini,196.0,25.7,190-200,1435
Alex De Minaur,183.0,22.8,180-190,1436
Arthur Rinderknech,196.0,26.4,190-200,1437
Alexander Zverev,198.0,24.7,190-200,1438
Daniel Evans,175.0,31.6,<180,1439
Jan Lennard Struff,193.0,31.6,190-200,1440
Taylor Fritz,196.0,24.1,190-200,1441
John Isner,208.0,36.6,200+,1442
Hubert Hurkacz,196.0,24.8,190-200,1443
Kamil Majchrzak,180.0,25.9,<180,1444
Diego Schwartzman,170.0,29.3,<180,1445
Federico Delbonis,193.0,31.2,190-200,1446
Stefanos Tsitsipas,193.0,23.3,190-200,1447
Michail Pervolarakis,193.0,25.5,190-200,1448
Gael Monfils,193.0,35.3,190-200,1449
Karen Khachanov,198.0,25.6,190-200,1450
Thanasi Kokkinakis,193.0,25.7,190-200,1451
Marin Cilic,198.0,33.2,190-200,1452
Tommy Paul,185.0,24.6,180-190,1453
Mikael Ymer,183.0,23.3,180-190,1454
Laslo Djere,188.0,26.5,180-190,1455
Egor Gerasimov,196.0,29.1,190-200,1456
Juan Manuel Cerundolo,183.0,20.1,180-190,1457
Taro Daniel,191.0,28.9,190-200,1458
Soon Woo Kwon,180.0,24.0,<180,1459
Corentin Moutet,180.0,22.7,<180,1460
Thiago Monteiro,183.0,27.5,180-190,1461
Gianluca Mager,188.0,27.0,180-190,1462
Steve Johnson,188.0,32.0,180-190,1463
Rafael Nadal,185.0,35.5,180-190,1464
Maxime Cressy,201.0,24.6,200+,1465
Emil Ruusuvuori,188.0,22.7,180-190,1466
Grigor Dimitrov,191.0,30.6,190-200,1467
Tallon Griekspoor,188.0,25.5,180-190,1468
Alex Molcan,178.0,24.0,<180,1469
Botic Van De Zandschulp,191.0,26.2,190-200,1470
Jaume Munar,183.0,24.6,180-190,1471
Ricardas Berankis,175.0,31.5,<180,1472
Alexei Popyrin,196.0,22.4,190-200,1473
Jordan Thompson,183.0,27.7,180-190,1474
Mackenzie Mcdonald,178.0,26.7,<180,1475
Facundo Bagnis,183.0,31.8,180-190,1476
Henri Laaksonen,185.0,29.7,180-190,1477
Thiago Monteiro,183.0,27.6,180-190,1478
Aleksandar Vukic,188.0,25.7,180-190,1479
Marton Fucsovics,188.0,29.9,180-190,1480
Gianluca Mager,188.0,27.1,180-190,1481
Soon Woo Kwon,180.0,24.1,<180,1482
Benjamin Bonzi,183.0,25.5,180-190,1483
Aslan Karatsev,185.0,28.3,180-190,1484
Andy Murray,191.0,34.6,190-200,1485
Reilly Opelka,211.0,24.3,200+,1486
Lorenzo Sonego,191.0,26.6,190-200,1487
Brandon Nakashima,188.0,20.4,180-190,1488
David Goffin,180.0,31.0,<180,1489
Miomir Kecmanovic,183.0,22.3,180-190,1490
Sebastian Baez,170.0,21.0,<180,1491
Pedro Martinez,185.0,24.7,180-190,1492
Dusan Lajovic,183.0,31.5,180-190,1493
Fabio Fognini,178.0,34.6,<180,1494
Denis Kudla,180.0,29.3,<180,1495
Oscar Otte,193.0,28.5,190-200,1496
Alexander Bublik,196.0,24.5,190-200,1497
Cristian Garin,185.0,25.6,180-190,1498
Sebastian Korda,196.0,21.5,190-200,1499
Pablo Carreno Busta,188.0,30.5,180-190,1500
Carlos Alcaraz,183.0,18.7,180-190,1501
Stefan Kozlov,183.0,23.9,180-190,1502
John Millman,183.0,32.5,180-190,1503
Radu Albot,175.0,32.1,<180,1504
Dominik Koepfer,180.0,27.7,<180,1505
Hubert Hurkacz,196.0,24.9,190-200,1506
Adrian Mannarino,180.0,33.5,<180,1507
Benjamin Bonzi,183.0,25.6,180-190,1508
Yannick Hanfmann,193.0,30.1,190-200,1509
Rafael Nadal,185.0,35.6,180-190,1510
Alex Molcan,178.0,24.1,<180,1511
Pablo Andujar,180.0,35.9,<180,1512
Kamil Majchrzak,180.0,26.0,<180,1513
Alex De Minaur,183.0,22.9,180-190,1514
Jannik Sinner,191.0,20.4,190-200,1515
Philipp Kohlschreiber,178.0,38.2,<180,1516
Frances Tiafoe,188.0,23.9,180-190,1517
Taylor Fritz,196.0,24.2,190-200,1518
Benoit Paire,196.0,32.6,190-200,1519
Stefanos Tsitsipas,193.0,23.4,190-200,1520
Andrey Rublev,188.0,24.2,180-190,1521
Norbert Gombos,193.0,31.4,190-200,1522
Marin Cilic,198.0,33.3,190-200,1523
Alejandro Davidovich Fokina,183.0,22.6,180-190,1524
Diego Schwartzman,170.0,29.4,<180,1525
Christopher Oconnell,183.0,27.6,180-190,1526
Tomas Machac,183.0,21.2,180-190,1527
Richard Gasquet,183.0,35.5,180-190,1528
Nick Kyrgios,193.0,26.7,190-200,1529
Daniil Medvedev,198.0,25.9,190-200,1530
Albert Ramos,188.0,34.0,180-190,1531
Alejandro Tabilo,188.0,24.6,180-190,1532
Juan Ignacio Londero,180.0,28.4,<180,1533
Daniel Elahi Galan,191.0,25.6,190-200,1534
Lorenzo Sonego,191.0,26.7,190-200,1535
Nikola Milojevic,188.0,26.6,180-190,1536
Juan Pablo Ficovich,191.0,25.0,190-200,1537
Jaume Munar,183.0,24.7,180-190,1538
Carlos Taberner,183.0,24.4,180-190,1539
Juan Pablo Varillas,185.0,26.3,180-190,1540
Roberto Carballes Baena,183.0,28.8,180-190,1541
Tomas Martin Etcheverry,196.0,22.5,190-200,1542
Alexander Bublik,196.0,24.6,190-200,1543
Filip Krajinovic,185.0,29.9,180-190,1544
Richard Gasquet,183.0,35.6,180-190,1545
Damir Dzumhur,175.0,29.7,<180,1546
David Goffin,180.0,31.1,<180,1547
Jo-Wilfried Tsonga,188.0,36.7,180-190,1548
Pierre Hugues Herbert,188.0,30.8,180-190,1549
Gilles Simon,183.0,37.0,180-190,1550
Joao Sousa,185.0,32.8,180-190,1551
Emil Ruusuvuori,188.0,22.8,180-190,1552
Elias Ymer,185.0,25.8,180-190,1553
Stefano Travaglia,185.0,30.0,180-190,1554
Daniel Altmaier,188.0,23.3,180-190,1555
Jiri Vesely,198.0,28.5,190-200,1556
Lorenzo Musetti,185.0,19.9,180-190,1557
Yuki Bhambri,185.0,29.5,180-190,1558
Radu Albot,175.0,32.2,<180,1559
Vit Kopriva,178.0,24.6,<180,1560
Bernabe Zapata Miralles,183.0,25.0,180-190,1561
Quentin Halys,191.0,25.2,190-200,1562
Aleksandar Vukic,188.0,25.8,180-190,1563
Casper Ruud,183.0,23.1,180-190,1564
Federico Delbonis,193.0,31.3,190-200,1565
Federico Coria,180.0,29.9,<180,1566
Fabio Fognini,178.0,34.7,<180,1567
Fernando Verdasco,188.0,38.2,180-190,1568
Francisco Cerundolo,185.0,23.4,180-190,1569
Dusan Lajovic,183.0,31.6,180-190,1570
Pablo Andujar,180.0,36.0,<180,1571
Sebastian Baez,170.0,21.1,<180,1572
Miomir Kecmanovic,183.0,22.4,180-190,1573
Felix Auger Aliassime,193.0,21.5,190-200,1574
Jiri Lehecka,185.0,20.2,180-190,1575
Andrey Rublev,188.0,24.3,180-190,1576
Cameron Norrie,188.0,26.4,180-190,1577
Ilya Ivashka,193.0,27.9,190-200,1578
Mackenzie Mcdonald,178.0,26.8,<180,1579
Botic Van De Zandschulp,191.0,26.3,190-200,1580
Karen Khachanov,198.0,25.7,190-200,1581
Andy Murray,191.0,34.7,190-200,1582
Tallon Griekspoor,188.0,25.6,180-190,1583
Reilly Opelka,211.0,24.4,200+,1584
Jenson Brooksby,188.0,21.2,180-190,1585
Marcos Giron,180.0,28.5,<180,1586
John Isner,208.0,36.7,200+,1587
Jordan Thompson,183.0,27.8,180-190,1588
Vasek Pospisil,193.0,31.6,190-200,1589
Adrian Mannarino,180.0,33.6,<180,1590
Jack Sock,191.0,29.3,190-200,1591
Liam Broady,183.0,28.0,180-190,1592
Andreas Seppi,190.0,37.9,180-190,1593
Brandon Nakashima,188.0,20.5,180-190,1594
Jurij Rodionov,191.0,22.7,190-200,1595
Kevin Anderson,203.0,35.7,200+,1596
Yoshihito Nishioka,170.0,26.3,<180,1597
Cedrik Marcel Stebe,183.0,31.3,180-190,1598
Tommy Paul,185.0,24.7,180-190,1599
John Millman,183.0,32.6,180-190,1600
Sebastian Korda,196.0,21.6,190-200,1601
Stefan Kozlov,183.0,24.0,180-190,1602
Grigor Dimitrov,191.0,30.7,190-200,1603
Denis Istomin,185.0,35.4,180-190,1604
Steve Johnson,188.0,32.1,180-190,1605
Mitchell Krueger,188.0,28.0,180-190,1606
Roberto Bautista Agut,183.0,33.8,180-190,1607
Nikoloz Basilashvili,185.0,29.9,180-190,1608
Arthur Rinderknech,196.0,26.5,190-200,1609
Denis Shapovalov,185.0,22.8,180-190,1610
Marton Fucsovics,188.0,30.0,180-190,1611
Alex Molcan,178.0,24.2,<180,1612
Soon Woo Kwon,180.0,24.2,<180,1613
Daniel Evans,175.0,31.7,<180,1614
Francisco Cerundolo,185.0,23.5,180-190,1615
Matteo Berrettini,196.0,25.8,190-200,1616
Thiago Monteiro,183.0,27.7,180-190,1617
Pedro Martinez,185.0,24.8,180-190,1618
Roman Safiullin,185.0,24.5,180-190,1619
Stefanos Tsitsipas,193.0,23.5,190-200,1620
Aslan Karatsev,185.0,28.4,180-190,1621
Lucas Pouille,185.0,27.9,180-190,1622
Hugo Gaston,173.0,21.3,<180,1623
Tomas Machac,183.0,21.3,180-190,1624
Jo-Wilfried Tsonga,188.0,36.8,180-190,1625
Stefano Travaglia,185.0,30.1,180-190,1626
Pierre Hugues Herbert,188.0,30.9,180-190,1627
Holger Rune,188.0,18.7,180-190,1628
Rafael Nadal,185.0,35.7,180-190,1629
Daniil Medvedev,198.0,26.0,190-200,1630
Yoshihito Nishioka,170.0,26.4,<180,1631
Taylor Fritz,196.0,24.3,190-200,1632
Pablo Carreno Busta,188.0,30.6,180-190,1633
J J Wolf,183.0,23.1,180-190,1634
John Isner,208.0,36.8,200+,1635
Peter Gojowczyk,188.0,32.6,180-190,1636
Alexander Zverev,198.0,24.8,190-200,1637
Jiri Vesely,198.0,28.6,190-200,1638
Hubert Hurkacz,196.0,25.0,190-200,1639
Novak Djokovic,188.0,34.7,180-190,1640
Ricardas Berankis,175.0,31.6,<180,1641
Jannik Sinner,191.0,20.5,190-200,1642
Alexei Popyrin,196.0,22.5,190-200,1643
Taro Daniel,191.0,29.0,190-200,1644
Alejandro Tabilo,188.0,24.7,180-190,1645
Yannick Hanfmann,193.0,30.2,190-200,1646
Facundo Bagnis,183.0,31.9,180-190,1647
Matheus Pucinelli De Almeida,183.0,20.8,180-190,1648
Thiago Seyboth Wild,185.0,21.9,180-190,1649
Juan Ignacio Londero,180.0,28.5,<180,1650
Hugo Dellien,180.0,28.6,<180,1651
Carlos Taberner,183.0,24.5,180-190,1652
Carlos Alcaraz,183.0,18.8,180-190,1653
Cameron Norrie,188.0,26.5,180-190,1654
Miomir Kecmanovic,183.0,22.5,180-190,1655
Grigor Dimitrov,191.0,30.8,190-200,1656
Gael Monfils,193.0,35.5,190-200,1657
Jenson Brooksby,188.0,21.3,180-190,1658
Reilly Opelka,211.0,24.5,200+,1659
Nick Kyrgios,193.0,26.8,190-200,1660
Matteo Berrettini,196.0,25.9,190-200,1661
Alex De Minaur,183.0,23.0,180-190,1662
Benjamin Bonzi,183.0,25.7,180-190,1663
Casper Ruud,183.0,23.2,180-190,1664
Lloyd Harris,193.0,25.0,190-200,1665
Botic Van De Zandschulp,191.0,26.4,190-200,1666
Jaume Munar,183.0,24.8,180-190,1667
Tommy Paul,185.0,24.8,180-190,1668
Frances Tiafoe,188.0,24.1,180-190,1669
Diego Schwartzman,170.0,29.5,<180,1670
Alexander Bublik,196.0,24.7,190-200,1671
Filip Krajinovic,185.0,30.0,180-190,1672
J J Wolf,183.0,23.2,180-190,1673
Jack Sock,191.0,29.4,190-200,1674
Lorenzo Musetti,185.0,20.0,180-190,1675
Alejandro Davidovich Fokina,183.0,22.7,180-190,1676
Laslo Djere,188.0,26.7,180-190,1677
Christopher Eubanks,201.0,25.8,200+,1678
Holger Rune,188.0,18.8,180-190,1679
Facundo Bagnis,183.0,32.0,180-190,1680
Kamil Majchrzak,180.0,26.1,<180,1681
John Millman,183.0,32.7,180-190,1682
Dominik Koepfer,180.0,27.8,<180,1683
Oscar Otte,193.0,28.6,190-200,1684
Emil Ruusuvuori,188.0,22.9,180-190,1685
Sam Querrey,198.0,34.4,190-200,1686
Andy Murray,191.0,34.8,190-200,1687
Hubert Hurkacz,196.0,25.1,190-200,1688
Francisco Cerundolo,185.0,23.6,180-190,1689
Daniil Medvedev,198.0,26.1,190-200,1690
Alexander Zverev,198.0,24.9,190-200,1691
Stefanos Tsitsipas,193.0,23.6,190-200,1692
Thanasi Kokkinakis,193.0,25.9,190-200,1693
Pedro Martinez,185.0,24.9,180-190,1694
Roberto Bautista Agut,183.0,33.9,180-190,1695
Aslan Karatsev,185.0,28.5,180-190,1696
Marin Cilic,198.0,33.4,190-200,1697
Sebastian Korda,196.0,21.7,190-200,1698
Fabio Fognini,178.0,34.8,<180,1699
Juan Manuel Cerundolo,183.0,20.3,180-190,1700
Hugo Gaston,173.0,21.4,<180,1701
Denis Kudla,180.0,29.5,<180,1702
Mackenzie Mcdonald,178.0,26.9,<180,1703
Ugo Humbert,188.0,23.7,180-190,1704
Arthur Rinderknech,196.0,26.6,190-200,1705
Jordan Thompson,183.0,27.9,180-190,1706
Alexei Popyrin,196.0,22.6,190-200,1707
Marton Fucsovics,188.0,30.1,180-190,1708
Mikhail Kukushkin,183.0,34.2,180-190,1709
Taro Daniel,191.0,29.1,190-200,1710
David Goffin,180.0,31.2,<180,1711
Brandon Nakashima,188.0,20.6,180-190,1712
Henri Laaksonen,185.0,29.9,180-190,1713
Daniel Elahi Galan,191.0,25.7,190-200,1714
Jack Draper,193.0,20.2,190-200,1715
Borna Coric,188.0,25.3,180-190,1716
John Isner,208.0,36.9,200+,1717
Cristian Garin,185.0,25.8,180-190,1718
Michael Mmoh,188.0,24.2,180-190,1719
Nick Kyrgios,193.0,26.9,190-200,1720
Gijs Brouwer,191.0,26.0,190-200,1721
Frances Tiafoe,188.0,24.2,180-190,1722
Taylor Fritz,196.0,24.4,190-200,1723
Mitchell Krueger,188.0,28.2,180-190,1724
Pablo Cuevas,180.0,36.2,<180,1725
Steve Johnson,188.0,32.2,180-190,1726
Alejandro Tabilo,188.0,24.8,180-190,1727
David Goffin,180.0,31.3,<180,1728
Alex Molcan,178.0,24.3,<180,1729
Laslo Djere,188.0,26.8,180-190,1730
Federico Coria,180.0,30.0,<180,1731
Richard Gasquet,183.0,35.7,180-190,1732
Roberto Carballes Baena,183.0,29.0,180-190,1733
Felix Auger Aliassime,193.0,21.6,190-200,1734
Vit Kopriva,178.0,24.8,<180,1735
Carlos Taberner,183.0,24.6,180-190,1736
Malek Jaziri,185.0,38.2,180-190,1737
Mirza Basic,188.0,30.7,180-190,1738
Pavel Kotov,191.0,23.3,190-200,1739
Joao Sousa,185.0,33.0,180-190,1740
Pablo Andujar,180.0,36.1,<180,1741
Alejandro Davidovich Fokina,183.0,22.8,180-190,1742
Grigor Dimitrov,191.0,30.9,190-200,1743
Diego Schwartzman,170.0,29.6,<180,1744
Jannik Sinner,191.0,20.6,190-200,1745
Casper Ruud,183.0,23.3,180-190,1746
Albert Ramos,188.0,34.2,180-190,1747
Lorenzo Musetti,185.0,20.1,180-190,1748
Andrey Rublev,188.0,24.4,180-190,1749
Pablo Carreno Busta,188.0,30.7,180-190,1750
Daniel Evans,175.0,31.8,<180,1751
Marin Cilic,198.0,33.5,190-200,1752
Holger Rune,188.0,18.9,180-190,1753
Dusan Lajovic,183.0,31.7,180-190,1754
Lorenzo Sonego,191.0,26.9,190-200,1755
Alex De Minaur,183.0,23.1,180-190,1756
Emil Ruusuvuori,188.0,23.0,180-190,1757
Alexander Bublik,196.0,24.8,190-200,1758
Federico Delbonis,193.0,31.5,190-200,1759
Carlos Alcaraz,183.0,18.9,180-190,1760
Cameron Norrie,188.0,26.6,180-190,1761
Jaume Munar,183.0,24.9,180-190,1762
Lloyd Harris,193.0,25.1,190-200,1763
Ilya Ivashka,193.0,28.1,190-200,1764
Federico Coria,180.0,30.1,<180,1765
Soon Woo Kwon,180.0,24.3,<180,1766
Egor Gerasimov,196.0,29.4,190-200,1767
Ugo Humbert,188.0,23.8,180-190,1768
Mackenzie Mcdonald,178.0,27.0,<180,1769
Hugo Dellien,180.0,28.8,<180,1770
Bernabe Zapata Miralles,183.0,25.2,180-190,1771
Elias Ymer,185.0,26.0,180-190,1772
Brandon Nakashima,188.0,20.7,180-190,1773
Novak Djokovic,188.0,34.9,180-190,1774
Karen Khachanov,198.0,25.9,190-200,1775
Fabio Fognini,178.0,34.9,<180,1776
Miomir Kecmanovic,183.0,22.6,180-190,1777
Thiago Monteiro,183.0,27.8,180-190,1778
Oscar Otte,193.0,28.7,190-200,1779
Taro Daniel,191.0,29.2,190-200,1780
John Millman,183.0,32.8,180-190,1781
Roman Safiullin,185.0,24.6,180-190,1782
Filip Krajinovic,185.0,30.1,180-190,1783
Aljaz Bedene,181.0,32.7,180-190,1784
Jiri Lehecka,185.0,20.4,180-190,1785
Sebastian Baez,170.0,21.3,<180,1786
Sebastian Korda,196.0,21.8,190-200,1787
Felix Auger Aliassime,193.0,21.7,190-200,1788
Richard Gasquet,183.0,35.8,180-190,1789
Fernando Verdasco,188.0,38.4,180-190,1790
Carlos Taberner,183.0,24.7,180-190,1791
Benjamin Bonzi,183.0,25.8,180-190,1792
Nuno Borges,185.0,25.1,180-190,1793
Pablo Cuevas,180.0,36.3,<180,1794
Botic Van De Zandschulp,191.0,26.5,190-200,1795
Nikoloz Basilashvili,185.0,30.1,180-190,1796
Maxime Cressy,201.0,24.9,200+,1797
Hugo Gaston,173.0,21.5,<180,1798
Daniel Altmaier,188.0,23.6,180-190,1799
Alexander Zverev,198.0,25.0,190-200,1800
Stefanos Tsitsipas,193.0,23.7,190-200,1801
Hubert Hurkacz,196.0,25.2,190-200,1802
Rafael Nadal,185.0,35.9,180-190,1803
Andrey Rublev,188.0,24.5,180-190,1804
Andy Murray,191.0,34.9,190-200,1805
Dusan Lajovic,183.0,31.8,180-190,1806
David Goffin,180.0,31.4,<180,1807
Daniel Evans,175.0,31.9,<180,1808
Jannik Sinner,191.0,20.7,190-200,1809
Gael Monfils,193.0,35.6,190-200,1810
Denis Shapovalov,185.0,23.0,180-190,1811
Alejandro Davidovich Fokina,183.0,22.9,180-190,1812
John Isner,208.0,37.0,200+,1813
Jack Draper,193.0,20.3,190-200,1814
Roberto Bautista Agut,183.0,34.0,180-190,1815
Diego Schwartzman,170.0,29.7,<180,1816
Lucas Pouille,185.0,28.1,180-190,1817
Cristian Garin,185.0,25.9,180-190,1818
Alex De Minaur,183.0,23.2,180-190,1819
Stan Wawrinka,183.0,37.1,180-190,1820
Marcos Giron,180.0,28.7,<180,1821
Jenson Brooksby,188.0,21.5,180-190,1822
Marin Cilic,198.0,33.6,190-200,1823
Aslan Karatsev,185.0,28.6,180-190,1824
Laslo Djere,188.0,26.9,180-190,1825
Nikoloz Basilashvili,185.0,30.2,180-190,1826
Pablo Carreno Busta,188.0,30.8,180-190,1827
Cameron Norrie,188.0,26.7,180-190,1828
Tommy Paul,185.0,24.9,180-190,1829
Joao Sousa,185.0,33.1,180-190,1830
Richard Gasquet,183.0,35.9,180-190,1831
Reilly Opelka,211.0,24.7,200+,1832
Kamil Majchrzak,180.0,26.3,<180,1833
Ilya Ivashka,193.0,28.2,190-200,1834
Tallon Griekspoor,188.0,25.8,180-190,1835
Thanasi Kokkinakis,193.0,26.0,190-200,1836
Marco Cecchinato,185.0,29.6,180-190,1837
Johan Nikles,173.0,25.1,<180,1838
Christopher Oconnell,183.0,27.9,180-190,1839
Federico Delbonis,193.0,31.6,190-200,1840
Benoit Paire,196.0,33.0,190-200,1841
Alex Molcan,178.0,24.4,<180,1842
Holger Rune,188.0,19.0,180-190,1843
Manuel Guinard,198.0,26.4,190-200,1844
Yosuke Watanuki,180.0,24.0,<180,1845
Francisco Cerundolo,185.0,23.7,180-190,1846
Oscar Otte,193.0,28.8,190-200,1847
Adrian Mannarino,180.0,33.8,<180,1848
Soon Woo Kwon,180.0,24.4,<180,1849
Novak Djokovic,188.0,35.0,180-190,1850
Aljaz Bedene,181.0,32.8,180-190,1851
Grigor Dimitrov,191.0,31.0,190-200,1852
Borna Coric,188.0,25.5,180-190,1853
Jaume Munar,183.0,25.0,180-190,1854
Camilo Ugo Carabelli,185.0,22.9,180-190,1855
Borna Gojo,196.0,24.2,190-200,1856
Filip Krajinovic,185.0,30.2,180-190,1857
Botic Van De Zandschulp,191.0,26.6,190-200,1858
Corentin Moutet,180.0,23.0,<180,1859
Brandon Nakashima,188.0,20.8,180-190,1860
Gregoire Barrere,183.0,28.2,180-190,1861
Bernabe Zapata Miralles,183.0,25.3,180-190,1862
Taylor Fritz,196.0,24.5,190-200,1863
Jason Kubler,178.0,29.0,<180,1864
Hugo Dellien,180.0,28.9,<180,1865
Karen Khachanov,198.0,26.0,190-200,1866
Albert Ramos,188.0,34.3,180-190,1867
Carlos Alcaraz,183.0,19.0,180-190,1868
Casper Ruud,183.0,23.4,180-190,1869
Emil Ruusuvuori,188.0,23.1,180-190,1870
Lorenzo Sonego,191.0,27.0,190-200,1871
Frances Tiafoe,188.0,24.3,180-190,1872
Henri Laaksonen,185.0,30.1,180-190,1873
Pedro Cachin,185.0,27.1,180-190,1874
Hugo Gaston,173.0,21.6,<180,1875
Daniel Evans,175.0,32.0,<180,1876
Mikael Ymer,183.0,23.7,180-190,1877
Zdenek Kolar,183.0,25.6,180-190,1878
Mackenzie Mcdonald,178.0,27.1,<180,1879
Roberto Carballes Baena,183.0,29.1,180-190,1880
Gilles Simon,183.0,37.4,180-190,1881
Steve Johnson,188.0,32.4,180-190,1882
Marton Fucsovics,188.0,30.2,180-190,1883
Miomir Kecmanovic,183.0,22.7,180-190,1884
Alexander Bublik,196.0,24.9,190-200,1885
Daniil Medvedev,198.0,26.2,190-200,1886
Tim Van Rijthoven,188.0,25.1,180-190,1887
Daniil Medvedev,198.0,26.3,190-200,1888
Adrian Mannarino,180.0,33.9,<180,1889
Felix Auger Aliassime,193.0,21.8,190-200,1890
Sam Querrey,198.0,34.6,190-200,1891
Jenson Brooksby,188.0,21.6,180-190,1892
Tallon Griekspoor,188.0,25.9,180-190,1893
Matteo Berrettini,196.0,26.1,190-200,1894
Andy Murray,191.0,35.0,190-200,1895
Nick Kyrgios,193.0,27.1,190-200,1896
Stefanos Tsitsipas,193.0,23.8,190-200,1897
Marton Fucsovics,188.0,30.3,180-190,1898
Benjamin Bonzi,183.0,25.9,180-190,1899
Dominic Stricker,183.0,19.8,180-190,1900
Arthur Rinderknech,196.0,26.8,190-200,1901
Jan Lennard Struff,193.0,32.1,190-200,1902
Radu Albot,175.0,32.5,<180,1903
Hubert Hurkacz,196.0,25.3,190-200,1904
Oscar Otte,193.0,28.9,190-200,1905
Roberto Bautista Agut,183.0,34.1,180-190,1906
Pablo Carreno Busta,188.0,30.9,180-190,1907
Nikoloz Basilashvili,185.0,30.3,180-190,1908
Laslo Djere,188.0,27.0,180-190,1909
Ugo Humbert,188.0,23.9,180-190,1910
Sebastian Korda,196.0,21.9,190-200,1911
Marin Cilic,198.0,33.7,190-200,1912
Ryan Peniston,180.0,26.5,<180,1913
Alejandro Davidovich Fokina,183.0,23.0,180-190,1914
Tommy Paul,185.0,25.0,180-190,1915
Francisco Cerundolo,185.0,23.8,180-190,1916
Jack Draper,193.0,20.4,190-200,1917
Alex De Minaur,183.0,23.3,180-190,1918
Stan Wawrinka,183.0,37.2,180-190,1919
Denis Kudla,180.0,29.8,<180,1920
Antoine Bellier,196.0,25.6,190-200,1921
Benjamin Bonzi,183.0,26.0,180-190,1922
Daniel Altmaier,188.0,23.7,180-190,1923
Marcos Giron,180.0,28.9,<180,1924
Aslan Karatsev,185.0,28.7,180-190,1925
Alex Molcan,178.0,24.5,<180,1926
Sebastian Baez,170.0,21.4,<180,1927
Ilya Ivashka,193.0,28.3,190-200,1928
Maxime Cressy,201.0,25.1,200+,1929
Taylor Fritz,196.0,24.6,190-200,1930
Cameron Norrie,188.0,26.8,180-190,1931
Ryan Peniston,180.0,26.6,<180,1932
Alexander Bublik,196.0,25.0,190-200,1933
Pedro Martinez,185.0,25.1,180-190,1934
John Millman,183.0,33.0,180-190,1935
Thiago Monteiro,183.0,28.0,180-190,1936
Lorenzo Sonego,191.0,27.1,190-200,1937
Thanasi Kokkinakis,193.0,26.2,190-200,1938
Alejandro Tabilo,188.0,25.0,180-190,1939
Miomir Kecmanovic,183.0,22.8,180-190,1940
Quentin Halys,191.0,25.6,190-200,1941
Reilly Opelka,211.0,24.8,200+,1942
Jannik Sinner,191.0,20.8,190-200,1943
Andy Murray,191.0,35.1,190-200,1944
John Isner,208.0,37.1,200+,1945
Christian Harrison,180.0,28.0,<180,1946
Carlos Alcaraz,183.0,19.1,180-190,1947
Casper Ruud,183.0,23.5,180-190,1948
Ugo Humbert,188.0,24.0,180-190,1949
David Goffin,180.0,31.5,<180,1950
Frances Tiafoe,188.0,24.4,180-190,1951
Maximilian Marterer,188.0,27.0,180-190,1952
Dusan Lajovic,183.0,31.9,180-190,1953
Jaume Munar,183.0,25.1,180-190,1954
Steve Johnson,188.0,32.5,180-190,1955
Tommy Paul,185.0,25.1,180-190,1956
Jiri Vesely,198.0,28.9,190-200,1957
Cristian Garin,185.0,26.0,180-190,1958
Hugo Grenier,196.0,26.2,190-200,1959
Jack Draper,193.0,20.5,190-200,1960
Liam Broady,183.0,28.4,180-190,1961
Diego Schwartzman,170.0,29.8,<180,1962
Denis Shapovalov,185.0,23.2,180-190,1963
Daniel Elahi Galan,191.0,26.0,190-200,1964
Roberto Bautista Agut,183.0,34.2,180-190,1965
Filip Krajinovic,185.0,30.3,180-190,1966
Jordan Thompson,183.0,28.1,180-190,1967
Jack Sock,191.0,29.7,190-200,1968
Dennis Novak,183.0,28.8,180-190,1969
Jason Kubler,178.0,29.1,<180,1970
Alastair Gray,193.0,24.0,190-200,1971
Richard Gasquet,183.0,36.0,180-190,1972
Emil Ruusuvuori,188.0,23.2,180-190,1973
Botic Van De Zandschulp,191.0,26.7,190-200,1974
Hugo Gaston,173.0,21.7,<180,1975
Ricardas Berankis,175.0,32.0,<180,1976
Rafael Nadal,185.0,36.0,180-190,1977
Francisco Cerundolo,185.0,23.9,180-190,1978
Sebastian Baez,170.0,21.5,<180,1979
Andrey Rublev,188.0,24.7,180-190,1980
Aslan Karatsev,185.0,28.8,180-190,1981
Diego Schwartzman,170.0,29.9,<180,1982
Dominic Thiem,185.0,28.8,180-190,1983
Laslo Djere,188.0,27.1,180-190,1984
Elias Ymer,185.0,26.2,180-190,1985
Albert Ramos,188.0,34.4,180-190,1986
Marc Andrea Huesler,196.0,26.0,190-200,1987
Federico Coria,180.0,30.3,<180,1988
John Isner,208.0,37.2,200+,1989
James Duckworth,183.0,30.4,180-190,1990
Quentin Halys,191.0,25.7,190-200,1991
Max Purcell,185.0,24.2,180-190,1992
Jiri Vesely,198.0,29.0,190-200,1993
Mitchell Krueger,188.0,28.4,180-190,1994
Christopher Eubanks,201.0,26.1,200+,1995
Peter Gojowczyk,188.0,32.9,180-190,1996
Lorenzo Musetti,185.0,20.3,180-190,1997
Carlos Alcaraz,183.0,19.2,180-190,1998
Alex Molcan,178.0,24.6,<180,1999
Karen Khachanov,198.0,26.1,190-200,2000
Borna Coric,188.0,25.6,180-190,2001
Alejandro Davidovich Fokina,183.0,23.1,180-190,2002
Fabio Fognini,178.0,35.1,<180,2003
Pablo Carreno Busta,188.0,31.0,180-190,2004
Tallon Griekspoor,188.0,26.0,180-190,2005
Jozef Kovalik,183.0,29.7,180-190,2006
Matteo Berrettini,196.0,26.2,190-200,2007
Jaume Munar,183.0,25.2,180-190,2008
Nicolas Jarry,201.0,26.7,200+,2009
Juan Pablo Varillas,185.0,26.7,180-190,2010
Pedro Martinez,185.0,25.2,180-190,2011
Jiri Lehecka,185.0,20.6,180-190,2012
Alexander Ritschard,193.0,28.3,190-200,2013
Dominic Stricker,183.0,19.9,180-190,2014
Yannick Hanfmann,193.0,30.6,190-200,2015
Federico Delbonis,193.0,31.7,190-200,2016
Alex De Minaur,183.0,23.4,180-190,2017
Jenson Brooksby,188.0,21.7,180-190,2018
Ilya Ivashka,193.0,28.4,190-200,2019
Frances Tiafoe,188.0,24.5,180-190,2020
Adrian Mannarino,180.0,34.0,<180,2021
Brandon Nakashima,188.0,20.9,180-190,2022
Soon Woo Kwon,180.0,24.6,<180,2023
James Duckworth,183.0,30.5,180-190,2024
Andres Martin,183.0,21.0,180-190,2025
John Millman,183.0,33.1,180-190,2026
Taro Daniel,191.0,29.4,190-200,2027
Mackenzie Mcdonald,178.0,27.2,<180,2028
Ben Shelton,193.0,19.7,190-200,2029
Filip Misolic,180.0,20.9,<180,2030
Albert Ramos,188.0,34.5,180-190,2031
Jiri Lehecka,185.0,20.7,180-190,2032
Dusan Lajovic,183.0,32.0,180-190,2033
Juan Pablo Varillas,185.0,26.8,180-190,2034
Jurij Rodionov,191.0,23.1,190-200,2035
Joao Sousa,185.0,33.3,180-190,2036
Pablo Andujar,180.0,36.5,<180,2037
Sebastian Ofner,191.0,26.2,190-200,2038
Jannik Sinner,191.0,20.9,190-200,2039
Giulio Zeppieri,183.0,20.6,180-190,2040
Franco Agamenone,191.0,29.2,190-200,2041
Facundo Bagnis,183.0,32.4,180-190,2042
Bernabe Zapata Miralles,183.0,25.5,180-190,2043
Marco Cecchinato,185.0,29.8,180-190,2044
Roberto Carballes Baena,183.0,29.3,180-190,2045
Norbert Gombos,193.0,31.9,190-200,2046
Corentin Moutet,180.0,23.2,<180,2047
Daniil Medvedev,198.0,26.4,190-200,2048
Cameron Norrie,188.0,26.9,180-190,2049
Miomir Kecmanovic,183.0,22.9,180-190,2050
Felix Auger Aliassime,193.0,21.9,190-200,2051
Ricardas Berankis,175.0,32.1,<180,2052
Radu Albot,175.0,32.7,<180,2053
Steve Johnson,188.0,32.6,180-190,2054
Rinky Hijikata,178.0,21.4,<180,2055
Jordan Thompson,183.0,28.2,180-190,2056
Max Purcell,185.0,24.3,180-190,2057
Jason Kubler,178.0,29.2,<180,2058
Chun Hsin Tseng,175.0,20.9,<180,2059
Thanasi Kokkinakis,193.0,26.3,190-200,2060
Juan Alejandro Hernandez Serrano,175.0,23.1,<180,2061
Nick Kyrgios,193.0,27.2,190-200,2062
Yoshihito Nishioka,170.0,26.8,<180,2063
Mikael Ymer,183.0,23.8,180-190,2064
J J Wolf,183.0,23.6,180-190,2065
Daniel Evans,175.0,32.1,<180,2066
Sebastian Korda,196.0,22.0,190-200,2067
Maxime Cressy,201.0,25.2,200+,2068
Holger Rune,188.0,19.2,180-190,2069
Taylor Fritz,196.0,24.7,190-200,2070
Botic Van De Zandschulp,191.0,26.8,190-200,2071
Reilly Opelka,211.0,24.9,200+,2072
Grigor Dimitrov,191.0,31.2,190-200,2073
Emil Ruusuvuori,188.0,23.3,180-190,2074
Jack Draper,193.0,20.6,190-200,2075
Jack Sock,191.0,29.8,190-200,2076
Benoit Paire,196.0,33.2,190-200,2077
Alexei Popyrin,196.0,22.9,190-200,2078
Kyle Edmund,188.0,27.5,180-190,2079
Dominik Koepfer,180.0,28.2,<180,2080
Borna Gojo,196.0,24.4,190-200,2081
Christopher Eubanks,201.0,26.2,200+,2082
Denis Kudla,180.0,29.9,<180,2083
Hubert Hurkacz,196.0,25.4,190-200,2084
Casper Ruud,183.0,23.6,180-190,2085
Daniel Evans,175.0,32.2,<180,2086
Tommy Paul,185.0,25.2,180-190,2087
Roberto Bautista Agut,183.0,34.3,180-190,2088
Gael Monfils,193.0,35.9,190-200,2089
Marin Cilic,198.0,33.8,190-200,2090
Adrian Mannarino,180.0,34.1,<180,2091
Karen Khachanov,198.0,26.2,190-200,2092
Borna Coric,188.0,25.7,180-190,2093
Stefanos Tsitsipas,193.0,24.0,190-200,2094
Daniil Medvedev,198.0,26.5,190-200,2095
John Isner,208.0,37.3,200+,2096
Felix Auger Aliassime,193.0,22.0,190-200,2097
Denis Shapovalov,185.0,23.3,180-190,2098
Andrey Rublev,188.0,24.8,180-190,2099
Sebastian Korda,196.0,22.1,190-200,2100
Ben Shelton,193.0,19.8,190-200,2101
Nick Kyrgios,193.0,27.3,190-200,2102
Fabio Fognini,178.0,35.2,<180,2103
Filip Krajinovic,185.0,30.4,180-190,2104
Aslan Karatsev,185.0,28.9,180-190,2105
Andy Murray,191.0,35.2,190-200,2106
Mackenzie Mcdonald,178.0,27.3,<180,2107
Marcos Giron,180.0,29.0,<180,2108
Laslo Djere,188.0,27.2,180-190,2109
Marc Andrea Huesler,196.0,26.1,190-200,2110
Richard Gasquet,183.0,36.1,180-190,2111
Benjamin Bonzi,183.0,26.2,180-190,2112
Dominic Thiem,185.0,28.9,180-190,2113
Lorenzo Sonego,191.0,27.2,190-200,2114
Thiago Monteiro,183.0,28.2,180-190,2115
Peter Gojowczyk,188.0,33.1,180-190,2116
Mikael Ymer,183.0,23.9,180-190,2117
Soon Woo Kwon,180.0,24.7,<180,2118
Alejandro Tabilo,188.0,25.2,180-190,2119
Kyle Edmund,188.0,27.6,180-190,2120
Chun Hsin Tseng,175.0,21.0,<180,2121
Tallon Griekspoor,188.0,26.1,180-190,2122
Arthur Rinderknech,196.0,27.1,190-200,2123
Nuno Borges,185.0,25.5,180-190,2124
Yibing Wu,183.0,22.8,180-190,2125
Pablo Carreno Busta,188.0,31.1,180-190,2126
Alexander Bublik,196.0,25.1,190-200,2127
Cristian Garin,185.0,26.2,180-190,2128
Alex De Minaur,183.0,23.5,180-190,2129
Daniel Elahi Galan,191.0,26.1,190-200,2130
Jordan Thompson,183.0,28.3,180-190,2131
Alejandro Davidovich Fokina,183.0,23.2,180-190,2132
Marton Fucsovics,188.0,30.5,180-190,2133
Emilio Nava,185.0,20.7,180-190,2134
Hugo Grenier,196.0,26.4,190-200,2135
Matteo Berrettini,196.0,26.3,190-200,2136
Brandon Holt,185.0,24.3,180-190,2137
Pedro Cachin,185.0,27.3,180-190,2138
Corentin Moutet,180.0,23.3,<180,2139
Botic Van De Zandschulp,191.0,26.9,190-200,2140
Tim Van Rijthoven,188.0,25.3,180-190,2141
Hubert Hurkacz,196.0,25.5,190-200,2142
Ilya Ivashka,193.0,28.5,190-200,2143
Gijs Brouwer,191.0,26.4,190-200,2144
Lorenzo Musetti,185.0,20.4,180-190,2145
Brandon Nakashima,188.0,21.0,180-190,2146
Christopher Eubanks,201.0,26.3,200+,2147
Jannik Sinner,191.0,21.0,190-200,2148
Marin Cilic,198.0,33.9,190-200,2149
Albert Ramos,188.0,34.6,180-190,2150
James Duckworth,183.0,30.6,180-190,2151
Jenson Brooksby,188.0,21.8,180-190,2152
Federico Coria,180.0,30.4,<180,2153
Carlos Alcaraz,183.0,19.3,180-190,2154
Cameron Norrie,188.0,27.0,180-190,2155
Joao Sousa,185.0,33.4,180-190,2156
Holger Rune,188.0,19.3,180-190,2157
Roberto Carballes Baena,183.0,29.4,180-190,2158
Diego Schwartzman,170.0,30.0,<180,2159
Alexei Popyrin,196.0,23.0,190-200,2160
Frances Tiafoe,188.0,24.6,180-190,2161
Rafael Nadal,185.0,36.2,180-190,2162
Brandon Nakashima,188.0,21.1,180-190,2163
Marcos Giron,180.0,29.1,<180,2164
Daniel Evans,175.0,32.3,<180,2165
Christopher Oconnell,183.0,28.2,180-190,2166
Constant Lestienne,180.0,30.3,<180,2167
Daniel Elahi Galan,191.0,26.2,190-200,2168
Taro Daniel,191.0,29.6,190-200,2169
Tomas Martin Etcheverry,196.0,23.1,190-200,2170
Mitchell Krueger,188.0,28.6,180-190,2171
Denis Kudla,180.0,30.0,<180,2172
J J Wolf,183.0,23.7,180-190,2173
Mackenzie Mcdonald,178.0,27.4,<180,2174
Lorenzo Sonego,191.0,27.3,190-200,2175
Alexander Bublik,196.0,25.2,190-200,2176
Stan Wawrinka,183.0,37.4,180-190,2177
Hubert Hurkacz,196.0,25.6,190-200,2178
Mikael Ymer,183.0,24.0,180-190,2179
Sebastian Korda,196.0,22.2,190-200,2180
Gregoire Barrere,183.0,28.5,180-190,2181
Emil Ruusuvuori,188.0,23.4,180-190,2182
Gilles Simon,183.0,37.7,180-190,2183
Nikoloz Basilashvili,185.0,30.5,180-190,2184
Dominic Thiem,185.0,29.0,180-190,2185
Yoshihito Nishioka,170.0,26.9,<180,2186
Denis Shapovalov,185.0,23.4,180-190,2187
Aleksandar Kovacevic,183.0,24.0,180-190,2188
Casper Ruud,183.0,23.7,180-190,2189
Radu Albot,175.0,32.8,<180,2190
Jenson Brooksby,188.0,21.9,180-190,2191
Nicolas Jarry,201.0,26.9,200+,2192
Chun Hsin Tseng,175.0,21.1,<180,2193
Steve Johnson,188.0,32.7,180-190,2194
Jaume Munar,183.0,25.3,180-190,2195
Soon Woo Kwon,180.0,24.8,<180,2196
Kaichi Uchida,180.0,28.0,<180,2197
Marc Andrea Huesler,196.0,26.2,190-200,2198
Holger Rune,188.0,19.4,180-190,2199
Jannik Sinner,191.0,21.1,190-200,2200
Lorenzo Musetti,185.0,20.5,180-190,2201
Aleksandar Vukic,188.0,26.4,180-190,2202
Jan Lennard Struff,193.0,32.4,190-200,2203
Kamil Majchrzak,180.0,26.7,<180,2204
Fernando Verdasco,188.0,38.8,180-190,2205
Ugo Humbert,188.0,24.2,180-190,2206
Alexandar Lazarov,191.0,24.8,190-200,2207
Oscar Otte,193.0,29.1,190-200,2208
Novak Djokovic,188.0,35.3,180-190,2209
Roman Safiullin,185.0,25.1,180-190,2210
Vasek Pospisil,193.0,32.2,190-200,2211
Maxime Cressy,201.0,25.3,200+,2212
Liam Broady,183.0,28.7,180-190,2213
Pablo Andujar,180.0,36.6,<180,2214
Edan Leshem,183.0,25.5,180-190,2215
Stefanos Tsitsipas,193.0,24.1,190-200,2216
Andrey Rublev,188.0,24.9,180-190,2217
Daniil Medvedev,198.0,26.6,190-200,2218
Adrian Mannarino,180.0,34.2,<180,2219
Karen Khachanov,198.0,26.3,190-200,2220
Roberto Bautista Agut,183.0,34.4,180-190,2221
David Goffin,180.0,31.8,<180,2222
Zhizhen Zhang,193.0,25.9,190-200,2223
Luca Nardi,185.0,19.1,180-190,2224
Marin Cilic,198.0,34.0,190-200,2225
Pavel Kotov,191.0,23.8,190-200,2226
Emil Ruusuvuori,188.0,23.5,180-190,2227
Taylor Fritz,196.0,24.9,190-200,2228
Frances Tiafoe,188.0,24.7,180-190,2229
Pedro Martinez,185.0,25.4,180-190,2230
Miomir Kecmanovic,183.0,23.0,180-190,2231
Nick Kyrgios,193.0,27.4,190-200,2232
Borna Coric,188.0,25.8,180-190,2233
Jaume Munar,183.0,25.4,180-190,2234
Bernabe Zapata Miralles,183.0,25.7,180-190,2235
Hiroki Moriya,168.0,31.9,<180,2236
Rio Noguchi,168.0,23.7,<180,2237
Felix Auger Aliassime,193.0,22.1,190-200,2238
J J Wolf,183.0,23.8,180-190,2239
Lorenzo Musetti,185.0,20.6,180-190,2240
Alexander Bublik,196.0,25.3,190-200,2241
Roberto Carballes Baena,183.0,29.5,180-190,2242
Oscar Otte,193.0,29.2,190-200,2243
Altug Celikbilek,183.0,26.0,180-190,2244
Francesco Passaro,180.0,21.7,<180,2245
Corentin Moutet,180.0,23.4,<180,2246
Aslan Karatsev,185.0,29.0,180-190,2247
Dominic Thiem,185.0,29.1,180-190,2248
Arthur Rinderknech,196.0,27.2,190-200,2249
Tommy Paul,185.0,25.3,180-190,2250
Francisco Cerundolo,185.0,24.1,180-190,2251
Andy Murray,191.0,35.4,190-200,2252
Pablo Carreno Busta,188.0,31.2,180-190,2253
Ilya Ivashka,193.0,28.6,190-200,2254
Nicolas Alvarez Varona,188.0,21.3,180-190,2255
Manuel Guinard,198.0,26.9,190-200,2256
Marcos Giron,180.0,29.2,<180,2257
Pedro Cachin,185.0,27.4,180-190,2258
Thiago Monteiro,183.0,28.3,180-190,2259
Matteo Berrettini,196.0,26.5,190-200,2260
Miomir Kecmanovic,183.0,23.1,180-190,2261
Mackenzie Mcdonald,178.0,27.5,<180,2262
Daniel Elahi Galan,191.0,26.3,190-200,2263
Zhizhen Zhang,193.0,26.0,190-200,2264
Taro Daniel,191.0,29.7,190-200,2265
Fabio Fognini,178.0,35.4,<180,2266
Laslo Djere,188.0,27.3,180-190,2267
Nuno Borges,185.0,25.6,180-190,2268
Sebastian Baez,170.0,21.8,<180,2269
Pedro Cachin,185.0,27.5,180-190,2270
Alex De Minaur,183.0,23.6,180-190,2271
Mikael Ymer,183.0,24.1,180-190,2272
Denis Shapovalov,185.0,23.5,180-190,2273
Cameron Norrie,188.0,27.1,180-190,2274
Maxime Cressy,201.0,25.4,200+,2275
Tommy Paul,185.0,25.4,180-190,2276
Elias Ymer,185.0,26.5,180-190,2277
Jiri Lehecka,185.0,20.9,180-190,2278
Antoine Bellier,196.0,25.9,190-200,2279
Cristian Garin,185.0,26.3,180-190,2280
Aslan Karatsev,185.0,29.1,180-190,2281
Richard Gasquet,183.0,36.3,180-190,2282
Yoshihito Nishioka,170.0,27.0,<180,2283
Daniel Evans,175.0,32.4,<180,2284
Jack Draper,193.0,20.8,190-200,2285
Dominic Stricker,183.0,20.1,180-190,2286
Constant Lestienne,180.0,30.4,<180,2287
Felix Auger Aliassime,193.0,22.2,190-200,2288
Carlos Alcaraz,183.0,19.4,180-190,2289
Roberto Bautista Agut,183.0,34.5,180-190,2290
Stan Wawrinka,183.0,37.5,180-190,2291
Botic Van De Zandschulp,191.0,27.0,190-200,2292
Albert Ramos,188.0,34.7,180-190,2293
Ugo Humbert,188.0,24.3,180-190,2294
Alex Molcan,178.0,24.8,<180,2295
Brandon Nakashima,188.0,21.2,180-190,2296
Grigor Dimitrov,191.0,31.4,190-200,2297
Borna Coric,188.0,25.9,180-190,2298
Andrey Rublev,188.0,25.0,180-190,2299
Karen Khachanov,198.0,26.4,190-200,2300
Holger Rune,188.0,19.5,180-190,2301
Novak Djokovic,188.0,35.4,180-190,2302
Stefanos Tsitsipas,193.0,24.2,190-200,2303
Alex De Minaur,183.0,23.7,180-190,2304
Gilles Simon,183.0,37.8,180-190,2305
Casper Ruud,183.0,23.8,180-190,2306
Corentin Moutet,180.0,23.5,<180,2307
Pablo Carreno Busta,188.0,31.3,180-190,2308
Hubert Hurkacz,196.0,25.7,190-200,2309
John Isner,208.0,37.5,200+,2310
Taylor Fritz,196.0,25.0,190-200,2311
Marc Andrea Huesler,196.0,26.3,190-200,2312
Nikoloz Basilashvili,185.0,30.6,180-190,2313
Francesco Passaro,180.0,21.8,<180,2314
Dominic Stricker,183.0,20.2,180-190,2315
Rafael Nadal,185.0,36.4,180-190,2316
Thanasi Kokkinakis,193.0,25.8,190-200,2317
Zizou Bergs,185.0,22.7,180-190,2318
Robin Haase,191.0,34.8,190-200,2319
Filip Horansky,175.0,29.1,<180,2320
Yosuke Watanuki,180.0,23.8,<180,2321
Nicolas Jarry,201.0,26.3,200+,2322
Diego Fernandez Flores,185.0,21.3,180-190,2323
Ramkumar Ramanathan,188.0,27.3,180-190,2324
Yuki Bhambri,185.0,29.6,180-190,2325
Aisam Ul Haq Qureshi,183.0,41.9,180-190,2326
Sanjar Fayziev,188.0,27.5,180-190,2327
Altug Celikbilek,183.0,25.4,180-190,2328
Cem Ilkel,185.0,26.5,180-190,2329
Mohamed Safwat,180.0,31.4,<180,2330
Petros Chrysochos,185.0,25.8,180-190,2331
Amr Elsayed Abdou Ahmed Mohamed,185.0,22.9,180-190,2332
Blaise Bicknell,191.0,20.2,190-200,2333
Petros Tsitsipas,185.0,21.5,180-190,2334
Coleman Wong,191.0,17.7,190-200,2335
Taylor Fritz,196.0,25.1,190-200,2336
Frances Tiafoe,188.0,24.9,180-190,2337
Stefanos Tsitsipas,193.0,24.3,190-200,2338
Lorenzo Musetti,185.0,20.8,180-190,2339
Borna Gojo,196.0,24.8,190-200,2340
Matteo Berrettini,196.0,26.7,190-200,2341
Cameron Norrie,188.0,27.3,180-190,2342
Stefanos Sakellaridis,196.0,18.3,190-200,2343
Dimitar Kuzmanov,183.0,29.4,180-190,2344
Grigor Dimitrov,191.0,31.6,190-200,2345
Hubert Hurkacz,196.0,25.8,190-200,2346
Marc Andrea Huesler,196.0,26.5,190-200,2347
Timofey Skatov,175.0,21.9,<180,2348
Stan Wawrinka,183.0,37.7,180-190,2349
Jiri Lehecka,185.0,21.1,180-190,2350
Oscar Otte,193.0,29.4,190-200,2351
Alex De Minaur,183.0,23.8,180-190,2352
Jason Kubler,178.0,29.6,<180,2353
Daniel Evans,175.0,32.6,<180,2354
Casper Ruud,183.0,24.0,180-190,2355
Felipe Meligeni Alves,185.0,24.8,180-190,2356
Borna Coric,188.0,26.1,180-190,2357
Arthur Rinderknech,196.0,27.4,190-200,2358
Adrian Mannarino,180.0,34.5,<180,2359
Novak Djokovic,188.0,35.6,180-190,2360
Sebastian Korda,196.0,22.4,190-200,2361
Daniil Medvedev,198.0,26.8,190-200,2362
Yoshihito Nishioka,170.0,27.2,<180,2363
Denis Shapovalov,185.0,23.7,180-190,2364
Karen Khachanov,198.0,26.6,190-200,2365
Jannik Sinner,191.0,21.3,190-200,2366
Alexei Popyrin,196.0,23.4,190-200,2367
Quentin Halys,191.0,26.1,190-200,2368
Roman Safiullin,185.0,25.4,180-190,2369
Miomir Kecmanovic,183.0,23.3,180-190,2370
Jack Draper,193.0,21.0,190-200,2371
Thanasi Kokkinakis,193.0,26.7,190-200,2372
Roberto Bautista Agut,183.0,34.7,180-190,2373
Mackenzie Mcdonald,178.0,27.7,<180,2374
Marcos Giron,180.0,29.4,<180,2375
Tallon Griekspoor,188.0,26.5,180-190,2376
Benjamin Bonzi,183.0,26.5,180-190,2377
Aslan Karatsev,185.0,29.3,180-190,2378
Botic Van De Zandschulp,191.0,27.2,190-200,2379
Marin Cilic,198.0,34.2,190-200,2380
Pedro Martinez,185.0,25.6,180-190,2381
Filip Krajinovic,185.0,30.8,180-190,2382
Maximilian Marterer,188.0,27.5,180-190,2383
Roberto Carballes Baena,183.0,29.7,180-190,2384
Marco Cecchinato,185.0,30.2,180-190,2385
Tim Van Rijthoven,188.0,25.6,180-190,2386
Michael Mmoh,188.0,24.9,180-190,2387
Laslo Djere,188.0,27.5,180-190,2388
Flavio Cobolli,183.0,20.6,180-190,2389
Richard Gasquet,183.0,36.5,180-190,2390
Constant Lestienne,180.0,30.6,<180,2391
Jenson Brooksby,188.0,22.2,180-190,2392
Laslo Djere,188.0,27.6,180-190,2393
David Goffin,180.0,32.0,<180,2394
Quentin Halys,191.0,26.2,190-200,2395
Gregoire Barrere,183.0,28.8,180-190,2396
Christopher Eubanks,201.0,26.6,200+,2397
Ben Shelton,193.0,20.2,190-200,2398
J J Wolf,183.0,24.0,180-190,2399
Soon Woo Kwon,180.0,25.1,<180,2400
Alejandro Davidovich Fokina,183.0,23.5,180-190,2401
Mikael Ymer,183.0,24.3,180-190,2402
Robin Haase,191.0,35.7,190-200,2403
John Millman,183.0,33.5,180-190,2404
Tommy Paul,185.0,25.6,180-190,2405
Rafael Nadal,185.0,36.6,180-190,2406
Dalibor Svrcina,178.0,20.2,<180,2407
Yoshihito Nishioka,170.0,27.3,<180,2408
Juncheng Shang,180.0,17.9,<180,2409
Hubert Hurkacz,196.0,25.9,190-200,2410
Lorenzo Sonego,191.0,27.6,190-200,2411
Taro Daniel,191.0,29.9,190-200,2412
Sebastian Korda,196.0,22.5,190-200,2413
Yosuke Watanuki,180.0,24.7,<180,2414
Daniil Medvedev,198.0,26.9,190-200,2415
Stefanos Tsitsipas,193.0,24.4,190-200,2416
Rinky Hijikata,178.0,21.8,<180,2417
Lloyd Harris,193.0,25.8,190-200,2418
Marton Fucsovics,188.0,30.9,180-190,2419
Tomas Martin Etcheverry,196.0,23.4,190-200,2420
Jannik Sinner,191.0,21.4,190-200,2421
Cameron Norrie,188.0,27.4,180-190,2422
Francisco Cerundolo,185.0,24.4,180-190,2423
Corentin Moutet,180.0,23.7,<180,2424
Alex Molcan,178.0,25.1,<180,2425
Felix Auger Aliassime,193.0,22.4,190-200,2426
Andrey Rublev,188.0,25.2,180-190,2427
Emil Ruusuvuori,188.0,23.7,180-190,2428
Jeremy Chardy,188.0,35.9,180-190,2429
Denis Kudla,180.0,30.4,<180,2430
Ugo Humbert,188.0,24.5,180-190,2431
Maxime Cressy,201.0,25.6,200+,2432
Holger Rune,188.0,19.7,180-190,2433
Pablo Carreno Busta,188.0,31.5,180-190,2434
Benjamin Bonzi,183.0,26.6,180-190,2435
Alex De Minaur,183.0,23.9,180-190,2436
Enzo Couacaud,183.0,27.8,180-190,2437
Taylor Fritz,196.0,25.2,190-200,2438
Nicolas Jarry,201.0,27.2,200+,2439
Diego Schwartzman,170.0,30.4,<180,2440
Michael Mmoh,188.0,25.0,180-190,2441
Alexander Zverev,198.0,25.7,190-200,2442
Andy Murray,191.0,35.6,190-200,2443
Brandon Holt,185.0,24.7,180-190,2444
Alejandro Davidovich Fokina,183.0,23.6,180-190,2445
Sebastian Baez,170.0,22.1,<180,2446
Federico Coria,180.0,30.9,<180,2447
Hugo Dellien,180.0,29.6,<180,2448
Albert Ramos,188.0,35.0,180-190,2449
Juan Manuel Cerundolo,183.0,21.2,180-190,2450
Tomas Barrios Vera,191.0,25.1,190-200,2451
Joao Sousa,185.0,33.8,180-190,2452
Guido Pella,183.0,32.7,180-190,2453
Luciano Darderi,183.0,20.9,180-190,2454
Bernabe Zapata Miralles,183.0,26.0,180-190,2455
Cristian Garin,185.0,26.6,180-190,2456
Dusan Lajovic,183.0,32.6,180-190,2457
Marco Cecchinato,185.0,30.3,180-190,2458
Federico Delbonis,193.0,32.3,190-200,2459
Yibing Wu,183.0,23.3,180-190,2460
John Isner,208.0,37.7,200+,2461
J J Wolf,183.0,24.1,180-190,2462
Marcos Giron,180.0,29.5,<180,2463
Adrian Mannarino,180.0,34.6,<180,2464
Emilio Gomez,185.0,31.1,180-190,2465
Frances Tiafoe,188.0,25.0,180-190,2466
Jack Sock,191.0,30.3,190-200,2467
Oscar Otte,193.0,29.5,190-200,2468
Jordan Thompson,183.0,28.7,180-190,2469
Daniel Altmaier,188.0,24.4,180-190,2470
Radu Albot,175.0,33.2,<180,2471
Mackenzie Mcdonald,178.0,27.8,<180,2472
Maxime Cressy,201.0,25.7,200+,2473
Arthur Fils,185.0,18.6,180-190,2474
Gregoire Barrere,183.0,28.9,180-190,2475
Borna Coric,188.0,26.2,180-190,2476
Lorenzo Sonego,191.0,27.7,190-200,2477
Marc Andrea Huesler,196.0,26.6,190-200,2478
Nikoloz Basilashvili,185.0,30.9,180-190,2479
Arthur Rinderknech,196.0,27.5,190-200,2480
Emil Ruusuvuori,188.0,23.8,180-190,2481
Filip Krajinovic,185.0,30.9,180-190,2482
Miomir Kecmanovic,183.0,23.4,180-190,2483
Tommy Paul,185.0,25.7,180-190,2484
Emilio Gomez,185.0,31.2,180-190,2485
Matija Pecotic,185.0,33.6,180-190,2486
Nuno Borges,185.0,25.9,180-190,2487
Aleksandar Vukic,188.0,26.8,180-190,2488
Carlos Alcaraz,183.0,19.7,180-190,2489
Juan Pablo Varillas,185.0,27.3,180-190,2490
Francisco Cerundolo,185.0,24.5,180-190,2491
Lorenzo Musetti,185.0,20.9,180-190,2492
Tomas Martin Etcheverry,196.0,23.5,190-200,2493
Laslo Djere,188.0,27.7,180-190,2494
Camilo Ugo Carabelli,185.0,23.6,180-190,2495
Jaume Munar,183.0,25.7,180-190,2496
Dominic Thiem,185.0,29.4,180-190,2497
Pedro Cachin,185.0,27.8,180-190,2498
Roberto Carballes Baena,183.0,29.8,180-190,2499
Facundo Diaz Acosta,183.0,22.1,180-190,2500
Daniil Medvedev,198.0,27.0,190-200,2501
Tallon Griekspoor,188.0,26.6,180-190,2502
Grigor Dimitrov,191.0,31.7,190-200,2503
Stan Wawrinka,183.0,37.8,180-190,2504
Gijs Brouwer,191.0,26.9,190-200,2505
Felix Auger Aliassime,193.0,22.5,190-200,2506
Stefanos Tsitsipas,193.0,24.5,190-200,2507
Richard Gasquet,183.0,36.6,180-190,2508
Alexander Zverev,198.0,25.8,190-200,2509
Botic Van De Zandschulp,191.0,27.3,190-200,2510
Hubert Hurkacz,196.0,26.0,190-200,2511
Andy Murray,191.0,35.7,190-200,2512
Jiri Lehecka,185.0,21.2,180-190,2513
Andrey Rublev,188.0,25.3,180-190,2514
Alexandre Muller,183.0,26.0,180-190,2515
Christopher Oconnell,183.0,28.7,180-190,2516
Alejandro Davidovich Fokina,183.0,23.7,180-190,2517
Roberto Bautista Agut,183.0,34.8,180-190,2518
Liam Broady,183.0,29.1,180-190,2519
Soon Woo Kwon,180.0,25.2,<180,2520
Jason Kubler,178.0,29.7,<180,2521
Nicolas Jarry,201.0,27.3,200+,2522
Bernabe Zapata Miralles,183.0,26.1,180-190,2523
Fabio Fognini,178.0,35.7,<180,2524
Pedro Martinez,185.0,25.8,180-190,2525
Daniel Elahi Galan,191.0,26.6,190-200,2526
Alex Molcan,178.0,25.2,<180,2527
Thiago Monteiro,183.0,28.7,180-190,2528
Alexander Bublik,196.0,25.6,190-200,2529
Alex De Minaur,183.0,24.0,180-190,2530
Stan Wawrinka,183.0,37.9,180-190,2531
Leandro Riedi,191.0,21.0,190-200,2532
Mikael Ymer,183.0,24.4,180-190,2533
David Goffin,180.0,32.2,<180,2534
Gregoire Barrere,183.0,29.0,180-190,2535
Alexander Ritschard,193.0,28.9,190-200,2536
Taylor Fritz,196.0,25.3,190-200,2537
Holger Rune,188.0,19.8,180-190,2538
Frances Tiafoe,188.0,25.1,180-190,2539
Matteo Berrettini,196.0,26.8,190-200,2540
Taro Daniel,191.0,30.0,190-200,2541
Brandon Nakashima,188.0,21.5,180-190,2542
Michael Mmoh,188.0,25.1,180-190,2543
Denis Shapovalov,185.0,23.8,180-190,2544
Feliciano Lopez,188.0,41.4,180-190,2545
Elias Ymer,185.0,26.8,180-190,2546
Nuno Borges,185.0,26.0,180-190,2547
Jacopo Berrettini,193.0,24.2,190-200,2548
Casper Ruud,183.0,24.1,180-190,2549
Novak Djokovic,188.0,35.7,180-190,2550
Lorenzo Sonego,191.0,27.8,190-200,2551
Botic Van De Zandschulp,191.0,27.4,190-200,2552
Pavel Kotov,191.0,24.2,190-200,2553
Thanasi Kokkinakis,193.0,26.8,190-200,2554
Tomas Martin Etcheverry,196.0,23.6,190-200,2555
Jaume Munar,183.0,25.8,180-190,2556
Yannick Hanfmann,193.0,31.2,190-200,2557
Marco Cecchinato,185.0,30.4,180-190,2558
Roberto Carballes Baena,183.0,29.9,180-190,2559
Riccardo Bonadio,180.0,29.6,<180,2560
Cristian Garin,185.0,26.7,180-190,2561
Carlos Alcaraz,183.0,19.8,180-190,2562
Jannik Sinner,191.0,21.5,190-200,2563
Cameron Norrie,188.0,27.5,180-190,2564
Jack Draper,193.0,21.2,190-200,2565
Tommy Paul,185.0,25.8,180-190,2566
Marton Fucsovics,188.0,31.0,180-190,2567
Alejandro Tabilo,188.0,25.7,180-190,2568
Andy Murray,191.0,35.8,190-200,2569
Ilya Ivashka,193.0,29.0,190-200,2570
Emil Ruusuvuori,188.0,23.9,180-190,2571
Karen Khachanov,198.0,26.7,190-200,2572
Casper Ruud,183.0,24.2,180-190,2573
Ugo Humbert,188.0,24.6,180-190,2574
Taro Daniel,191.0,30.1,190-200,2575
Jordan Thompson,183.0,28.8,180-190,2576
Thanasi Kokkinakis,193.0,26.9,190-200,2577
Guido Pella,183.0,32.8,180-190,2578
Alexei Popyrin,196.0,23.5,190-200,2579
Jan Lennard Struff,193.0,32.8,190-200,2580
Jack Sock,191.0,30.4,190-200,2581
Ben Shelton,193.0,20.4,190-200,2582
Rinky Hijikata,178.0,22.0,<180,2583
Richard Gasquet,183.0,36.7,180-190,2584
Oscar Otte,193.0,29.6,190-200,2585
Diego Schwartzman,170.0,30.5,<180,2586
Jiri Lehecka,185.0,21.3,180-190,2587
Tung Lin Wu,188.0,24.8,180-190,2588
Marcos Giron,180.0,29.6,<180,2589
Daniil Medvedev,198.0,27.1,190-200,2590
Karen Khachanov,198.0,26.8,190-200,2591
Christopher Eubanks,201.0,26.8,200+,2592
Andrey Rublev,188.0,25.4,180-190,2593
Adrian Mannarino,180.0,34.7,<180,2594
Quentin Halys,191.0,26.3,190-200,2595
Stefanos Tsitsipas,193.0,24.6,190-200,2596
Dusan Lajovic,183.0,32.7,180-190,2597
Denis Shapovalov,185.0,23.9,180-190,2598
Grigor Dimitrov,191.0,31.8,190-200,2599
Miomir Kecmanovic,183.0,23.5,180-190,2600
Mackenzie Mcdonald,178.0,27.9,<180,2601
Felix Auger Aliassime,193.0,22.6,190-200,2602
Cristian Garin,185.0,26.8,180-190,2603
Facundo Bagnis,183.0,33.0,180-190,2604
Brandon Nakashima,188.0,21.6,180-190,2605
Marc Andrea Huesler,196.0,26.7,190-200,2606
Emilio Nava,185.0,21.2,180-190,2607
Yibing Wu,183.0,23.4,180-190,2608
Marton Fucsovics,188.0,31.1,180-190,2609
Alexei Popyrin,196.0,23.6,190-200,2610
Jan Lennard Struff,193.0,32.9,190-200,2611
Ugo Humbert,188.0,24.7,180-190,2612
J J Wolf,183.0,24.2,180-190,2613
Thiago Monteiro,183.0,28.8,180-190,2614
Aleksandar Kovacevic,183.0,24.5,180-190,2615
Yosuke Watanuki,180.0,24.9,<180,2616
Quentin Halys,191.0,26.4,190-200,2617
Marco Cecchinato,185.0,30.5,180-190,2618
Sebastian Baez,170.0,22.2,<180,2619
Dominic Thiem,185.0,29.5,180-190,2620
Alejandro Davidovich Fokina,183.0,23.8,180-190,2621
Bernabe Zapata Miralles,183.0,26.2,180-190,2622
Joao Sousa,185.0,34.0,180-190,2623
Pedro Cachin,185.0,27.9,180-190,2624
Fabio Fognini,178.0,35.8,<180,2625
Luca Van Assche,178.0,18.8,<180,2626
Jurij Rodionov,191.0,23.8,190-200,2627
Tomas Martin Etcheverry,196.0,23.7,190-200,2628
Gijs Brouwer,191.0,27.0,190-200,2629
Yannick Hanfmann,193.0,31.3,190-200,2630
Jason Kubler,178.0,29.8,<180,2631
Tomas Machac,183.0,22.4,180-190,2632
Steve Johnson,188.0,33.2,180-190,2633
Daniel Elahi Galan,191.0,26.7,190-200,2634
Denis Kudla,180.0,30.6,<180,2635
Max Purcell,185.0,24.9,180-190,2636
Roberto Carballes Baena,183.0,30.0,180-190,2637
Alexandre Muller,183.0,26.1,180-190,2638
Pavel Kotov,191.0,24.3,190-200,2639
Daniel Evans,175.0,32.8,<180,2640
Lorenzo Musetti,185.0,21.0,180-190,2641
Christopher Oconnell,183.0,28.8,180-190,2642
Tallon Griekspoor,188.0,26.7,180-190,2643
Andrea Vavassori,193.0,27.9,190-200,2644
Hugo Gaston,173.0,22.5,<180,2645
Francesco Passaro,180.0,22.2,<180,2646
Benjamin Bonzi,183.0,26.8,180-190,2647
Dimitar Kuzmanov,183.0,29.6,180-190,2648
Elias Ymer,185.0,26.9,180-190,2649
Jaume Munar,183.0,25.9,180-190,2650
Holger Rune,188.0,19.9,180-190,2651
Jannik Sinner,191.0,21.6,190-200,2652
Taylor Fritz,196.0,25.4,190-200,2653
Lorenzo Musetti,185.0,21.1,180-190,2654
Novak Djokovic,188.0,35.8,180-190,2655
Hubert Hurkacz,196.0,26.1,190-200,2656
Alexander Zverev,198.0,25.9,190-200,2657
Matteo Berrettini,196.0,26.9,190-200,2658
Jiri Lehecka,185.0,21.4,180-190,2659
Nicolas Jarry,201.0,27.4,200+,2660
Ivan Gakhov,191.0,26.4,190-200,2661
Luca Nardi,185.0,19.6,180-190,2662
Diego Schwartzman,170.0,30.6,<180,2663
Lorenzo Sonego,191.0,27.9,190-200,2664
Roberto Bautista Agut,183.0,34.9,180-190,2665
Francisco Cerundolo,185.0,24.6,180-190,2666
Ilya Ivashka,193.0,29.1,190-200,2667
Alex De Minaur,183.0,24.1,180-190,2668
Botic Van De Zandschulp,191.0,27.5,190-200,2669
Stan Wawrinka,183.0,38.0,180-190,2670
Grigor Dimitrov,191.0,31.9,190-200,2671
Carlos Alcaraz,183.0,19.9,180-190,2672
Daniel Evans,175.0,32.9,<180,2673
Roberto Bautista Agut,183.0,35.0,180-190,2674
Emil Ruusuvuori,188.0,24.0,180-190,2675
Casper Ruud,183.0,24.3,180-190,2676
Karen Khachanov,198.0,26.9,190-200,2677
Cameron Norrie,188.0,27.6,180-190,2678
Yoshihito Nishioka,170.0,27.5,<180,2679
Denis Shapovalov,185.0,24.0,180-190,2680
Nuno Borges,185.0,26.1,180-190,2681
Ben Shelton,193.0,20.5,190-200,2682
Matteo Arnaldi,185.0,22.1,180-190,2683
Nicolas Jarry,201.0,27.5,200+,2684
Pavel Kotov,191.0,24.4,190-200,2685
Jason Kubler,178.0,29.9,<180,2686
David Goffin,180.0,32.3,<180,2687
Alexander Shevchenko,185.0,22.3,180-190,2688
Emilio Gomez,185.0,31.3,180-190,2689
Jozef Kovalik,183.0,30.4,180-190,2690
Pedro Cachin,185.0,28.0,180-190,2691
Flavio Cobolli,183.0,20.9,180-190,2692
Marcos Giron,180.0,29.7,<180,2693
Dominic Thiem,185.0,29.6,180-190,2694
Yannick Hanfmann,193.0,31.4,190-200,2695
Oscar Otte,193.0,29.7,190-200,2696
Alexander Ritschard,193.0,29.0,190-200,2697
Aslan Karatsev,185.0,29.6,180-190,2698
Marc Andrea Huesler,196.0,26.8,190-200,2699
Miomir Kecmanovic,183.0,23.6,180-190,2700
Alex Molcan,178.0,25.3,<180,2701
Novak Djokovic,188.0,35.9,180-190,2702
Laslo Djere,188.0,27.8,180-190,2703
Damir Dzumhur,175.0,30.9,<180,2704
Luca Van Assche,178.0,18.9,<180,2705
Gregoire Barrere,183.0,29.1,180-190,2706
Abedallah Shelbayh,180.0,19.4,<180,2707
Radu Albot,175.0,33.4,<180,2708
Richard Gasquet,183.0,36.8,180-190,2709
Juan Pablo Varillas,185.0,27.5,180-190,2710
Borna Coric,188.0,26.4,180-190,2711
Daniel Altmaier,188.0,24.6,180-190,2712
Zhizhen Zhang,193.0,26.5,190-200,2713
Alexander Zverev,198.0,26.0,190-200,2714
Andrey Rublev,188.0,25.5,180-190,2715
Hugo Grenier,196.0,27.0,190-200,2716
Dusan Lajovic,183.0,32.8,180-190,2717
Frances Tiafoe,188.0,25.2,180-190,2718
Roman Safiullin,185.0,25.7,180-190,2719
Sebastian Baez,170.0,22.3,<180,2720
Albert Ramos,188.0,35.2,180-190,2721
Alexander Bublik,196.0,25.8,190-200,2722
Yosuke Watanuki,180.0,25.0,<180,2723
Daniil Medvedev,198.0,27.2,190-200,2724
Holger Rune,188.0,20.0,180-190,2725
Stefanos Tsitsipas,193.0,24.7,190-200,2726
Francisco Cerundolo,185.0,24.7,180-190,2727
Cameron Norrie,188.0,27.7,180-190,2728
Alexei Popyrin,196.0,23.7,190-200,2729
Laslo Djere,188.0,27.9,180-190,2730
Jannik Sinner,191.0,21.7,190-200,2731
Fabian Marozsan,193.0,23.5,190-200,2732
Marton Fucsovics,188.0,31.2,180-190,2733
Fabio Fognini,178.0,35.9,<180,2734
Cristian Garin,185.0,26.9,180-190,2735
Gregoire Barrere,183.0,29.2,180-190,2736
Alexander Shevchenko,185.0,22.4,180-190,2737
Alejandro Davidovich Fokina,183.0,23.9,180-190,2738
Marco Cecchinato,185.0,30.6,180-190,2739
J J Wolf,183.0,24.3,180-190,2740
Bernabe Zapata Miralles,183.0,26.3,180-190,2741
Roberto Carballes Baena,183.0,30.1,180-190,2742
Carlos Alcaraz,183.0,20.0,180-190,2743
Tomas Martin Etcheverry,196.0,23.8,190-200,2744
Stan Wawrinka,183.0,38.1,180-190,2745
Alexandre Muller,183.0,26.2,180-190,2746
Arthur Fils,185.0,18.9,180-190,2747
Arthur Rinderknech,196.0,27.7,190-200,2748
Yibing Wu,183.0,23.5,180-190,2749
Thanasi Kokkinakis,193.0,27.0,190-200,2750
Alex Molcan,178.0,25.4,<180,2751
Guido Pella,183.0,32.9,180-190,2752
David Goffin,180.0,32.4,<180,2753
Nuno Borges,185.0,26.2,180-190,2754
Matteo Arnaldi,185.0,22.2,180-190,2755
Thiago Monteiro,183.0,28.9,180-190,2756
Albert Ramos,188.0,35.3,180-190,2757
Nicolas Jarry,201.0,27.6,200+,2758
Grigor Dimitrov,191.0,32.0,190-200,2759
Taylor Fritz,196.0,25.5,190-200,2760
Casper Ruud,183.0,24.4,180-190,2761
Yibing Wu,183.0,23.6,180-190,2762
Christopher Oconnell,183.0,28.9,180-190,2763
Ilya Ivashka,193.0,29.2,190-200,2764
J J Wolf,183.0,24.4,180-190,2765
Tallon Griekspoor,188.0,26.8,180-190,2766
Christopher Eubanks,201.0,27.0,200+,2767
Adrian Mannarino,180.0,34.8,<180,2768
Marcos Giron,180.0,29.8,<180,2769
Brandon Nakashima,188.0,21.7,180-190,2770
Felix Auger Aliassime,193.0,22.7,190-200,2771
Tommy Paul,185.0,26.0,180-190,2772
Jack Draper,193.0,21.4,190-200,2773
Pablo Llamas Ruiz,188.0,20.6,180-190,2774
Mikael Ymer,183.0,24.6,180-190,2775
Arthur Rinderknech,196.0,27.8,190-200,2776
Miomir Kecmanovic,183.0,23.7,180-190,2777
Juan Pablo Varillas,185.0,27.6,180-190,2778
Pedro Cachin,185.0,28.1,180-190,2779
Taro Daniel,191.0,30.3,190-200,2780
Denis Shapovalov,185.0,24.1,180-190,2781
Lorenzo Musetti,185.0,21.2,180-190,2782
Lucas Pouille,185.0,29.2,180-190,2783
Fabio Fognini,178.0,36.0,<180,2784
Jason Kubler,178.0,30.0,<180,2785
Sebastian Ofner,191.0,27.0,190-200,2786
Sebastian Korda,196.0,22.8,190-200,2787
Diego Schwartzman,170.0,30.7,<180,2788
Novak Djokovic,188.0,36.0,180-190,2789
Marton Fucsovics,188.0,31.3,180-190,2790
Luca Van Assche,178.0,19.0,<180,2791
Roberto Bautista Agut,183.0,35.1,180-190,2792
Tallon Griekspoor,188.0,26.9,180-190,2793
Hubert Hurkacz,196.0,26.2,190-200,2794
Karen Khachanov,198.0,27.0,190-200,2795
Radu Albot,175.0,33.5,<180,2796
Thanasi Kokkinakis,193.0,27.1,190-200,2797
Lorenzo Sonego,191.0,28.0,190-200,2798
Ugo Humbert,188.0,24.9,180-190,2799
Corentin Moutet,180.0,24.1,<180,2800
Andrey Rublev,188.0,25.6,180-190,2801
Gael Monfils,193.0,36.7,190-200,2802
Genaro Alberto Olivieri,175.0,24.8,<180,2803
Andrea Vavassori,193.0,28.0,190-200,2804
Yannick Hanfmann,193.0,31.5,190-200,2805
Jiri Lehecka,185.0,21.5,180-190,2806
Thiago Agustin Tirante,185.0,22.1,180-190,2807
Zhizhen Zhang,193.0,26.6,190-200,2808
Giulio Zeppieri,183.0,21.4,180-190,2809
Daniel Altmaier,188.0,24.7,180-190,2810
Emil Ruusuvuori,188.0,24.1,180-190,2811
Alexander Zverev,198.0,26.1,190-200,2812
Aslan Karatsev,185.0,29.7,180-190,2813
Frances Tiafoe,188.0,25.3,180-190,2814
Borna Coric,188.0,26.5,180-190,2815
Alex De Minaur,183.0,24.2,180-190,2816
Yoshihito Nishioka,170.0,27.6,<180,2817
Max Purcell,185.0,25.1,180-190,2818
Guido Pella,183.0,33.0,180-190,2819
Thiago Seyboth Wild,185.0,23.2,180-190,2820
Jordan Thompson,183.0,29.1,180-190,2821
Rinky Hijikata,178.0,22.2,<180,2822
Adrian Mannarino,180.0,34.9,<180,2823
Mackenzie Mcdonald,178.0,28.1,<180,2824
Alex De Minaur,183.0,24.3,180-190,2825
Jannik Sinner,191.0,21.8,190-200,2826
Milos Raonic,196.0,32.4,190-200,2827
Marc Andrea Huesler,196.0,26.9,190-200,2828
Alexei Popyrin,196.0,23.8,190-200,2829
Laslo Djere,188.0,28.0,180-190,2830
Alexander Bublik,196.0,25.9,190-200,2831
Jan Lennard Struff,193.0,33.1,190-200,2832
Hubert Hurkacz,196.0,26.3,190-200,2833
Richard Gasquet,183.0,36.9,180-190,2834
Christopher Oconnell,183.0,29.0,180-190,2835
Taylor Fritz,196.0,25.6,190-200,2836
Yosuke Watanuki,180.0,25.1,<180,2837
Gregoire Barrere,183.0,29.3,180-190,2838
Alexander Bublik,196.0,26.0,190-200,2839
Daniil Medvedev,198.0,27.3,190-200,2840
Brandon Nakashima,188.0,21.8,180-190,2841
Lorenzo Sonego,191.0,28.1,190-200,2842
Stefanos Tsitsipas,193.0,24.8,190-200,2843
Carlos Alcaraz,183.0,20.1,180-190,2844
Sebastian Korda,196.0,22.9,190-200,2845
Holger Rune,188.0,20.1,180-190,2846
Cameron Norrie,188.0,27.8,180-190,2847
Jiri Lehecka,185.0,21.6,180-190,2848
Francisco Cerundolo,185.0,24.8,180-190,2849
Frances Tiafoe,188.0,25.4,180-190,2850
Diego Schwartzman,170.0,30.8,<180,2851
Ben Shelton,193.0,20.6,190-200,2852
Ryan Peniston,180.0,27.6,<180,2853
Christopher Eubanks,201.0,27.1,200+,2854
Yannick Hanfmann,193.0,31.6,190-200,2855
Lloyd Harris,193.0,26.3,190-200,2856
Feliciano Lopez,188.0,41.7,180-190,2857
Arthur Rinderknech,196.0,27.9,190-200,2858
Pavel Kotov,191.0,24.6,190-200,2859
Guido Pella,183.0,33.1,180-190,2860
Roberto Carballes Baena,183.0,30.2,180-190,2861
Constant Lestienne,180.0,31.0,<180,2862
Roman Safiullin,185.0,25.8,180-190,2863
Tommy Paul,185.0,26.1,180-190,2864
Mikael Ymer,183.0,24.7,180-190,2865
Miomir Kecmanovic,183.0,23.8,180-190,2866
J J Wolf,183.0,24.5,180-190,2867
Liam Broady,183.0,29.4,180-190,2868
Marc Andrea Huesler,196.0,27.0,190-200,2869
Maxime Cressy,201.0,26.1,200+,2870
Aleksandar Vukic,188.0,27.2,180-190,2871
Luca Van Assche,178.0,19.1,<180,2872
Sebastian Baez,170.0,22.4,<180,2873
Alexandre Muller,183.0,26.4,180-190,2874
Jason Kubler,178.0,30.1,<180,2875
Nicolas Jarry,201.0,27.7,200+,2876
Alexander Zverev,198.0,26.2,190-200,2877
Yosuke Watanuki,180.0,25.2,<180,2878
Matteo Berrettini,196.0,27.2,190-200,2879
Dominic Stricker,183.0,20.8,180-190,2880
Ilya Ivashka,193.0,29.3,190-200,2881
Grigor Dimitrov,191.0,32.1,190-200,2882
Alejandro Davidovich Fokina,183.0,24.0,180-190,2883
Botic Van De Zandschulp,191.0,27.7,190-200,2884
Adrian Mannarino,180.0,35.0,<180,2885
Marcos Giron,180.0,29.9,<180,2886
Milos Raonic,196.0,32.5,190-200,2887
Jiri Vesely,198.0,29.9,190-200,2888
Ben Shelton,193.0,20.7,190-200,2889
Andy Murray,191.0,36.1,190-200,2890
Quentin Halys,191.0,26.6,190-200,2891
Daniel Elahi Galan,191.0,27.0,190-200,2892
Oscar Otte,193.0,29.9,190-200,2893
Mikael Ymer,183.0,24.8,180-190,2894
Harold Mayot,180.0,21.4,<180,2895
Corentin Moutet,180.0,24.2,<180,2896
Roman Safiullin,185.0,25.9,180-190,2897
Denis Shapovalov,185.0,24.2,180-190,2898
Casper Ruud,183.0,24.5,180-190,2899
Andrey Rublev,188.0,25.7,180-190,2900
Aslan Karatsev,185.0,29.8,180-190,2901
Tomas Barrios Vera,191.0,25.5,190-200,2902
David Goffin,180.0,32.5,<180,2903
Maximilian Marterer,188.0,28.0,180-190,2904
Michael Mmoh,188.0,25.4,180-190,2905
Lorenzo Musetti,185.0,21.3,180-190,2906
Jaume Munar,183.0,26.1,180-190,2907
Jan Choinski,196.0,27.0,190-200,2908
Tomas Martin Etcheverry,196.0,23.9,190-200,2909
Stan Wawrinka,183.0,38.2,180-190,2910
Jordan Thompson,183.0,29.2,180-190,2911
Novak Djokovic,188.0,36.1,180-190,2912
Pedro Cachin,185.0,28.2,180-190,2913
Albert Ramos,188.0,35.4,180-190,2914
Hamad Medjedovic,188.0,19.9,180-190,2915
Juan Pablo Varillas,185.0,27.7,180-190,2916
Zizou Bergs,185.0,24.1,180-190,2917
Stan Wawrinka,183.0,38.3,180-190,2918
Daniel Altmaier,188.0,24.8,180-190,2919
Dominic Thiem,185.0,29.8,180-190,2920
Facundo Bagnis,183.0,33.3,180-190,2921
Jurij Rodionov,191.0,24.1,190-200,2922
Dominic Stricker,183.0,20.9,180-190,2923
Francisco Cerundolo,185.0,24.9,180-190,2924
Sebastian Ofner,191.0,27.1,190-200,2925
Filip Misolic,180.0,21.9,<180,2926
Federico Coria,180.0,31.3,<180,2927
Alexander Shevchenko,185.0,22.6,180-190,2928
Bernabe Zapata Miralles,183.0,26.5,180-190,2929
Matteo Arnaldi,185.0,22.3,180-190,2930
Jozef Kovalik,183.0,30.6,180-190,2931
Leo Borg,183.0,20.1,180-190,2932
Thiago Monteiro,183.0,29.1,180-190,2933
Alex Michelsen,193.0,18.8,190-200,2934
John Isner,208.0,38.2,200+,2935
Ugo Humbert,188.0,25.0,180-190,2936
Mackenzie Mcdonald,178.0,28.2,<180,2937
Kevin Anderson,203.0,37.1,200+,2938
Ethan Quinn,191.0,19.3,190-200,2939
Li Tu,183.0,27.1,180-190,2940
James Duckworth,183.0,31.4,180-190,2941
Gijs Brouwer,191.0,27.3,190-200,2942
Steve Johnson,188.0,33.5,180-190,2943
Liam Broady,183.0,29.5,180-190,2944
Rinky Hijikata,178.0,22.3,<180,2945
Taylor Fritz,196.0,25.7,190-200,2946
Kei Nishikori,178.0,33.5,<180,2947
Dominik Koepfer,180.0,29.2,<180,2948
Christopher Eubanks,201.0,27.2,200+,2949
Alex De Minaur,183.0,24.4,180-190,2950
Yibing Wu,183.0,23.7,180-190,2951
Juncheng Shang,180.0,18.4,<180,2952
Maxime Cressy,201.0,26.2,200+,2953
Brandon Nakashima,188.0,21.9,180-190,2954
Lloyd Harris,193.0,26.4,190-200,2955
Thanasi Kokkinakis,193.0,27.2,190-200,2956
Laslo Djere,188.0,28.1,180-190,2957
Arthur Fils,185.0,19.1,180-190,2958
Zhizhen Zhang,193.0,26.7,190-200,2959
Luca Van Assche,178.0,19.2,<180,2960
Cristian Garin,185.0,27.1,180-190,2961
Dusan Lajovic,183.0,33.0,180-190,2962
Maximilian Marterer,188.0,28.1,180-190,2963
Alejandro Davidovich Fokina,183.0,24.1,180-190,2964
Jozef Kovalik,183.0,30.7,180-190,2965
Alexei Popyrin,196.0,23.9,190-200,2966
Matteo Arnaldi,185.0,22.4,180-190,2967
Lorenzo Sonego,191.0,28.2,190-200,2968
Jiri Lehecka,185.0,21.7,180-190,2969
Dino Prizmic,188.0,17.9,180-190,2970
Roberto Carballes Baena,183.0,30.3,180-190,2971
Jaume Munar,183.0,26.2,180-190,2972
Flavio Cobolli,183.0,21.2,180-190,2973
Zsombor Piros,180.0,23.7,<180,2974
Taro Daniel,191.0,30.4,190-200,2975
Fabian Marozsan,193.0,23.7,190-200,2976
Marco Cecchinato,185.0,30.8,180-190,2977
Sebastian Baez,170.0,22.5,<180,2978
Dominic Thiem,185.0,29.9,180-190,2979
Tomas Martin Etcheverry,196.0,24.0,190-200,2980
Daniel Elahi Galan,191.0,27.1,190-200,2981
Alex Molcan,178.0,25.6,<180,2982
Pedro Cachin,185.0,28.3,180-190,2983
Arthur Rinderknech,196.0,28.0,190-200,2984
Guido Andreozzi,183.0,31.9,180-190,2985
Thiago Seyboth Wild,185.0,23.3,180-190,2986
Albert Ramos,188.0,35.5,180-190,2987
Stefanos Tsitsipas,193.0,24.9,190-200,2988
Borna Coric,188.0,26.7,180-190,2989
Nicolas Jarry,201.0,27.8,200+,2990
Ilya Ivashka,193.0,29.4,190-200,2991
Tommy Paul,185.0,26.2,180-190,2992
Aleksandar Kovacevic,183.0,24.9,180-190,2993
Jason Jung,180.0,34.1,<180,2994
Borna Gojo,196.0,25.4,190-200,2995
Thiago Agustin Tirante,185.0,22.3,180-190,2996
Felipe Meligeni Alves,185.0,25.4,180-190,2997
James Duckworth,183.0,31.5,180-190,2998
Daniel Evans,175.0,33.1,<180,2999
Tallon Griekspoor,188.0,27.0,180-190,3000
J J Wolf,183.0,24.6,180-190,3001
Grigor Dimitrov,191.0,32.2,190-200,3002
Frances Tiafoe,188.0,25.5,180-190,3003
Andy Murray,191.0,36.2,190-200,3004
Michael Mmoh,188.0,25.5,180-190,3005
Gael Monfils,193.0,36.9,190-200,3006
Emil Ruusuvuori,188.0,24.3,180-190,3007
Yosuke Watanuki,180.0,25.3,<180,3008
Zachary Svajda,175.0,20.6,<180,3009
Sho Shimabukuro,180.0,26.0,<180,3010
Radu Albot,175.0,33.7,<180,3011
Thanasi Kokkinakis,193.0,27.3,190-200,3012
Gregoire Barrere,183.0,29.4,180-190,3013
Aslan Karatsev,185.0,29.9,180-190,3014
Jannik Sinner,191.0,21.9,190-200,3015
Carlos Alcaraz,183.0,20.2,180-190,3016
Mackenzie Mcdonald,178.0,28.3,<180,3017
Daniil Medvedev,198.0,27.4,190-200,3018
Hubert Hurkacz,196.0,26.4,190-200,3019
Marcos Giron,180.0,30.0,<180,3020
Aleksandar Vukic,188.0,27.3,180-190,3021
Milos Raonic,196.0,32.6,190-200,3022
Casper Ruud,183.0,24.6,180-190,3023
Lorenzo Musetti,185.0,21.4,180-190,3024
Ben Shelton,193.0,20.8,190-200,3025
Miomir Kecmanovic,183.0,23.9,180-190,3026
Sebastian Korda,196.0,23.0,190-200,3027
Max Purcell,185.0,25.3,180-190,3028
Matteo Berrettini,196.0,27.3,190-200,3029
Taro Daniel,191.0,30.5,190-200,3030
Ugo Humbert,188.0,25.1,180-190,3031
Gabriel Diallo,203.0,21.8,200+,3032
Novak Djokovic,188.0,36.2,180-190,3033
Hubert Hurkacz,196.0,26.5,190-200,3034
Alexander Zverev,198.0,26.3,190-200,3035
Alexei Popyrin,196.0,24.0,190-200,3036
Adrian Mannarino,180.0,35.1,<180,3037
Stefanos Tsitsipas,193.0,25.0,190-200,3038
Daniil Medvedev,198.0,27.5,190-200,3039
Dusan Lajovic,183.0,33.1,180-190,3040
Jordan Thompson,183.0,29.3,180-190,3041
Felix Auger Aliassime,193.0,23.0,190-200,3042
Yoshihito Nishioka,170.0,27.8,<180,3043
Sebastian Baez,170.0,22.6,<180,3044
Sebastian Korda,196.0,23.1,190-200,3045
Juan Manuel Cerundolo,183.0,21.7,180-190,3046
Laslo Djere,188.0,28.2,180-190,3047
Richard Gasquet,183.0,37.1,180-190,3048
Michael Mmoh,188.0,25.6,180-190,3049
Omni Kumar,173.0,21.8,<180,3050
Alex Michelsen,193.0,18.9,190-200,3051
Brandon Nakashima,188.0,22.0,180-190,3052
Marton Fucsovics,188.0,31.5,180-190,3053
Dominik Koepfer,180.0,29.3,<180,3054
Tallon Griekspoor,188.0,27.1,180-190,3055
Rinky Hijikata,178.0,22.4,<180,3056
Facundo Diaz Acosta,183.0,22.6,180-190,3057
Marc Andrea Huesler,196.0,27.1,190-200,3058
Zhizhen Zhang,193.0,26.8,190-200,3059
Benjamin Bonzi,183.0,27.1,180-190,3060
Mitchell Krueger,188.0,29.6,180-190,3061
Jack Draper,193.0,21.6,190-200,3062
Carlos Alcaraz,183.0,20.3,180-190,3063
Lloyd Harris,193.0,26.5,190-200,3064
Botic Van De Zandschulp,191.0,27.8,190-200,3065
Daniel Evans,175.0,33.2,<180,3066
Arthur Fils,185.0,19.2,180-190,3067
Matteo Arnaldi,185.0,22.5,180-190,3068
Yu Hsiou Hsu,178.0,24.4,<180,3069
Cameron Norrie,188.0,28.0,180-190,3070
Daniel Altmaier,188.0,24.9,180-190,3071
Tomas Martin Etcheverry,196.0,24.1,190-200,3072
Stan Wawrinka,183.0,38.4,180-190,3073
Jannik Sinner,191.0,22.0,190-200,3074
Christopher Oconnell,183.0,29.2,180-190,3075
Felipe Meligeni Alves,185.0,25.5,180-190,3076
Alex Michelsen,193.0,19.0,190-200,3077
Yibing Wu,183.0,23.8,180-190,3078
Alex De Minaur,183.0,24.5,180-190,3079
John Isner,208.0,38.3,200+,3080
Andrey Rublev,188.0,25.8,180-190,3081
Rinky Hijikata,178.0,22.5,<180,3082
Fabian Marozsan,193.0,23.8,190-200,3083
Sebastian Ofner,191.0,27.2,190-200,3084
Frances Tiafoe,188.0,25.6,180-190,3085
Roman Safiullin,185.0,26.0,180-190,3086
Alejandro Davidovich Fokina,183.0,24.2,180-190,3087
Roberto Carballes Baena,183.0,30.4,180-190,3088
Dominic Stricker,183.0,21.0,180-190,3089
Benjamin Bonzi,183.0,27.2,180-190,3090
Christopher Eubanks,201.0,27.3,200+,3091
Titouan Droguet,191.0,22.2,190-200,3092
Jakub Mensik,193.0,17.9,190-200,3093
Juan Pablo Varillas,185.0,27.8,180-190,3094
Taylor Fritz,196.0,25.8,190-200,3095
Jiri Vesely,198.0,30.1,190-200,3096
Francisco Cerundolo,185.0,25.0,180-190,3097
Hugo Gaston,173.0,22.9,<180,3098
Bernabe Zapata Miralles,183.0,26.6,180-190,3099
Alexander Zverev,198.0,26.4,190-200,3100
Roman Safiullin,185.0,26.1,180-190,3101
Grigor Dimitrov,191.0,32.3,190-200,3102
Lorenzo Musetti,185.0,21.5,180-190,3103
Miomir Kecmanovic,183.0,24.0,180-190,3104
Jordan Thompson,183.0,29.4,180-190,3105
Arthur Rinderknech,196.0,28.1,190-200,3106
Pavel Kotov,191.0,24.8,190-200,3107
Corentin Moutet,180.0,24.4,<180,3108
Juan Pablo Varillas,185.0,27.9,180-190,3109
Taro Daniel,191.0,30.6,190-200,3110
Dusan Lajovic,183.0,33.2,180-190,3111
Marcos Giron,180.0,30.1,<180,3112
Philip Sekulic,191.0,20.0,190-200,3113
Karen Khachanov,198.0,27.3,190-200,3114
Yoshihito Nishioka,170.0,27.9,<180,3115
Sebastian Korda,196.0,23.2,190-200,3116
Aslan Karatsev,185.0,30.0,180-190,3117
Mackenzie Mcdonald,178.0,28.4,<180,3118
Jan Lennard Struff,193.0,33.3,190-200,3119
Alex Bolt,183.0,30.6,180-190,3120
Kimmer Coppejans,178.0,29.6,<180,3121
Alexandre Muller,183.0,26.6,180-190,3122
Dalibor Svrcina,178.0,20.9,<180,3123
Cristian Garin,185.0,27.3,180-190,3124
Andy Murray,191.0,36.3,190-200,3125
Marc Polmans,188.0,26.3,180-190,3126
Adrian Mannarino,180.0,35.2,<180,3127
Hamad Medjedovic,188.0,20.1,180-190,3128
Sebastian Ofner,191.0,27.3,190-200,3129
Tallon Griekspoor,188.0,27.2,180-190,3130
Jiri Lehecka,185.0,21.8,180-190,3131
Dominic Thiem,185.0,30.0,180-190,3132
Jurij Rodionov,191.0,24.3,190-200,3133
Sho Shimabukuro,180.0,26.1,<180,3134
Nuno Borges,185.0,26.5,180-190,3135
Egor Gerasimov,196.0,30.8,190-200,3136
Alexander Shevchenko,185.0,22.8,180-190,3137
Alibek Kachmazov,185.0,21.1,180-190,3138
Jannik Sinner,191.0,22.1,190-200,3139
Daniil Medvedev,198.0,27.6,190-200,3140
Casper Ruud,183.0,24.7,180-190,3141
Nicolas Jarry,201.0,27.9,200+,3142
Ugo Humbert,188.0,25.2,180-190,3143
Holger Rune,188.0,20.4,180-190,3144
Alejandro Davidovich Fokina,183.0,24.3,180-190,3145
Andrey Rublev,188.0,25.9,180-190,3146
Alex De Minaur,183.0,24.6,180-190,3147
Hubert Hurkacz,196.0,26.6,190-200,3148
Fabian Marozsan,193.0,23.9,190-200,3149
Ben Shelton,193.0,20.9,190-200,3150
Carlos Alcaraz,183.0,20.4,180-190,3151
Diego Schwartzman,170.0,31.1,<180,3152
J J Wolf,183.0,24.7,180-190,3153
Tommy Paul,185.0,26.3,180-190,3154
Zhizhen Zhang,193.0,26.9,190-200,3155
Francisco Cerundolo,185.0,25.1,180-190,3156
Daniel Evans,175.0,33.3,<180,3157
Lorenzo Sonego,191.0,28.3,190-200,3158
Taylor Fritz,196.0,25.9,190-200,3159
Stefanos Tsitsipas,193.0,25.1,190-200,3160
Matteo Arnaldi,185.0,22.6,180-190,3161
Arthur Fils,185.0,19.3,180-190,3162
Christopher Eubanks,201.0,27.4,200+,3163
Yu Hsiou Hsu,178.0,24.5,<180,3164
Brandon Nakashima,188.0,22.1,180-190,3165
Sebastian Baez,170.0,22.7,<180,3166
Marton Fucsovics,188.0,31.6,180-190,3167
Gregoire Barrere,183.0,29.6,180-190,3168
Mikhail Kukushkin,183.0,35.7,180-190,3169
Aleksandar Vukic,188.0,27.4,180-190,3170
Beibit Zhukayev,198.0,22.9,190-200,3171
Terence Atmane,193.0,21.7,190-200,3172
Yosuke Watanuki,180.0,25.4,<180,3173
Rinky Hijikata,178.0,22.6,<180,3174
Botic Van De Zandschulp,191.0,27.9,190-200,3175
Chun Hsin Tseng,175.0,22.1,<180,3176
Quentin Halys,191.0,26.9,190-200,3177
Yoshihito Nishioka,170.0,28.0,<180,3178
Yannick Hanfmann,193.0,31.8,190-200,3179
Thanasi Kokkinakis,193.0,27.4,190-200,3180
Dane Sweeny,170.0,22.6,<180,3181
Jaume Munar,183.0,26.4,180-190,3182
Bu Yunchaokete,185.0,21.7,180-190,3183
Gael Monfils,193.0,37.1,190-200,3184
Pavel Kotov,191.0,24.9,190-200,3185
Miomir Kecmanovic,183.0,24.1,180-190,3186
Laslo Djere,188.0,28.3,180-190,3187
Elias Ymer,185.0,27.5,180-190,3188
Tomas Machac,183.0,23.0,180-190,3189
Dino Prizmic,188.0,18.1,180-190,3190
Emil Ruusuvuori,188.0,24.5,180-190,3191
Lorenzo Sonego,191.0,28.4,190-200,3192
J J Wolf,183.0,24.8,180-190,3193
Stan Wawrinka,183.0,38.5,180-190,3194
Filip Misolic,180.0,22.1,<180,3195
Ben Shelton,193.0,21.0,190-200,3196
Aslan Karatsev,185.0,30.1,180-190,3197
Shintaro Mochizuki,175.0,20.3,<180,3198
Marcos Giron,180.0,30.2,<180,3199
Alexei Popyrin,196.0,24.1,190-200,3200
Tommy Paul,185.0,26.4,180-190,3201
Felix Auger Aliassime,193.0,23.1,190-200,3202
Mackenzie Mcdonald,178.0,28.5,<180,3203
Sebastian Ofner,191.0,27.4,190-200,3204
Casper Ruud,183.0,24.8,180-190,3205
Alexander Bublik,196.0,26.3,190-200,3206
Maximilian Marterer,188.0,28.3,180-190,3207
Yannick Hanfmann,193.0,31.9,190-200,3208
Juan Pablo Varillas,185.0,28.0,180-190,3209
Giovanni Mpetshi Perricard,203.0,20.2,200+,3210
Hugo Gaston,173.0,23.0,<180,3211
Botic Van De Zandschulp,191.0,28.0,190-200,3212
Dominic Thiem,185.0,30.1,180-190,3213
Mark Lajal,191.0,20.4,190-200,3214
David Goffin,180.0,32.8,<180,3215
Nuno Borges,185.0,26.6,180-190,3216
Felix Auger Aliassime,193.0,23.2,190-200,3217
Ugo Humbert,188.0,25.3,180-190,3218
Tomas Martin Etcheverry,196.0,24.2,190-200,3219
Tallon Griekspoor,188.0,27.3,180-190,3220
Dominic Stricker,183.0,21.1,180-190,3221
Sebastian Baez,170.0,22.8,<180,3222
Andy Murray,191.0,36.4,190-200,3223
Jan Lennard Struff,193.0,33.4,190-200,3224
Nicolas Jarry,201.0,28.0,200+,3225
Andrey Rublev,188.0,26.0,180-190,3226
Karen Khachanov,198.0,27.4,190-200,3227
Borna Gojo,196.0,25.6,190-200,3228
Alexander Zverev,198.0,26.5,190-200,3229
Frances Tiafoe,188.0,25.7,180-190,3230
Grigor Dimitrov,191.0,32.4,190-200,3231
Jiri Lehecka,185.0,21.9,180-190,3232
Cameron Norrie,188.0,28.1,180-190,3233
Novak Djokovic,188.0,36.4,180-190,3234
Stefanos Tsitsipas,193.0,25.2,190-200,3235
Holger Rune,188.0,20.5,180-190,3236
Hubert Hurkacz,196.0,26.7,190-200,3237
Jannik Sinner,191.0,22.2,190-200,3238
Francisco Cerundolo,185.0,25.2,180-190,3239
Roman Safiullin,185.0,26.2,180-190,3240
Alejandro Davidovich Fokina,183.0,24.4,180-190,3241
Taylor Fritz,196.0,26.0,190-200,3242
Daniel Altmaier,188.0,25.1,180-190,3243
Dusan Lajovic,183.0,33.3,180-190,3244
Roberto Bautista Agut,183.0,35.5,180-190,3245
Laslo Djere,188.0,28.4,180-190,3246
Alexander Shevchenko,185.0,22.9,180-190,3247
Fabio Fognini,178.0,36.4,<180,3248
Pierre Hugues Herbert,188.0,32.6,180-190,3249
Harold Mayot,180.0,21.7,<180,3250
Luca Van Assche,178.0,19.4,<180,3251
Abedallah Shelbayh,180.0,19.9,<180,3252
Gregoire Barrere,183.0,29.7,180-190,3253
Mate Valkusz,183.0,25.2,180-190,3254
Constant Lestienne,180.0,31.4,<180,3255
Stan Wawrinka,183.0,38.6,180-190,3256
Adrian Mannarino,180.0,35.3,<180,3257
Jack Draper,193.0,21.8,190-200,3258
Jan Lennard Struff,193.0,33.5,190-200,3259
Cem Ilkel,185.0,28.2,180-190,3260
Fabian Marozsan,193.0,24.0,190-200,3261
Marton Fucsovics,188.0,31.7,180-190,3262
Max Purcell,185.0,25.5,180-190,3263
Billy Harris,193.0,28.7,190-200,3264
Jurij Rodionov,191.0,24.4,190-200,3265
Christopher Oconnell,183.0,29.4,180-190,3266
Albert Ramos,188.0,35.8,180-190,3267
Carlos Alcaraz,183.0,20.5,180-190,3268
Daniil Medvedev,198.0,27.7,190-200,3269
Hamad Medjedovic,188.0,20.3,180-190,3270
Arthur Fils,185.0,19.4,180-190,3271
Flavio Cobolli,183.0,21.5,180-190,3272
Dominic Stricker,183.0,21.2,180-190,3273
Luca Nardi,185.0,20.3,180-190,3274
Luca Van Assche,178.0,19.5,<180,3275
Abedallah Shelbayh,180.0,20.0,<180,3276
Alexis Galarneau,180.0,24.5,<180,3277
Gabriel Diallo,203.0,21.9,200+,3278
Vasek Pospisil,193.0,33.2,190-200,3279
Cristian Garin,185.0,27.2,180-190,3280
Jack Draper,193.0,21.7,190-200,3281
Tomas Machac,183.0,22.9,180-190,3282
Novak Djokovic,188.0,36.3,180-190,3283
Jakub Mensik,193.0,18.0,190-200,3284
Otto Virtanen,193.0,22.2,190-200,3285
Emil Ruusuvuori,188.0,24.4,180-190,3286
Borna Gojo,196.0,25.5,190-200,3287
Matteo Arnaldi,185.0,22.7,180-190,3288
Milos Raonic,196.0,32.8,190-200,3289
Otto Virtanen,193.0,22.4,190-200,3290
Tomas Machac,183.0,23.1,180-190,3291
Alex De Minaur,183.0,24.7,180-190,3292
Alexei Popyrin,196.0,24.2,190-200,3293
Botic Van De Zandschulp,191.0,28.1,190-200,3294
Miomir Kecmanovic,183.0,24.2,180-190,3295
Grigor Dimitrov,191.0,32.6,190-200,3296
Holger Rune,188.0,20.6,180-190,3297
Roman Safiullin,185.0,26.4,180-190,3298
Jordan Thompson,183.0,29.7,180-190,3299
James Duckworth,183.0,31.9,180-190,3300
Matteo Arnaldi,185.0,22.8,180-190,3301
Rafael Nadal,185.0,37.5,180-190,3302
Rinky Hijikata,178.0,22.8,<180,3303
Alexander Shevchenko,185.0,23.0,180-190,3304
Yannick Hanfmann,193.0,32.1,190-200,3305
Alexei Popyrin,196.0,24.4,190-200,3306
Lukas Klein,193.0,25.7,190-200,3307
Jason Kubler,178.0,30.6,<180,3308
Ugo Humbert,188.0,25.5,180-190,3309
Tomas Machac,183.0,23.2,180-190,3310
Daniel Altmaier,188.0,25.3,180-190,3311
Alexander Zverev,198.0,26.6,190-200,3312
Hubert Hurkacz,196.0,26.8,190-200,3313
Alex De Minaur,183.0,24.8,180-190,3314
Casper Ruud,183.0,25.0,180-190,3315
Alejandro Davidovich Fokina,183.0,24.5,180-190,3316
Stefanos Tsitsipas,193.0,25.3,190-200,3317
Nicolas Jarry,201.0,28.2,200+,3318
Taylor Fritz,196.0,26.1,190-200,3319
Cameron Norrie,188.0,28.3,180-190,3320
Adrian Mannarino,180.0,35.5,<180,3321
Zhizhen Zhang,193.0,27.2,190-200,3322
Novak Djokovic,188.0,36.6,180-190,3323
Borna Coric,188.0,27.1,180-190,3324
Andrey Rublev,188.0,26.1,180-190,3325
Emil Ruusuvuori,188.0,24.7,180-190,3326
Juncheng Shang,180.0,18.9,<180,3327
Sebastian Ofner,191.0,27.6,190-200,3328
Arthur Fils,185.0,19.5,180-190,3329
Frances Tiafoe,188.0,25.9,180-190,3330
Roberto Bautista Agut,183.0,35.7,180-190,3331
Pavel Kotov,191.0,25.1,190-200,3332
Liam Broady,183.0,29.9,180-190,3333
Marc Andrea Huesler,196.0,27.5,190-200,3334
Miomir Kecmanovic,183.0,24.3,180-190,3335
Botic Van De Zandschulp,191.0,28.2,190-200,3336
Jan Lennard Struff,193.0,33.6,190-200,3337
Lorenzo Musetti,185.0,21.8,180-190,3338
Jiri Lehecka,185.0,22.1,180-190,3339
Jack Draper,193.0,22.0,190-200,3340
Alexander Bublik,196.0,26.5,190-200,3341
Sebastian Korda,196.0,23.5,190-200,3342
Tommy Paul,185.0,26.6,180-190,3343
Christopher Oconnell,183.0,29.5,180-190,3344
Alex Bolt,183.0,31.0,180-190,3345
Daniel Evans,175.0,33.6,<180,3346
Alexander Shevchenko,185.0,23.1,180-190,3347
Lorenzo Sonego,191.0,28.6,190-200,3348
Dusan Lajovic,183.0,33.5,180-190,3349
Alejandro Tabilo,188.0,26.6,180-190,3350
Taro Daniel,191.0,30.9,190-200,3351
Ben Shelton,193.0,21.2,190-200,3352
Roberto Carballes Baena,183.0,30.7,180-190,3353
Alexandre Muller,183.0,26.9,180-190,3354
Fabian Marozsan,193.0,24.2,190-200,3355
Max Purcell,185.0,25.7,180-190,3356
Nuno Borges,185.0,26.8,180-190,3357
Luca Van Assche,178.0,19.6,<180,3358
Gael Monfils,193.0,37.3,190-200,3359
Tomas Martin Etcheverry,196.0,24.4,190-200,3360
Jaume Munar,183.0,26.6,180-190,3361
Christopher Oconnell,183.0,29.6,180-190,3362
Taylor Fritz,196.0,26.2,190-200,3363
Hugo Gaston,173.0,23.3,<180,3364
Francisco Cerundolo,185.0,25.4,180-190,3365
Stefanos Tsitsipas,193.0,25.4,190-200,3366
Jannik Sinner,191.0,22.4,190-200,3367
Jesper De Jong,180.0,23.6,<180,3368
Daniel Elahi Galan,191.0,27.5,190-200,3369
Sebastian Baez,170.0,23.0,<180,3370
Aleksandar Kovacevic,183.0,25.3,180-190,3371
Karen Khachanov,198.0,27.6,190-200,3372
Alex De Minaur,183.0,24.9,180-190,3373
Flavio Cobolli,183.0,21.6,180-190,3374
Quentin Halys,191.0,27.2,190-200,3375
Christopher Eubanks,201.0,27.6,200+,3376
Andrey Rublev,188.0,26.2,180-190,3377
Holger Rune,188.0,20.7,180-190,3378
Arthur Cazaux,183.0,21.3,180-190,3379
Tallon Griekspoor,188.0,27.5,180-190,3380
Jakub Mensik,193.0,18.3,190-200,3381
Hubert Hurkacz,196.0,26.9,190-200,3382
Thanasi Kokkinakis,193.0,27.7,190-200,3383
Nuno Borges,185.0,26.9,180-190,3384
Alejandro Davidovich Fokina,183.0,24.6,180-190,3385
Felix Auger Aliassime,193.0,23.4,190-200,3386
Hugo Grenier,196.0,27.8,190-200,3387
Daniil Medvedev,198.0,27.9,190-200,3388
Alexander Zverev,198.0,26.7,190-200,3389
Lukas Klein,193.0,25.8,190-200,3390
Alex Michelsen,193.0,19.3,190-200,3391
Giulio Zeppieri,183.0,22.1,180-190,3392
Jan Lennard Struff,193.0,33.7,190-200,3393
Sumit Nagal,178.0,26.4,<180,3394
Carlos Alcaraz,183.0,20.6,180-190,3395
Alexander Bublik,196.0,26.6,190-200,3396
Borna Coric,188.0,27.2,180-190,3397
Michael Mmoh,188.0,26.0,180-190,3398
Flavio Cobolli,183.0,21.7,180-190,3399
Harold Mayot,180.0,21.9,<180,3400
Pablo Llamas Ruiz,188.0,21.2,180-190,3401
Pedro Martinez,185.0,26.7,180-190,3402
Constant Lestienne,180.0,31.6,<180,3403
Benoit Paire,196.0,34.7,190-200,3404
Arthur Cazaux,183.0,21.4,180-190,3405
Gregoire Barrere,183.0,29.9,180-190,3406
Denis Shapovalov,185.0,24.7,180-190,3407
Luciano Darderi,183.0,21.9,180-190,3408
Facundo Bagnis,183.0,33.9,180-190,3409
Federico Coria,180.0,31.9,<180,3410
Sebastian Baez,170.0,23.1,<180,3411
Jaume Munar,183.0,26.7,180-190,3412
Tomas Martin Etcheverry,196.0,24.5,190-200,3413
Yannick Hanfmann,193.0,32.2,190-200,3414
Facundo Diaz Acosta,183.0,23.1,180-190,3415
Roberto Carballes Baena,183.0,30.8,180-190,3416
Bernabe Zapata Miralles,183.0,27.0,180-190,3417
Albert Ramos,188.0,36.0,180-190,3418
Roman Andres Burruchaga,183.0,22.0,180-190,3419
Thiago Agustin Tirante,185.0,22.8,180-190,3420
Hugo Dellien,180.0,30.6,<180,3421
Tommy Paul,185.0,26.7,180-190,3422
Marcos Giron,180.0,30.5,<180,3423
Adrian Mannarino,180.0,35.6,<180,3424
Ben Shelton,193.0,21.3,190-200,3425
Frances Tiafoe,188.0,26.0,180-190,3426
James Duckworth,183.0,32.0,180-190,3427
Dominik Koepfer,180.0,29.7,<180,3428
Alex Michelsen,193.0,19.4,190-200,3429
Max Purcell,185.0,25.8,180-190,3430
Yoshihito Nishioka,170.0,28.3,<180,3431
Christopher Eubanks,201.0,27.7,200+,3432
Denis Kudla,180.0,31.4,<180,3433
Rinky Hijikata,178.0,22.9,<180,3434
Taro Daniel,191.0,31.0,190-200,3435
Ugo Humbert,188.0,25.6,180-190,3436
Grigor Dimitrov,191.0,32.7,190-200,3437
Karen Khachanov,198.0,27.7,190-200,3438
Tomas Machac,183.0,23.3,180-190,3439
Zhizhen Zhang,193.0,27.3,190-200,3440
Arthur Rinderknech,196.0,28.5,190-200,3441
Lorenzo Musetti,185.0,21.9,180-190,3442
Emil Ruusuvuori,188.0,24.8,180-190,3443
Roberto Bautista Agut,183.0,35.8,180-190,3444
Jiri Lehecka,185.0,22.2,180-190,3445
Patrick Kypson,188.0,24.2,180-190,3446
Jordan Thompson,183.0,29.8,180-190,3447
Matteo Arnaldi,185.0,22.9,180-190,3448
Constant Lestienne,180.0,31.7,<180,3449
Nicolas Moreno De Alboran,185.0,26.5,180-190,3450
Zachary Svajda,175.0,21.2,<180,3451
Radu Albot,175.0,34.2,<180,3452
Nicolas Jarry,201.0,28.3,200+,3453
Carlos Alcaraz,183.0,20.7,180-190,3454
Andrea Vavassori,193.0,28.7,190-200,3455
Dusan Lajovic,183.0,33.6,180-190,3456
Camilo Ugo Carabelli,185.0,24.6,180-190,3457
Laslo Djere,188.0,28.6,180-190,3458
Stan Wawrinka,183.0,38.8,180-190,3459
Daniel Elahi Galan,191.0,27.6,190-200,3460
Tallon Griekspoor,188.0,27.6,180-190,3461
Milos Raonic,196.0,33.1,190-200,3462
Alexander Shevchenko,185.0,23.2,180-190,3463
Andrey Rublev,188.0,26.3,180-190,3464
Gael Monfils,193.0,37.4,190-200,3465
Hubert Hurkacz,196.0,27.0,190-200,3466
Jan Lennard Struff,193.0,33.8,190-200,3467
Marton Fucsovics,188.0,32.0,180-190,3468
David Goffin,180.0,33.1,<180,3469
Felix Auger Aliassime,193.0,23.5,190-200,3470
Jakub Mensik,193.0,18.4,190-200,3471
Alexei Popyrin,196.0,24.5,190-200,3472
Richard Gasquet,183.0,37.6,180-190,3473
Andy Murray,191.0,36.7,190-200,3474
Pavel Kotov,191.0,25.2,190-200,3475
Hugo Grenier,196.0,27.9,190-200,3476
Christopher Oconnell,183.0,29.7,180-190,3477
Fabian Marozsan,193.0,24.3,190-200,3478
Casper Ruud,183.0,25.1,180-190,3479
Alexander Zverev,198.0,26.8,190-200,3480
Stefanos Tsitsipas,193.0,25.5,190-200,3481
Thanasi Kokkinakis,193.0,27.8,190-200,3482
Aleksandar Kovacevic,183.0,25.4,180-190,3483
Daniel Evans,175.0,33.7,<180,3484
Emilio Nava,185.0,22.2,180-190,3485
Aleksandar Vukic,188.0,27.8,180-190,3486
Mariano Navone,178.0,22.9,<180,3487
Francisco Cerundolo,185.0,25.5,180-190,3488
Cameron Norrie,188.0,28.4,180-190,3489
Thiago Monteiro,183.0,29.7,180-190,3490
Joao Fonseca,185.0,17.4,180-190,3491
Thiago Seyboth Wild,185.0,23.9,180-190,3492
Felipe Meligeni Alves,185.0,25.9,180-190,3493
Laslo Djere,188.0,28.7,180-190,3494
Cristian Garin,185.0,27.7,180-190,3495
Tomas Barrios Vera,191.0,26.1,190-200,3496
Alex De Minaur,183.0,25.0,180-190,3497
Jack Draper,193.0,22.1,190-200,3498
Holger Rune,188.0,20.8,180-190,3499
Miomir Kecmanovic,183.0,24.4,180-190,3500
Dominik Koepfer,180.0,29.8,<180,3501
Daniel Altmaier,188.0,25.4,180-190,3502
Yoshihito Nishioka,170.0,28.4,<180,3503
Sebastian Ofner,191.0,27.7,190-200,3504
Flavio Cobolli,183.0,21.8,180-190,3505
Matteo Arnaldi,185.0,23.0,180-190,3506
Daniil Medvedev,198.0,28.0,190-200,3507
Alejandro Davidovich Fokina,183.0,24.7,180-190,3508
Sebastian Korda,196.0,23.6,190-200,3509
Lorenzo Sonego,191.0,28.7,190-200,3510
Botic Van De Zandschulp,191.0,28.3,190-200,3511
Arthur Cazaux,183.0,21.5,180-190,3512
Alejandro Tabilo,188.0,26.7,180-190,3513
Corentin Moutet,180.0,24.8,<180,3514
Pedro Martinez,185.0,26.8,180-190,3515
Luciano Darderi,183.0,22.0,180-190,3516
Arthur Fils,185.0,19.7,180-190,3517
Jaume Munar,183.0,26.8,180-190,3518
Tomas Barrios Vera,191.0,26.2,190-200,3519
Juan Manuel Cerundolo,183.0,22.2,180-190,3520
Albert Ramos,188.0,36.1,180-190,3521
Juan Pablo Varillas,185.0,28.3,180-190,3522
Carlos Alcaraz,183.0,20.8,180-190,3523
Jannik Sinner,191.0,22.5,190-200,3524
Jiri Lehecka,185.0,22.3,180-190,3525
Luca Nardi,185.0,20.5,180-190,3526
Gael Monfils,193.0,37.5,190-200,3527
Grigor Dimitrov,191.0,32.8,190-200,3528
Taylor Fritz,196.0,26.3,190-200,3529
Ben Shelton,193.0,21.4,190-200,3530
Fabian Marozsan,193.0,24.4,190-200,3531
Novak Djokovic,188.0,36.7,180-190,3532
Cameron Norrie,188.0,28.5,180-190,3533
Lorenzo Musetti,185.0,22.0,180-190,3534
Frances Tiafoe,188.0,26.1,180-190,3535
Alexander Bublik,196.0,26.7,190-200,3536
Aleksandar Vukic,188.0,27.9,180-190,3537
Alex Michelsen,193.0,19.5,190-200,3538
Patrick Kypson,188.0,24.3,180-190,3539
Lukas Klein,193.0,25.9,190-200,3540
Lorenzo Sonego,191.0,28.8,190-200,3541
Roberto Carballes Baena,183.0,30.9,180-190,3542
Roman Safiullin,185.0,26.5,180-190,3543
Alexandre Muller,183.0,27.0,180-190,3544
Fabio Fognini,178.0,36.7,<180,3545
Denis Shapovalov,185.0,24.8,180-190,3546
Andy Murray,191.0,36.8,190-200,3547
Brandon Nakashima,188.0,22.5,180-190,3548
Lucas Pouille,185.0,30.0,180-190,3549
Jakub Mensik,193.0,18.5,190-200,3550
Borna Coric,188.0,27.3,180-190,3551
Yannick Hanfmann,193.0,32.3,190-200,3552
Juncheng Shang,180.0,19.0,<180,3553
Alexander Zverev,198.0,26.9,190-200,3554
Nicolas Jarry,201.0,28.4,200+,3555
Tomas Machac,183.0,23.4,180-190,3556
Karen Khachanov,198.0,27.8,190-200,3557
Casper Ruud,183.0,25.2,180-190,3558
Sebastian Korda,196.0,23.7,190-200,3559
Christopher Eubanks,201.0,27.8,200+,3560
Alexei Popyrin,196.0,24.6,190-200,3561
Thiago Seyboth Wild,185.0,24.0,180-190,3562
Ugo Humbert,188.0,25.7,180-190,3563
Denis Shapovalov,185.0,24.9,180-190,3564
Martin Damm,203.0,20.4,200+,3565
Tallon Griekspoor,188.0,27.7,180-190,3566
Roman Safiullin,185.0,26.6,180-190,3567
Martin Landaluce,191.0,18.1,190-200,3568
Roberto Bautista Agut,183.0,35.9,180-190,3569
Felix Auger Aliassime,193.0,23.6,190-200,3570
Daniel Evans,175.0,33.8,<180,3571
Sebastian Ofner,191.0,27.8,190-200,3572
Soon Woo Kwon,180.0,26.2,<180,3573
Daniel Altmaier,188.0,25.5,180-190,3574
Luca Van Assche,178.0,19.8,<180,3575
Juncheng Shang,180.0,19.1,<180,3576
Jack Draper,193.0,22.2,190-200,3577
Botic Van De Zandschulp,191.0,28.4,190-200,3578
Marton Fucsovics,188.0,32.1,180-190,3579
Andrea Vavassori,193.0,28.8,190-200,3580
Hubert Hurkacz,196.0,27.1,190-200,3581
Pedro Martinez,185.0,26.9,180-190,3582
Cristian Garin,185.0,27.8,180-190,3583
Richard Gasquet,183.0,37.7,180-190,3584
Nuno Borges,185.0,27.1,180-190,3585
Pablo Llamas Ruiz,188.0,21.4,180-190,3586
Dominic Thiem,185.0,30.5,180-190,3587
Arthur Fils,185.0,19.8,180-190,3588
David Jorda Sanchis,198.0,29.7,190-200,3589
Jan Choinski,196.0,27.8,190-200,3590
Tomas Martin Etcheverry,196.0,24.7,190-200,3591
Luciano Darderi,183.0,22.1,180-190,3592
Brandon Nakashima,188.0,22.6,180-190,3593
Michael Mmoh,188.0,26.2,180-190,3594
Jordan Thompson,183.0,29.9,180-190,3595
Marcos Giron,180.0,30.6,<180,3596
Zizou Bergs,185.0,24.8,180-190,3597
Rinky Hijikata,178.0,23.1,<180,3598
Daniel Elahi Galan,191.0,27.7,190-200,3599
Max Purcell,185.0,25.9,180-190,3600
Aleksandar Kovacevic,183.0,25.5,180-190,3601
James Duckworth,183.0,32.1,180-190,3602
J J Wolf,183.0,25.2,180-190,3603
Matteo Berrettini,196.0,27.9,190-200,3604
Roberto Carballes Baena,183.0,31.0,180-190,3605
Pavel Kotov,191.0,25.3,190-200,3606
Mariano Navone,178.0,23.0,<180,3607
Fabio Fognini,178.0,36.8,<180,3608
Nicolas Moreno De Alboran,185.0,26.7,180-190,3609
Flavio Cobolli,183.0,21.9,180-190,3610
David Goffin,180.0,33.3,<180,3611
Jaume Munar,183.0,26.9,180-190,3612
Sumit Nagal,178.0,26.6,<180,3613
Stan Wawrinka,183.0,39.0,180-190,3614
Stefanos Tsitsipas,193.0,25.6,190-200,3615
Novak Djokovic,188.0,36.8,180-190,3616
Jannik Sinner,191.0,22.6,190-200,3617
Alex De Minaur,183.0,25.1,180-190,3618
Holger Rune,188.0,20.9,180-190,3619
Lorenzo Sonego,191.0,28.9,190-200,3620
Daniil Medvedev,198.0,28.1,190-200,3621
Jan Lennard Struff,193.0,33.9,190-200,3622
Zhizhen Zhang,193.0,27.4,190-200,3623
Alejandro Tabilo,188.0,26.8,180-190,3624
Sebastian Ofner,191.0,27.9,190-200,3625
Francisco Cerundolo,185.0,25.6,180-190,3626
Gael Monfils,193.0,37.6,190-200,3627
Miomir Kecmanovic,183.0,24.6,180-190,3628
Casper Ruud,183.0,25.3,180-190,3629
Dusan Lajovic,183.0,33.7,180-190,3630
Facundo Diaz Acosta,183.0,23.3,180-190,3631
Matteo Arnaldi,185.0,23.1,180-190,3632
Cameron Norrie,188.0,28.6,180-190,3633
Fabian Marozsan,193.0,24.5,190-200,3634
Marco Trungelliti,178.0,34.2,<180,3635
Roberto Bautista Agut,183.0,36.0,180-190,3636
Luca Van Assche,178.0,19.9,<180,3637
Rafael Nadal,185.0,37.8,180-190,3638
Tomas Machac,183.0,23.5,180-190,3639
Alexandre Muller,183.0,27.2,180-190,3640
Harold Mayot,180.0,22.1,<180,3641
Nick Hardt,185.0,23.5,180-190,3642
Taylor Fritz,196.0,26.4,190-200,3643
Jack Draper,193.0,22.3,190-200,3644
Marc Andrea Huesler,196.0,27.8,190-200,3645
Jurij Rodionov,191.0,24.9,190-200,3646
Alex Michelsen,193.0,19.6,190-200,3647
Alejandro Moro Canas,183.0,23.3,180-190,3648
Rudolf Molleker,188.0,23.4,180-190,3649
Taro Daniel,191.0,31.2,190-200,3650
Botic Van De Zandschulp,191.0,28.5,190-200,3651
Yannick Hanfmann,193.0,32.4,190-200,3652
Daniel Elahi Galan,191.0,27.8,190-200,3653
Mariano Navone,178.0,23.1,<180,3654
Gregoire Barrere,183.0,30.1,180-190,3655
Joao Fonseca,185.0,17.6,180-190,3656
Corentin Moutet,180.0,24.9,<180,3657
Federico Coria,180.0,32.1,<180,3658
Radu Albot,175.0,34.4,<180,3659
Arthur Rinderknech,196.0,28.7,190-200,3660
Andrey Rublev,188.0,26.5,180-190,3661
Felix Auger Aliassime,193.0,23.7,190-200,3662
Jiri Lehecka,185.0,22.4,180-190,3663
Carlos Alcaraz,183.0,20.9,180-190,3664
Karen Khachanov,198.0,27.9,190-200,3665
Alexander Bublik,196.0,26.8,190-200,3666
Alexander Zverev,198.0,27.0,190-200,3667
Tallon Griekspoor,188.0,27.8,180-190,3668
Pavel Kotov,191.0,25.4,190-200,3669
Jakub Mensik,193.0,18.6,190-200,3670
Ben Shelton,193.0,21.5,190-200,3671
Pedro Cachin,185.0,29.0,180-190,3672
Thiago Monteiro,183.0,29.8,180-190,3673
Daniel Altmaier,188.0,25.6,180-190,3674
Sebastian Baez,170.0,23.3,<180,3675
Tommy Paul,185.0,26.9,180-190,3676
Denis Shapovalov,185.0,25.0,180-190,3677
Alejandro Davidovich Fokina,183.0,24.8,180-190,3678
Ugo Humbert,188.0,25.8,180-190,3679
Thiago Seyboth Wild,185.0,24.1,180-190,3680
Max Purcell,185.0,26.0,180-190,3681
Hamad Medjedovic,188.0,20.7,180-190,3682
Lukas Klein,193.0,26.0,190-200,3683
Borna Coric,188.0,27.4,180-190,3684
Facundo Bagnis,183.0,34.1,180-190,3685
Juncheng Shang,180.0,19.2,<180,3686
Alexander Shevchenko,185.0,23.3,180-190,3687
Nicolas Jarry,201.0,28.5,200+,3688
Alejandro Tabilo,188.0,26.9,180-190,3689
Zhizhen Zhang,193.0,27.5,190-200,3690
Taylor Fritz,196.0,26.5,190-200,3691
Stefanos Tsitsipas,193.0,25.7,190-200,3692
Hubert Hurkacz,196.0,27.2,190-200,3693
Thiago Monteiro,183.0,29.9,180-190,3694
Nuno Borges,185.0,27.2,180-190,3695
Grigor Dimitrov,191.0,32.9,190-200,3696
Alex De Minaur,183.0,25.2,180-190,3697
Daniil Medvedev,198.0,28.2,190-200,3698
Novak Djokovic,188.0,36.9,180-190,3699
Francisco Cerundolo,185.0,25.7,180-190,3700
Luciano Darderi,183.0,22.2,180-190,3701
Francesco Passaro,180.0,23.3,<180,3702
Sebastian Korda,196.0,23.8,190-200,3703
Terence Atmane,193.0,22.3,190-200,3704
Cameron Norrie,188.0,28.7,180-190,3705
Stefano Napolitano,196.0,29.0,190-200,3706
Tomas Martin Etcheverry,196.0,24.8,190-200,3707
Holger Rune,188.0,21.0,180-190,3708
Dominik Koepfer,180.0,30.0,<180,3709
Hamad Medjedovic,188.0,20.8,180-190,3710
Corentin Moutet,180.0,25.0,<180,3711
Matteo Gigante,180.0,22.3,<180,3712
Alexander Shevchenko,185.0,23.4,180-190,3713
Aleksandar Vukic,188.0,28.0,180-190,3714
Fabio Fognini,178.0,36.9,<180,3715
Flavio Cobolli,183.0,22.0,180-190,3716
Yoshihito Nishioka,170.0,28.6,<180,3717
Jan Lennard Struff,193.0,34.0,190-200,3718
Jaume Munar,183.0,27.0,180-190,3719
Roberto Carballes Baena,183.0,31.1,180-190,3720
Matteo Arnaldi,185.0,23.2,180-190,3721
Marcos Giron,180.0,30.7,<180,3722
Rafael Nadal,185.0,37.9,180-190,3723
Dusan Lajovic,183.0,33.8,180-190,3724
Luca Nardi,185.0,20.7,180-190,3725
Aslan Karatsev,185.0,30.6,180-190,3726
Casper Ruud,183.0,25.4,180-190,3727
Tomas Machac,183.0,23.6,180-190,3728
Alex Michelsen,193.0,19.7,190-200,3729
Yannick Hanfmann,193.0,32.5,190-200,3730
Nicolas Moreno De Alboran,185.0,26.8,180-190,3731
Emil Ruusuvuori,188.0,25.1,180-190,3732
Sebastian Ofner,191.0,28.0,190-200,3733
Giovanni Mpetshi Perricard,203.0,20.8,200+,3734
Alexander Bublik,196.0,26.9,190-200,3735
Arthur Rinderknech,196.0,28.8,190-200,3736
Hugo Gaston,173.0,23.6,<180,3737
Pavel Kotov,191.0,25.5,190-200,3738
Frances Tiafoe,188.0,26.3,180-190,3739
Aleksandar Vukic,188.0,28.1,180-190,3740
Carlos Alcaraz,183.0,21.0,180-190,3741
Alexander Zverev,198.0,27.1,190-200,3742
Jannik Sinner,191.0,22.7,190-200,3743
Novak Djokovic,188.0,37.0,180-190,3744
Grigor Dimitrov,191.0,33.0,190-200,3745
Felix Auger Aliassime,193.0,23.8,190-200,3746
Corentin Moutet,180.0,25.1,<180,3747
Andrey Rublev,188.0,26.6,180-190,3748
Tommy Paul,185.0,27.0,180-190,3749
Ben Shelton,193.0,21.6,190-200,3750
Jozef Kovalik,183.0,31.5,180-190,3751
Denis Shapovalov,185.0,25.1,180-190,3752
Tallon Griekspoor,188.0,27.9,180-190,3753
Lorenzo Musetti,185.0,22.2,180-190,3754
Zizou Bergs,185.0,24.9,180-190,3755
Thanasi Kokkinakis,193.0,28.1,190-200,3756
Zhizhen Zhang,193.0,27.6,190-200,3757
Lorenzo Sonego,191.0,29.0,190-200,3758
Karen Khachanov,198.0,28.0,190-200,3759
Sebastian Baez,170.0,23.4,<180,3760
Giulio Zeppieri,183.0,22.4,180-190,3761
Mariano Navone,178.0,23.2,<180,3762
Daniel Altmaier,188.0,25.7,180-190,3763
Alejandro Davidovich Fokina,183.0,24.9,180-190,3764
Jesper De Jong,180.0,23.9,<180,3765
Fabio Fognini,178.0,37.0,<180,3766
Richard Gasquet,183.0,37.9,180-190,3767
David Goffin,180.0,33.4,<180,3768
Miomir Kecmanovic,183.0,24.7,180-190,3769
Soon Woo Kwon,180.0,26.4,<180,3770
Dusan Lajovic,183.0,33.9,180-190,3771
Fabian Marozsan,193.0,24.6,190-200,3772
Maximilian Marterer,188.0,28.9,180-190,3773
Pedro Martinez,185.0,27.0,180-190,3774
Filip Misolic,180.0,22.8,<180,3775
Gael Monfils,193.0,37.7,190-200,3776
Alexandre Muller,183.0,27.3,180-190,3777
Brandon Nakashima,188.0,22.8,180-190,3778
Kei Nishikori,178.0,34.4,<180,3779
Henri Squire,196.0,23.6,190-200,3780
Stan Wawrinka,183.0,39.1,180-190,3781
Alex De Minaur,183.0,25.3,180-190,3782
Sebastian Korda,196.0,23.9,190-200,3783
Ugo Humbert,188.0,25.9,180-190,3784
Milos Raonic,196.0,33.4,190-200,3785
Gijs Brouwer,191.0,28.2,190-200,3786
Zizou Bergs,185.0,25.0,180-190,3787
Roberto Bautista Agut,183.0,36.1,180-190,3788
Arthur Fils,185.0,19.9,180-190,3789
Adrian Mannarino,180.0,35.9,<180,3790
Mackenzie Mcdonald,178.0,29.1,<180,3791
Luca Nardi,185.0,20.8,180-190,3792
Alexei Popyrin,196.0,24.8,190-200,3793
Jack Draper,193.0,22.4,190-200,3794
Matteo Berrettini,196.0,28.1,190-200,3795
Jan Lennard Struff,193.0,34.1,190-200,3796
James Duckworth,183.0,32.3,180-190,3797
Marcos Giron,180.0,30.8,<180,3798
Dominik Koepfer,180.0,30.1,<180,3799
Jannik Sinner,191.0,22.8,190-200,3800
Hubert Hurkacz,196.0,27.3,190-200,3801
Christopher Eubanks,201.0,28.1,200+,3802
Arthur Fils,185.0,20.0,180-190,3803
Stefanos Tsitsipas,193.0,25.8,190-200,3804
Daniil Medvedev,198.0,28.3,190-200,3805
Alexander Bublik,196.0,27.0,190-200,3806
James Duckworth,183.0,32.4,180-190,3807
Lorenzo Sonego,191.0,29.1,190-200,3808
Jordan Thompson,183.0,30.1,180-190,3809
Rinky Hijikata,178.0,23.3,<180,3810
Taylor Fritz,196.0,26.6,190-200,3811
Billy Harris,193.0,29.3,190-200,3812
Carlos Alcaraz,183.0,21.1,180-190,3813
Alejandro Tabilo,188.0,27.0,180-190,3814
Matteo Arnaldi,185.0,23.3,180-190,3815
Andy Murray,191.0,37.0,190-200,3816
Giovanni Mpetshi Perricard,203.0,20.9,200+,3817
Sebastian Ofner,191.0,28.1,190-200,3818
Paul Jubb,180.0,24.6,<180,3819
Gael Monfils,193.0,37.8,190-200,3820
Ben Shelton,193.0,21.7,190-200,3821
Alex Michelsen,193.0,19.8,190-200,3822
Jakub Mensik,193.0,18.8,190-200,3823
Adam Walton,183.0,25.1,180-190,3824
Luciano Darderi,183.0,22.3,180-190,3825
Alexander Shevchenko,185.0,23.5,180-190,3826
Roberto Carballes Baena,183.0,31.2,180-190,3827
Max Purcell,185.0,26.2,180-190,3828
Billy Harris,193.0,29.4,190-200,3829
Aleksandar Vukic,188.0,28.2,180-190,3830
Miomir Kecmanovic,183.0,24.8,180-190,3831
Flavio Cobolli,183.0,22.1,180-190,3832
Yoshihito Nishioka,170.0,28.7,<180,3833
Juncheng Shang,180.0,19.3,<180,3834
Marcos Giron,180.0,30.9,<180,3835
Giles Hussey,185.0,27.0,180-190,3836
Emil Ruusuvuori,188.0,25.2,180-190,3837
Thiago Seyboth Wild,185.0,24.2,180-190,3838
Matteo Berrettini,196.0,28.2,190-200,3839
Denis Shapovalov,185.0,25.2,180-190,3840
Daniel Altmaier,188.0,25.8,180-190,3841
Lloyd Harris,193.0,27.3,190-200,3842
Grigor Dimitrov,191.0,33.1,190-200,3843
Juncheng Shang,180.0,19.4,<180,3844
Stan Wawrinka,183.0,39.2,180-190,3845
Zhizhen Zhang,193.0,27.7,190-200,3846
Alexandre Muller,183.0,27.4,180-190,3847
Borna Coric,188.0,27.6,180-190,3848
Frances Tiafoe,188.0,26.4,180-190,3849
Brandon Nakashima,188.0,22.9,180-190,3850
Botic Van De Zandschulp,191.0,28.7,190-200,3851
Ugo Humbert,188.0,26.0,180-190,3852
Tommy Paul,185.0,27.1,180-190,3853
Otto Virtanen,193.0,23.0,190-200,3854
Arthur Cazaux,183.0,21.8,180-190,3855
Roberto Bautista Agut,183.0,36.2,180-190,3856
Fabio Fognini,178.0,37.1,<180,3857
Casper Ruud,183.0,25.5,180-190,3858
Francisco Comesana,178.0,23.7,<180,3859
Adam Walton,183.0,25.2,180-190,3860
Lorenzo Musetti,185.0,22.3,180-190,3861
Arthur Rinderknech,196.0,28.9,190-200,3862
Jack Draper,193.0,22.5,190-200,3863
Cameron Norrie,188.0,28.8,180-190,3864
Tomas Machac,183.0,23.7,180-190,3865
Roman Safiullin,185.0,26.8,180-190,3866
Thanasi Kokkinakis,193.0,28.2,190-200,3867
Lucas Pouille,185.0,30.3,180-190,3868
Jaume Munar,183.0,27.1,180-190,3869
Holger Rune,188.0,21.1,180-190,3870
Thiago Seyboth Wild,185.0,24.3,180-190,3871
Quentin Halys,191.0,27.6,190-200,3872
Karen Khachanov,198.0,28.1,190-200,3873
Tomas Martin Etcheverry,196.0,24.9,190-200,3874
Alexei Popyrin,196.0,24.9,190-200,3875
Jacob Fearnley,183.0,22.9,180-190,3876
Novak Djokovic,188.0,37.1,180-190,3877
Quentin Halys,191.0,27.7,190-200,3878
Stefanos Tsitsipas,193.0,25.9,190-200,3879
Jan Lennard Struff,193.0,34.2,190-200,3880
Felix Auger Aliassime,193.0,23.9,190-200,3881
Gustavo Heide,191.0,22.3,190-200,3882
Hamad Medjedovic,188.0,20.9,180-190,3883
Juan Pablo Varillas,185.0,28.7,180-190,3884
Yannick Hanfmann,193.0,32.6,190-200,3885
Daniel Elahi Galan,191.0,28.0,190-200,3886
Leandro Riedi,191.0,22.4,190-200,3887
Lukas Klein,193.0,26.3,190-200,3888
Alexander Zverev,198.0,27.2,190-200,3889
Pedro Martinez,185.0,27.2,180-190,3890
Sebastian Baez,170.0,23.5,<180,3891
Francisco Cerundolo,185.0,25.9,180-190,3892
Luciano Darderi,183.0,22.4,180-190,3893
Holger Rune,188.0,21.2,180-190,3894
Hugo Gaston,173.0,23.8,<180,3895
Maximilian Marterer,188.0,29.0,180-190,3896
Ugo Blanchet,175.0,25.5,<180,3897
Alexander Shevchenko,185.0,23.6,180-190,3898
Dusan Lajovic,183.0,34.0,180-190,3899
Laslo Djere,188.0,29.1,180-190,3900
Marco Trungelliti,178.0,34.4,<180,3901
Nuno Borges,185.0,27.4,180-190,3902
Rafael Nadal,185.0,38.1,180-190,3903
Thiago Agustin Tirante,185.0,23.2,180-190,3904
Duje Ajdukovic,188.0,23.4,180-190,3905
Roberto Carballes Baena,183.0,31.3,180-190,3906
Timofey Skatov,175.0,23.4,<180,3907
Mariano Navone,178.0,23.3,<180,3908
Thiago Monteiro,183.0,30.1,180-190,3909
Denis Yevseyev,188.0,31.1,180-190,3910
Henrique Rocha,180.0,20.2,<180,3911
Sumit Nagal,178.0,26.9,<180,3912
Pavel Kotov,191.0,25.6,190-200,3913
Reilly Opelka,211.0,26.8,200+,3914
Mackenzie Mcdonald,178.0,29.2,<180,3915
Aleksandar Kovacevic,183.0,25.8,180-190,3916
Alex Bolt,183.0,31.5,180-190,3917
Maxime Cressy,201.0,27.1,200+,3918
Eliot Spizzirri,183.0,22.5,180-190,3919
Ethan Quinn,191.0,20.3,190-200,3920
Benoit Paire,196.0,35.1,190-200,3921
Yoshihito Nishioka,170.0,28.8,<180,3922
Jordan Thompson,183.0,30.2,180-190,3923
Max Purcell,185.0,26.3,180-190,3924
Alejandro Davidovich Fokina,183.0,25.1,180-190,3925
Frances Tiafoe,188.0,26.5,180-190,3926
Mattia Bellucci,175.0,23.1,<180,3927
David Goffin,180.0,33.6,<180,3928
Harold Mayot,180.0,22.4,<180,3929
Aslan Karatsev,185.0,30.8,180-190,3930
Facundo Diaz Acosta,183.0,23.6,180-190,3931
Nicolas Moreno De Alboran,185.0,27.0,180-190,3932
Lukas Neumayer,183.0,21.8,180-190,3933
Andrey Rublev,188.0,26.7,180-190,3934
Fabian Marozsan,193.0,24.7,190-200,3935
Chun Hsin Tseng,175.0,22.9,<180,3936
Camilo Ugo Carabelli,185.0,25.0,180-190,3937
Matej Dodig,188.0,19.0,180-190,3938
Flavio Cobolli,183.0,22.2,180-190,3939
Sebastian Korda,196.0,24.0,190-200,3940
Ben Shelton,193.0,21.8,190-200,3941
Alex Michelsen,193.0,19.9,190-200,3942
Arthur Rinderknech,196.0,29.0,190-200,3943
Aleksandar Kovacevic,183.0,25.9,180-190,3944
Thanasi Kokkinakis,193.0,28.3,190-200,3945
Giovanni Mpetshi Perricard,203.0,21.0,200+,3946
Seong Chan Hong,175.0,27.0,<180,3947
Miomir Kecmanovic,183.0,24.9,180-190,3948
Luca Van Assche,178.0,20.2,<180,3949
Daniel Elahi Galan,191.0,28.1,190-200,3950
Cristian Garin,185.0,28.1,180-190,3951
Emil Ruusuvuori,188.0,25.3,180-190,3952
Reilly Opelka,211.0,26.9,200+,3953
Mitchell Krueger,188.0,30.5,180-190,3954
J J Wolf,183.0,25.6,180-190,3955
Christopher Oconnell,183.0,30.1,180-190,3956
Radu Albot,175.0,34.7,<180,3957
Dominik Koepfer,180.0,30.2,<180,3958
Matteo Arnaldi,185.0,23.4,180-190,3959
Benjamin Hassan,183.0,29.4,180-190,3960
Daniel Evans,175.0,34.1,<180,3961
Stan Wawrinka,183.0,39.3,180-190,3962
Lorenzo Musetti,185.0,22.4,180-190,3963
Mariano Navone,178.0,23.4,<180,3964
Jack Draper,193.0,22.6,190-200,3965
Taylor Fritz,196.0,26.7,190-200,3966
Casper Ruud,183.0,25.6,180-190,3967
Andrea Vavassori,193.0,29.2,190-200,3968
Maximilian Marterer,188.0,29.1,180-190,3969
Sebastian Ofner,191.0,28.2,190-200,3970
Daniil Medvedev,198.0,28.4,190-200,3971
Corentin Moutet,180.0,25.2,<180,3972
Jakub Mensik,193.0,18.9,190-200,3973
Tommy Paul,185.0,27.2,180-190,3974
Roman Safiullin,185.0,26.9,180-190,3975
Tomas Martin Etcheverry,196.0,25.0,190-200,3976
Tallon Griekspoor,188.0,28.0,180-190,3977
Carlos Alcaraz,183.0,21.2,180-190,3978
Alexei Popyrin,196.0,25.0,190-200,3979
Jannik Sinner,191.0,22.9,190-200,3980
Kei Nishikori,178.0,34.6,<180,3981
Hubert Hurkacz,196.0,27.4,190-200,3982
Alejandro Tabilo,188.0,27.1,180-190,3983
Brandon Nakashima,188.0,23.0,180-190,3984
Grigor Dimitrov,191.0,33.2,190-200,3985
Borna Coric,188.0,27.7,180-190,3986
Lorenzo Sonego,191.0,29.2,190-200,3987
Karen Khachanov,198.0,28.2,190-200,3988
Ugo Humbert,188.0,26.1,180-190,3989
Rinky Hijikata,178.0,23.4,<180,3990
James Duckworth,183.0,32.5,180-190,3991
Pablo Carreno Busta,188.0,33.0,180-190,3992
Alexander Zverev,198.0,27.3,190-200,3993
Andrey Rublev,188.0,26.8,180-190,3994
Jordan Thompson,183.0,30.3,180-190,3995
Fabian Marozsan,193.0,24.8,190-200,3996
Jiri Lehecka,185.0,22.7,180-190,3997
Felix Auger Aliassime,193.0,24.0,190-200,3998
Gael Monfils,193.0,37.9,190-200,3999
Sebastian Baez,170.0,23.6,<180,4000
Arthur Fils,185.0,20.1,180-190,4001
Zhizhen Zhang,193.0,27.8,190-200,4002
Stefanos Tsitsipas,193.0,26.0,190-200,4003
David Goffin,180.0,33.7,<180,4004
Pablo Carreno Busta,188.0,33.1,180-190,4005
Pavel Kotov,191.0,25.7,190-200,4006
Learner Tien,180.0,18.7,<180,4007
Christopher Eubanks,201.0,28.2,200+,4008
Zachary Svajda,175.0,21.7,<180,4009
Juncheng Shang,180.0,19.5,<180,4010
Thiago Seyboth Wild,185.0,24.4,180-190,4011
Aleksandar Vukic,188.0,28.3,180-190,4012
Zizou Bergs,185.0,25.2,180-190,4013
Roman Safiullin,185.0,27.0,180-190,4014
Arthur Cazaux,183.0,21.9,180-190,4015
Christopher Oconnell,183.0,30.2,180-190,4016
Alexandre Muller,183.0,27.5,180-190,4017
Dominic Stricker,183.0,22.0,180-190,4018
Marton Fucsovics,188.0,32.5,180-190,4019
Corentin Moutet,180.0,25.3,<180,4020
Jannik Sinner,191.0,23.0,190-200,4021
Alex Michelsen,193.0,20.0,190-200,4022
Mattia Bellucci,175.0,23.2,<180,4023
Arthur Fils,185.0,20.2,180-190,4024
Gabriel Diallo,203.0,22.9,200+,4025
Nuno Borges,185.0,27.5,180-190,4026
Tristan Schoolkate,183.0,23.4,180-190,4027
Flavio Cobolli,183.0,22.3,180-190,4028
Daniil Medvedev,198.0,28.5,190-200,4029
Carlos Alcaraz,183.0,21.3,180-190,4030
Botic Van De Zandschulp,191.0,28.8,190-200,4031
Adrian Mannarino,180.0,36.1,<180,4032
Tomas Machac,183.0,23.8,180-190,4033
Sebastian Korda,196.0,24.1,190-200,4034
Alex De Minaur,183.0,25.5,180-190,4035
Otto Virtanen,193.0,23.1,190-200,4036
Daniel Evans,175.0,34.2,<180,4037
Matteo Arnaldi,185.0,23.5,180-190,4038
Hubert Hurkacz,196.0,27.5,190-200,4039
Roberto Carballes Baena,183.0,31.4,180-190,4040
Francisco Comesana,178.0,23.8,<180,4041
Matteo Berrettini,196.0,28.3,190-200,4042
Taylor Fritz,196.0,26.8,190-200,4043
Arthur Cazaux,183.0,22.0,180-190,4044
Francisco Cerundolo,185.0,26.0,180-190,4045
Tomas Martin Etcheverry,196.0,25.1,190-200,4046
Mitchell Krueger,188.0,30.6,180-190,4047
Tallon Griekspoor,188.0,28.1,180-190,4048
Rinky Hijikata,178.0,23.5,<180,4049
Roberto Bautista Agut,183.0,36.3,180-190,4050
Alexander Shevchenko,185.0,23.7,180-190,4051
Pedro Martinez,185.0,27.3,180-190,4052
Laslo Djere,188.0,29.2,180-190,4053
Novak Djokovic,188.0,37.2,180-190,4054
Juncheng Shang,180.0,19.6,<180,4055
Lorenzo Musetti,185.0,22.5,180-190,4056
Alibek Kachmazov,185.0,22.0,180-190,4057
Yannick Hanfmann,193.0,32.8,190-200,4058
Alexander Bublik,196.0,27.2,190-200,4059
Nicolas Jarry,201.0,28.9,200+,4060
Adrian Mannarino,180.0,36.2,<180,4061
Taro Daniel,191.0,31.6,190-200,4062
Giovanni Mpetshi Perricard,203.0,21.1,200+,4063
Roman Safiullin,185.0,27.1,180-190,4064
Federico Agustin Gomez,191.0,27.8,190-200,4065
Lukas Klein,193.0,26.4,190-200,4066
Aleksandar Vukic,188.0,28.4,180-190,4067
Yi Zhou,193.0,19.5,190-200,4068
Marin Cilic,198.0,35.9,190-200,4069
Zhizhen Zhang,193.0,27.9,190-200,4070
Brandon Nakashima,188.0,23.1,180-190,4071
Bu Yunchaokete,185.0,22.6,180-190,4072
Yasutaka Uchiyama,183.0,32.1,180-190,4073
Mikhail Kukushkin,183.0,36.7,180-190,4074
Fabian Marozsan,193.0,24.9,190-200,4075
Yoshihito Nishioka,170.0,28.9,<180,4076
Coleman Wong,191.0,20.2,190-200,4077
Ben Shelton,193.0,21.9,190-200,4078
Alexander Zverev,198.0,27.4,190-200,4079
Frances Tiafoe,188.0,26.6,180-190,4080
Grigor Dimitrov,191.0,33.3,190-200,4081
Ugo Humbert,188.0,26.2,180-190,4082
Holger Rune,188.0,21.4,180-190,4083
Tomas Machac,183.0,23.9,180-190,4084
Jack Draper,193.0,22.7,190-200,4085
Kei Nishikori,178.0,34.7,<180,4086
Hubert Hurkacz,196.0,27.6,190-200,4087
Jordan Thompson,183.0,30.4,180-190,4088
Tommy Paul,185.0,27.3,180-190,4089
Matteo Berrettini,196.0,28.4,190-200,4090
Mariano Navone,178.0,23.5,<180,4091
Christopher Oconnell,183.0,30.3,180-190,4092
Jannik Sinner,191.0,23.1,190-200,4093
Daniil Medvedev,198.0,28.6,190-200,4094
Andrey Rublev,188.0,26.9,180-190,4095
Karen Khachanov,198.0,28.3,190-200,4096
Jiri Lehecka,185.0,22.8,180-190,4097
Roberto Bautista Agut,183.0,36.4,180-190,4098
Francisco Cerundolo,185.0,26.1,180-190,4099
Alejandro Davidovich Fokina,183.0,25.3,180-190,4100
Tallon Griekspoor,188.0,28.2,180-190,4101
Pavel Kotov,191.0,25.8,190-200,4102
Novak Djokovic,188.0,37.3,180-190,4103
Taylor Fritz,196.0,26.9,190-200,4104
Carlos Alcaraz,183.0,21.4,180-190,4105
Jakub Mensik,193.0,19.0,190-200,4106
David Goffin,180.0,33.8,<180,4107
Stefanos Tsitsipas,193.0,26.1,190-200,4108
Gael Monfils,193.0,38.0,190-200,4109
Tomas Martin Etcheverry,196.0,25.2,190-200,4110
Roberto Carballes Baena,183.0,31.5,180-190,4111
Alexandre Muller,183.0,27.6,180-190,4112
Matteo Arnaldi,185.0,23.6,180-190,4113
Yibing Wu,183.0,24.9,180-190,4114
Alejandro Tabilo,188.0,27.3,180-190,4115
Alexander Shevchenko,185.0,23.8,180-190,4116
Alexei Popyrin,196.0,25.1,190-200,4117
Flavio Cobolli,183.0,22.4,180-190,4118
Yosuke Watanuki,180.0,26.4,<180,4119
Marcos Giron,180.0,31.1,<180,4120
Botic Van De Zandschulp,191.0,28.9,190-200,4121
Denis Shapovalov,185.0,25.4,180-190,4122
Zachary Svajda,175.0,21.8,<180,4123
Thiago Seyboth Wild,185.0,24.5,180-190,4124
Arthur Cazaux,183.0,22.1,180-190,4125
Fabio Fognini,178.0,37.3,<180,4126
Arthur Rinderknech,196.0,29.1,190-200,4127
Miomir Kecmanovic,183.0,25.0,180-190,4128
Zizou Bergs,185.0,25.3,180-190,4129
Stan Wawrinka,183.0,39.5,180-190,4130
Terence Atmane,193.0,22.7,190-200,4131
Jaume Munar,183.0,27.4,180-190,4132
Mattia Bellucci,175.0,23.3,<180,4133
Gabriel Diallo,203.0,23.0,200+,4134
Aleksandar Vukic,188.0,28.5,180-190,4135
Frances Tiafoe,188.0,26.7,180-190,4136
Beibit Zhukayev,198.0,24.0,190-200,4137
Daniel Evans,175.0,34.3,<180,4138
Otto Virtanen,193.0,23.3,190-200,4139
Tomas Machac,183.0,24.0,180-190,4140
Aslan Karatsev,185.0,31.1,180-190,4141
Borna Coric,188.0,27.9,180-190,4142
Maximilian Marterer,188.0,29.3,180-190,4143
Roberto Bautista Agut,183.0,36.5,180-190,4144
Jiri Lehecka,185.0,22.9,180-190,4145
Hugo Gaston,173.0,24.0,<180,4146
Marcos Giron,180.0,31.2,<180,4147
Alex De Minaur,183.0,25.6,180-190,4148
Felix Auger Aliassime,193.0,24.1,190-200,4149
Mariano Navone,178.0,23.6,<180,4150
Marton Fucsovics,188.0,32.6,180-190,4151
Arthur Rinderknech,196.0,29.2,190-200,4152
Daniel Altmaier,188.0,26.0,180-190,4153
Tommy Paul,185.0,27.4,180-190,4154
Grigor Dimitrov,191.0,33.4,190-200,4155
Miomir Kecmanovic,183.0,25.1,180-190,4156
Dominic Stricker,183.0,22.1,180-190,4157
Casper Ruud,183.0,25.8,180-190,4158
Laslo Djere,188.0,29.3,180-190,4159
Nicolas Jarry,201.0,29.0,200+,4160
Matteo Berrettini,196.0,28.5,190-200,4161
Quentin Halys,191.0,27.9,190-200,4162
Jacob Fearnley,183.0,23.2,180-190,4163
Lorenzo Sonego,191.0,29.4,190-200,4164
Giovanni Mpetshi Perricard,203.0,21.2,200+,4165
Ben Shelton,193.0,22.0,190-200,4166
Arthur Fils,185.0,20.3,180-190,4167
Andrey Rublev,188.0,27.0,180-190,4168
Denis Shapovalov,185.0,25.5,180-190,4169
Botic Van De Zandschulp,191.0,29.0,190-200,4170
Pedro Martinez,185.0,27.4,180-190,4171
Ugo Humbert,188.0,26.3,180-190,4172
Felix Auger Aliassime,193.0,24.2,190-200,4173
Jack Draper,193.0,22.8,190-200,4174
Karen Khachanov,198.0,28.4,190-200,4175
Lorenzo Musetti,185.0,22.6,180-190,4176
Alexander Zverev,198.0,27.5,190-200,4177
Jakub Mensik,193.0,19.1,190-200,4178
Gael Monfils,193.0,38.1,190-200,4179
Luciano Darderi,183.0,22.6,180-190,4180
Brandon Nakashima,188.0,23.2,180-190,4181
Holger Rune,188.0,21.5,180-190,4182
Stefanos Tsitsipas,193.0,26.2,190-200,4183
Jordan Thompson,183.0,30.5,180-190,4184
Francisco Cerundolo,185.0,26.2,180-190,4185
Alexei Popyrin,196.0,25.2,190-200,4186
Adrian Mannarino,180.0,36.3,<180,4187
Alexander Bublik,196.0,27.3,190-200,4188
Tallon Griekspoor,188.0,28.3,180-190,4189
Jan Lennard Struff,193.0,34.5,190-200,4190
Alejandro Tabilo,188.0,27.4,180-190,4191
Alex Michelsen,193.0,20.1,190-200,4192
Giovanni Mpetshi Perricard,203.0,21.3,200+,4193
Zizou Bergs,185.0,25.4,180-190,4194
Hamad Medjedovic,188.0,21.3,180-190,4195
Laslo Djere,188.0,29.4,180-190,4196
Fabian Marozsan,193.0,25.0,190-200,4197
Lukas Klein,193.0,26.6,190-200,4198
Christopher Oconnell,183.0,30.4,180-190,4199
Dusan Lajovic,183.0,34.3,180-190,4200
Roman Safiullin,185.0,27.2,180-190,4201
Aleksandar Kovacevic,183.0,26.1,180-190,4202
Tomas Martin Etcheverry,196.0,25.3,190-200,4203
Marin Cilic,198.0,36.1,190-200,4204
Daniel Altmaier,188.0,26.1,180-190,4205
Benjamin Bonzi,183.0,28.4,180-190,4206
Cameron Norrie,188.0,29.2,180-190,4207
Corentin Moutet,180.0,25.5,<180,4208
Bu Yunchaokete,185.0,22.7,180-190,4209
Quentin Halys,191.0,28.0,190-200,4210
Hugo Gaston,173.0,24.1,<180,4211
Richard Gasquet,183.0,38.3,180-190,4212
Pierre Hugues Herbert,188.0,33.6,180-190,4213
Jannik Sinner,191.0,23.2,190-200,4214
Taylor Fritz,196.0,27.0,190-200,4215
Daniil Medvedev,198.0,28.7,190-200,4216
Carlos Alcaraz,183.0,21.5,180-190,4217
Joao Fonseca,185.0,18.3,180-190,4218
Learner Tien,180.0,19.0,<180,4219
Arthur Fils,185.0,20.5,180-190,4220
Alex Michelsen,193.0,20.3,190-200,4221
Luca Van Assche,178.0,20.5,<180,4222
Nishesh Basavareddy,180.0,19.6,<180,4223
Joao Fonseca,185.0,18.0,180-190,4224
Thiago Monteiro,183.0,30.2,180-190,4225
Thanasi Kokkinakis,193.0,28.4,190-200,4226
Maximilian Marterer,188.0,29.2,180-190,4227
Reilly Opelka,211.0,27.0,200+,4228
Cristian Garin,185.0,28.2,180-190,4229
Jozef Kovalik,183.0,31.8,180-190,4230
Mackenzie Mcdonald,178.0,29.4,<180,4231
Billy Harris,193.0,29.6,190-200,4232
Botic Van De Zandschulp,191.0,29.1,190-200,4233
Matteo Berrettini,196.0,28.6,190-200,4234
Thanasi Kokkinakis,193.0,28.6,190-200,4235
Timofey Skatov,175.0,23.0,<180,4236
Gabriel Diallo,203.0,22.3,200+,4237
Vasek Pospisil,193.0,33.6,190-200,4238
Ignacio Buse,185.0,19.8,180-190,4239
Zizou Bergs,185.0,24.6,180-190,4240
Duje Ajdukovic,188.0,22.9,180-190,4241
Vit Kopriva,178.0,26.6,<180,4242
Otto Virtanen,193.0,22.6,190-200,4243
Henrique Rocha,180.0,19.8,<180,4244
Marton Fucsovics,188.0,31.9,180-190,4245
Zsombor Piros,180.0,24.2,<180,4246
Leandro Riedi,191.0,22.0,190-200,4247
Alex Molcan,178.0,26.1,<180,4248
Lukas Pokorny,191.0,21.9,190-200,4249
Thiago Monteiro,183.0,29.6,180-190,4250
Elias Ymer,185.0,27.8,180-190,4251
Luca Van Assche,178.0,19.7,<180,4252
Nerman Fatic,191.0,29.2,190-200,4253
Damir Dzumhur,175.0,31.6,<180,4254
Chris Rodesch,198.0,22.5,190-200,4255
Alex Knaff,193.0,26.1,190-200,4256
Nicolas Mejia,183.0,23.9,180-190,4257
Adria Soriano Barrera,191.0,24.6,190-200,4258
Mohamed Safwat,180.0,33.3,<180,4259
Amr Elsayed Abdou Ahmed Mohamed,185.0,24.9,180-190,4260
Andres Andrade,180.0,25.1,<180,4261
Dominic Thiem,185.0,30.4,180-190,4262
Lucas Miedler,183.0,27.6,180-190,4263
Benjamin Hassan,183.0,28.9,180-190,4264
Saba Purtseladze,191.0,22.4,190-200,4265
Ricardas Berankis,175.0,33.6,<180,4266
Vilius Gaubas,178.0,19.0,<180,4267
Elmer Moller,183.0,20.5,180-190,4268
Rodrigo Pacheco Mendez,188.0,18.7,180-190,4269
August Holmgren,188.0,25.7,180-190,4270
Viktor Durasovic,185.0,26.8,180-190,4271
Nicolai Budkov Kjaer,188.0,17.4,180-190,4272
Kiranpal Pannu,185.0,27.0,180-190,4273
Yanki Erel,178.0,23.3,<180,4274
Altug Celikbilek,183.0,27.3,180-190,4275
Ramkumar Ramanathan,188.0,29.2,180-190,4276
N Sriram Balaji,180.0,33.8,<180,4277
Niki Kaliyanda Poonacha,191.0,28.7,190-200,4278
Maks Kasnikowski,180.0,20.5,<180,4279
Kamil Majchrzak,180.0,28.0,<180,4280
Darian King,188.0,32.3,180-190,4281
Hugo Dellien,180.0,31.2,<180,4282
Franco Roncadelli,185.0,24.5,180-190,4283
Marcelo Arevalo,193.0,33.8,190-200,4284
Yanaki Milev,180.0,20.4,<180,4285
Iliyan Radulov,187.0,19.2,180-190,4286
Alan Fernando Rubio Fierros,175.0,25.5,<180,4287
Aleksandre Bakshi,180.0,27.1,<180,4288
Rodrigo Pacheco Mendez,188.0,19.3,180-190,4289
Andres Andrade,180.0,25.7,<180,4290
Gonzalo Escobar,178.0,35.6,<180,4291
Benjamin Hassan,183.0,29.5,180-190,4292
Hady Habib,188.0,26.0,180-190,4293
Hugo Nys,185.0,33.5,180-190,4294
Romain Arneodo,175.0,32.0,<180,4295
Benjamin Balleret,185.0,41.6,180-190,4296
Alex Knaff,193.0,26.7,190-200,4297
Chris Rodesch,198.0,23.1,190-200,4298
Cezar Cretu,188.0,23.3,180-190,4299
Gabi Adrian Boitan,185.0,25.1,180-190,4300
Thomas Yaka Kofi Setodji,183.0,28.9,180-190,4301
Michael Agwi,193.0,21.0,190-200,4302
Aziz Dougaz,188.0,27.4,180-190,4303
Skander Mansouri,193.0,29.1,190-200,4304
Mark Lajal,191.0,21.3,190-200,4305
Khumoun Sultanov,180.0,25.8,<180,4306
Juan Carlos Prado Angelo,185.0,18.8,180-190,4307
Murkel Alejandro Dellien Velasco,193.0,26.3,190-200,4308
Boris Arias,185.0,30.2,180-190,4309
Yi Zhou,193.0,18.8,190-200,4310
Sebastian Dominko,203.0,20.7,200+,4311
Yassine Dlimi,191.0,20.7,190-200,4312
Elliot Benchetrit,193.0,25.3,190-200,4313
Marcelo Arevalo,193.0,33.2,190-200,4314
Coleman Wong,191.0,19.6,190-200,4315
Oliver Ojakaar,191.0,19.0,190-200,4316
Blaise Bicknell,191.0,22.1,190-200,4317
Darian King,188.0,31.7,180-190,4318
Valentin Vacherot,193.0,25.2,190-200,4319
Fitriadi M Rifqi,175.0,25.0,<180,4320
Thomas Yaka Kofi Setodji,183.0,28.2,180-190,4321
Komlavi Loglo,183.0,39.0,180-190,4322
Moez Echargui,178.0,31.0,<180,4323
Aziz Dougaz,188.0,26.8,180-190,4324
Franco Roncadelli,185.0,23.9,180-190,4325
Nam Hoang Ly,175.0,26.9,<180,4326
Kris Van Wyk,185.0,27.3,180-190,4327
Kimmer Coppejans,178.0,25.9,<180,4328
Nicolas Jarry,201.0,24.2,200+,4329
Franco Roncadelli,185.0,19.9,180-190,4330
Martin Cuevas,191.0,27.9,190-200,4331
Radu Albot,175.0,30.1,<180,4332
Alexander Cozbinov,188.0,24.6,180-190,4333
John Isner,208.0,34.6,200+,4334
Viktor Durasovic,185.0,22.8,180-190,4335
Kamil Majchrzak,180.0,23.9,<180,4336
Michail Pervolarakis,193.0,23.5,190-200,4337
Jo-Wilfried Tsonga,188.0,34.7,180-190,4338
Gregoire Barrere,183.0,25.8,180-190,4339
Pablo Andujar,180.0,33.9,<180,4340
Kyle Edmund,188.0,24.9,180-190,4341
Frances Tiafoe,188.0,21.9,180-190,4342
Lorenzo Sonego,191.0,24.6,190-200,4343
Malek Jaziri,185.0,35.9,180-190,4344
Jaume Munar,183.0,22.6,180-190,4345
Reilly Opelka,211.0,22.3,200+,4346
Salvatore Caruso,185.0,27.0,180-190,4347
Stephane Robert,185.0,39.6,180-190,4348
Michael Venus,191.0,32.2,190-200,4349
Leonardo Mayer,188.0,32.6,180-190,4350
Joao Sousa,185.0,30.7,180-190,4351
Hugo Dellien,180.0,26.5,<180,4352
Joao Sousa,185.0,30.8,180-190,4353
Christopher Eubanks,201.0,23.7,200+,4354
Yasutaka Uchiyama,183.0,27.4,180-190,4355
Mario Vilella Martinez,178.0,24.5,<180,4356
Yen Hsun Lu,180.0,36.4,<180,4357
Tallon Griekspoor,188.0,23.5,180-190,4358
Hugo Gaston,173.0,19.3,<180,4359
Daniel Elahi Galan,191.0,23.5,190-200,4360
Damir Dzumhur,175.0,27.6,<180,4361
Elliot Benchetrit,193.0,21.3,190-200,4362
Christopher Oconnell,183.0,25.6,180-190,4363
Evgeny Donskoy,185.0,29.7,180-190,4364
Marco Cecchinato,185.0,27.3,180-190,4365
Andrew Harris,183.0,25.8,180-190,4366
Marco Trungelliti,178.0,29.9,<180,4367
John Patrick Smith,188.0,30.9,180-190,4368
Mohamed Safwat,180.0,29.3,<180,4369
Max Purcell,185.0,21.7,180-190,4370
Quentin Halys,191.0,23.2,190-200,4371
Steve Johnson,188.0,30.0,180-190,4372
Marcos Giron,180.0,26.4,<180,4373
Lorenzo Giustino,180.0,28.3,<180,4374
Cedrik Marcel Stebe,183.0,29.2,180-190,4375
Lloyd Harris,193.0,22.9,190-200,4376
Mackenzie Mcdonald,178.0,24.7,<180,4377
Prajnesh Gunneswaran,188.0,30.1,180-190,4378
Leonardo Mayer,188.0,32.7,180-190,4379
Filip Horansky,175.0,27.0,<180,4380
Federico Gaio,178.0,27.9,<180,4381
Juan Pablo Ficovich,191.0,23.0,190-200,4382
Fernando Verdasco,188.0,36.2,180-190,4383
Enzo Couacaud,183.0,24.9,180-190,4384
Sergiy Stakhovsky,193.0,34.0,190-200,4385
Henri Laaksonen,185.0,27.8,180-190,4386
Stefano Travaglia,185.0,28.1,180-190,4387
Lukas Rosol,193.0,34.5,190-200,4388
Sasi Kumar Mukund,185.0,23.0,180-190,4389
Yannick Maden,185.0,30.2,180-190,4390
Antoine Hoang,183.0,24.2,180-190,4391
Ramkumar Ramanathan,188.0,25.2,180-190,4392
Arjun Kadhe,185.0,26.0,180-190,4393
Thomas Fabbiano,173.0,30.6,<180,4394
Sumit Nagal,178.0,22.4,<180,4395
Ivo Karlovic,208.0,40.9,200+,4396
Corentin Moutet,180.0,20.8,<180,4397
Facundo Diaz Acosta,183.0,19.1,180-190,4398
Francisco Cerundolo,185.0,21.4,180-190,4399
Tennys Sandgren,188.0,28.5,180-190,4400
Kevin Anderson,203.0,33.7,200+,4401
Danilo Petrovic,203.0,28.0,200+,4402
Brayden Schnur,193.0,24.6,190-200,4403
Go Soeda,178.0,35.4,<180,4404
Tallon Griekspoor,188.0,23.6,180-190,4405
Mikhail Kukushkin,183.0,32.1,180-190,4406
Fabio Fognini,178.0,32.7,<180,4407
Robin Haase,191.0,32.8,190-200,4408
Daniel Elahi Galan,191.0,23.6,190-200,4409
Stefan Kozlov,183.0,22.0,180-190,4410
Ernests Gulbis,190.0,31.4,180-190,4411
Radu Albot,175.0,30.2,<180,4412
Bernard Tomic,196.0,27.3,190-200,4413
Denis Istomin,185.0,33.4,180-190,4414
Norbert Gombos,193.0,29.5,190-200,4415
Harold Mayot,180.0,18.0,<180,4416
Gregoire Barrere,183.0,26.0,180-190,4417
Felipe Meligeni Alves,185.0,21.9,180-190,4418
Andrej Martin,183.0,30.4,180-190,4419
Alex De Minaur,183.0,21.0,180-190,4420
Cameron Norrie,188.0,24.5,180-190,4421
Nick Kyrgios,193.0,24.8,190-200,4422
Feliciano Lopez,188.0,38.4,180-190,4423
Alex Bolt,183.0,27.1,180-190,4424
Mischa Zverev,190.0,32.5,180-190,4425
Gerardo Lopez Villasenor,191.0,24.7,190-200,4426
Malek Jaziri,185.0,36.0,180-190,4427
Mohamed Safwat,180.0,29.4,<180,4428
Yen Hsun Lu,180.0,36.5,<180,4429
Lorenzo Musetti,185.0,17.9,180-190,4430
Yoshihito Nishioka,170.0,24.4,<180,4431
Pablo Carreno Busta,188.0,28.6,180-190,4432
Carlos Taberner,183.0,22.5,180-190,4433
Marco Cecchinato,185.0,27.4,180-190,4434
Jaume Munar,183.0,22.8,180-190,4435
Filip Horansky,175.0,27.1,<180,4436
Martin Klizan,191.0,30.6,190-200,4437
Jozef Kovalik,183.0,27.3,180-190,4438
Tommy Paul,185.0,23.2,180-190,4439
Lorenzo Sonego,191.0,25.2,190-200,4440
Nikoloz Basilashvili,185.0,28.5,180-190,4441
Benoit Paire,196.0,31.2,190-200,4442
Mackenzie Mcdonald,178.0,25.3,<180,4443
Lloyd Harris,193.0,23.4,190-200,4444
Alexander Bublik,196.0,23.1,190-200,4445
Dusan Lajovic,183.0,30.1,180-190,4446
Sebastian Korda,196.0,20.1,190-200,4447
Frances Tiafoe,188.0,22.5,180-190,4448
Sam Querrey,198.0,32.8,190-200,4449
Salvatore Caruso,185.0,27.6,180-190,4450
Damir Dzumhur,175.0,28.2,<180,4451
Joao Sousa,185.0,31.4,180-190,4452
Yasutaka Uchiyama,183.0,28.0,180-190,4453
Pedro Sousa,180.0,32.2,<180,4454
Federico Gaio,178.0,28.4,<180,4455
Thai Son Kwiatkowski,188.0,25.5,180-190,4456
Mohamed Safwat,180.0,29.9,<180,4457
Mikael Ymer,183.0,21.9,180-190,4458
Marc Polmans,188.0,23.3,180-190,4459
Reilly Opelka,211.0,23.0,200+,4460
Jozef Kovalik,183.0,27.8,180-190,4461
Evgeny Donskoy,185.0,30.3,180-190,4462
Pablo Andujar,180.0,34.6,<180,4463
Stefano Travaglia,185.0,28.6,180-190,4464
Attila Balazs,180.0,31.9,<180,4465
Ulises Blanch,188.0,22.4,180-190,4466
Jason Jung,180.0,31.2,<180,4467
Dennis Novak,183.0,27.0,180-190,4468
Peter Gojowczyk,188.0,31.1,180-190,4469
Pablo Cuevas,180.0,34.6,<180,4470
Paolo Lorenzi,183.0,38.7,180-190,4471
Go Soeda,178.0,35.9,<180,4472
Yuichi Sugita,173.0,31.9,<180,4473
Kamil Majchrzak,180.0,24.6,<180,4474
James Duckworth,183.0,28.6,180-190,4475
Taro Daniel,191.0,27.5,190-200,4476
Jeremy Chardy,188.0,33.5,180-190,4477
Hugo Dellien,180.0,27.2,<180,4478
Andreas Seppi,190.0,36.5,180-190,4479
Gianluca Mager,188.0,25.7,180-190,4480
Philipp Kohlschreiber,178.0,36.8,<180,4481
Leonardo Mayer,188.0,33.2,180-190,4482
Andrej Martin,183.0,30.9,180-190,4483
Ivo Karlovic,208.0,41.5,200+,4484
Sam Querrey,198.0,32.9,190-200,4485
Thiago Monteiro,183.0,26.2,180-190,4486
Jiri Vesely,198.0,27.1,190-200,4487
Thiago Seyboth Wild,185.0,20.4,180-190,4488
Denis Kudla,180.0,28.0,<180,4489
Bradley Klahn,183.0,30.0,180-190,4490
Jaume Munar,183.0,23.3,180-190,4491
Fabio Fognini,178.0,33.2,<180,4492
Pierre Hugues Herbert,188.0,29.4,180-190,4493
Kei Nishikori,178.0,30.6,<180,4494
Gael Monfils,193.0,34.0,190-200,4495
Stan Wawrinka,183.0,35.4,180-190,4496
Daniel Evans,175.0,30.3,<180,4497
Facundo Bagnis,183.0,30.5,180-190,4498
Adrian Mannarino,180.0,32.2,<180,4499
Philipp Kohlschreiber,178.0,36.9,<180,4500
Mikael Ymer,183.0,22.0,180-190,4501
Liam Broady,183.0,26.7,180-190,4502
Kamil Majchrzak,180.0,24.7,<180,4503
Yasutaka Uchiyama,183.0,28.1,180-190,4504
Alexei Popyrin,196.0,21.1,190-200,4505
Vasek Pospisil,193.0,30.2,190-200,4506
Quentin Halys,191.0,23.9,190-200,4507
Gianluca Mager,188.0,25.8,180-190,4508
Harold Mayot,180.0,18.6,<180,4509
Steve Johnson,188.0,30.7,180-190,4510
Gregoire Barrere,183.0,26.6,180-190,4511
Arthur Rinderknech,196.0,25.1,190-200,4512
Henri Laaksonen,185.0,28.4,180-190,4513
Jaume Munar,183.0,23.4,180-190,4514
Emilio Gomez,185.0,28.8,180-190,4515
Jordan Thompson,183.0,26.4,180-190,4516
Tomas Machac,183.0,19.9,180-190,4517
Jeremy Chardy,188.0,33.6,180-190,4518
Andy Murray,191.0,33.3,190-200,4519
Antoine Hoang,183.0,24.9,180-190,4520
Maxime Janvier,196.0,23.9,190-200,4521
Yuichi Sugita,173.0,32.0,<180,4522
Michael Mmoh,188.0,22.7,180-190,4523
Soon Woo Kwon,180.0,22.8,<180,4524
David Goffin,180.0,29.8,<180,4525
Aleksandar Vukic,188.0,24.4,180-190,4526
Elliot Benchetrit,193.0,21.9,190-200,4527
Steven Diez,175.0,29.5,<180,4528
Benoit Paire,196.0,31.4,190-200,4529
Andy Murray,191.0,33.4,190-200,4530
Kyle Edmund,188.0,25.7,180-190,4531
Filip Krajinovic,185.0,28.6,180-190,4532
Casper Ruud,183.0,21.8,180-190,4533
Jozef Kovalik,183.0,27.9,180-190,4534
Salvatore Caruso,185.0,27.8,180-190,4535
Giulio Zeppieri,183.0,18.8,180-190,4536
Sumit Nagal,178.0,23.1,<180,4537
Nino Serdarusic,191.0,23.8,190-200,4538
James Duckworth,183.0,28.7,180-190,4539
Tennys Sandgren,188.0,29.2,180-190,4540
J J Wolf,183.0,21.8,180-190,4541
Pavel Kotov,191.0,21.9,190-200,4542
Viktor Troicki,193.0,34.6,190-200,4543
Denis Shapovalov,185.0,21.5,180-190,4544
Alexei Popyrin,196.0,21.2,190-200,4545
Daniel Altmaier,188.0,22.1,180-190,4546
Damir Dzumhur,175.0,28.4,<180,4547
Timofey Skatov,175.0,19.7,<180,4548
Stefano Travaglia,185.0,28.8,180-190,4549
Dmitry Popko,191.0,24.0,190-200,4550
Dusan Lajovic,183.0,30.3,180-190,4551
Aljaz Bedene,181.0,31.2,180-190,4552
Gael Monfils,193.0,34.1,190-200,4553
Felix Auger Aliassime,193.0,20.2,190-200,4554
Jason Jung,180.0,31.3,<180,4555
Vitaliy Sachko,188.0,23.2,180-190,4556
David Goffin,180.0,29.9,<180,4557
Matteo Berrettini,196.0,24.5,190-200,4558
Marton Fucsovics,188.0,28.7,180-190,4559
Hugo Gaston,173.0,20.1,<180,4560
Nikoloz Basilashvili,185.0,28.6,180-190,4561
Taylor Fritz,196.0,23.0,190-200,4562
Federico Coria,180.0,28.6,<180,4563
Laslo Djere,188.0,25.4,180-190,4564
Viktor Troicki,193.0,34.7,190-200,4565
Martin Klizan,191.0,31.3,190-200,4566
Taro Daniel,191.0,27.7,190-200,4567
Nikoloz Basilashvili,185.0,28.7,180-190,4568
Adrian Andreev,175.0,19.4,<180,4569
Andrej Martin,183.0,31.1,180-190,4570
Illya Marchenko,185.0,33.1,180-190,4571
Marin Cilic,198.0,32.1,190-200,4572
Roberto Carballes Baena,183.0,27.6,180-190,4573
Dimitar Kuzmanov,183.0,27.2,180-190,4574
Santiago Giraldo,188.0,32.2,180-190,4575
Martin Cuevas,191.0,28.1,190-200,4576
Jurij Rodionov,191.0,20.7,190-200,4577
Kimmer Coppejans,178.0,26.0,<180,4578
Prajnesh Gunneswaran,188.0,30.3,180-190,4579
Ramkumar Ramanathan,188.0,25.3,180-190,4580
Sumit Nagal,178.0,22.5,<180,4581
Ilya Ivashka,193.0,26.0,190-200,4582
Elias Ymer,185.0,23.8,180-190,4583
Sanjar Fayziev,188.0,25.5,180-190,4584
Ruan Roelofse,188.0,30.2,180-190,4585
Mirza Basic,188.0,28.6,180-190,4586
Jose Hernandez,183.0,29.9,180-190,4587
Federico Zeballos,185.0,31.7,180-190,4588
Jirat Navasirisomboon,175.0,23.2,<180,4589
Laurynas Grigelis,183.0,28.5,180-190,4590
Julius Tverijonas,188.0,25.7,180-190,4591
Manuel Sanchez,183.0,29.1,180-190,4592
Harri Heliovaara,188.0,30.7,180-190,4593
Darian King,188.0,27.8,180-190,4594
Nik Razborsek,173.0,26.4,<180,4595
Blaz Kavcic,188.0,32.9,180-190,4596
Sandro Ehrat,180.0,28.8,<180,4597
Nicolas Alvarez,185.0,23.7,180-190,4598
Cem Ilkel,185.0,24.5,180-190,4599
Ben Patael,188.0,22.7,180-190,4600
Ajeet Rai,188.0,21.1,180-190,4601
Brandon Perez,191.0,20.1,190-200,4602
Luca Nardi,185.0,17.2,180-190,4603
Kimmer Coppejans,178.0,26.6,<180,4604
Tennys Sandgren,188.0,29.7,180-190,4605
Cedrik Marcel Stebe,183.0,30.5,180-190,4606
Philipp Kohlschreiber,178.0,37.5,<180,4607
Emil Ruusuvuori,188.0,22.0,180-190,4608
Maximilian Marterer,188.0,25.8,180-190,4609
Aleksandar Vukic,188.0,25.1,180-190,4610
Illya Marchenko,185.0,33.7,180-190,4611
Lorenzo Sonego,191.0,26.0,190-200,4612
Jannik Sinner,191.0,19.8,190-200,4613
Albert Ramos,188.0,33.4,180-190,4614
Alejandro Tabilo,188.0,24.0,180-190,4615
Yen Hsun Lu,180.0,37.8,<180,4616
Sebastian Ofner,191.0,25.0,190-200,4617
Dominic Stricker,183.0,18.9,180-190,4618
Oscar Otte,193.0,28.0,190-200,4619
Sandro Ehrat,180.0,30.2,<180,4620
Juan Manuel Cerundolo,183.0,19.6,180-190,4621
Leandro Riedi,191.0,19.4,190-200,4622
Juan Ignacio Londero,180.0,27.9,<180,4623
Kacper Zuk,183.0,22.4,180-190,4624
Marc Andrea Huesler,196.0,25.0,190-200,4625
Enzo Couacaud,183.0,26.3,180-190,4626
Johan Nikles,173.0,24.3,<180,4627
Paolo Lorenzi,183.0,39.5,180-190,4628
Jurij Rodionov,191.0,22.1,190-200,4629
Cedrik Marcel Stebe,183.0,30.7,180-190,4630
Mitchell Krueger,188.0,27.4,180-190,4631
Joao Sousa,185.0,32.2,180-190,4632
Brayden Schnur,193.0,26.0,190-200,4633
Bernabe Zapata Miralles,183.0,24.4,180-190,4634
Francisco Cerundolo,185.0,22.9,180-190,4635
Pedro Sousa,180.0,33.1,<180,4636
Thiago Monteiro,183.0,27.1,180-190,4637
Salvatore Caruso,185.0,28.5,180-190,4638
Pablo Cuevas,180.0,35.5,<180,4639
Facundo Bagnis,183.0,31.3,180-190,4640
Lorenzo Musetti,185.0,19.3,180-190,4641
Taro Daniel,191.0,28.4,190-200,4642
Fabio Fognini,178.0,34.1,<180,4643
Ernests Gulbis,190.0,32.9,180-190,4644
Jaume Munar,183.0,24.2,180-190,4645
Dennis Novak,183.0,27.9,180-190,4646
Radu Albot,175.0,31.7,<180,4647
Federico Delbonis,193.0,30.8,190-200,4648
Lukas Neumayer,183.0,18.8,180-190,4649
Radu Albot,175.0,31.5,<180,4650
Altug Celikbilek,183.0,24.7,180-190,4651
Gilles Simon,183.0,36.4,180-190,4652
Dustin Brown,196.0,36.4,190-200,4653
Rudolf Molleker,188.0,20.5,180-190,4654
Hubert Hurkacz,196.0,24.2,190-200,4655
Adrian Mannarino,180.0,32.8,<180,4656
Benoit Paire,196.0,32.0,190-200,4657
Daniel Altmaier,188.0,22.6,180-190,4658
Salvatore Caruso,185.0,28.4,180-190,4659
Jordan Thompson,183.0,27.0,180-190,4660
Roger Federer,185.0,39.7,180-190,4661
Kevin Anderson,203.0,35.4,200+,4662
Dominik Koepfer,180.0,27.4,<180,4663
Fabio Fognini,178.0,34.4,<180,4664
Marco Cecchinato,185.0,28.9,180-190,4665
Gilles Simon,183.0,36.7,180-190,4666
Alexandre Muller,183.0,24.6,180-190,4667
Antoine Hoang,183.0,25.8,180-190,4668
Ugo Humbert,188.0,23.2,180-190,4669
Gregoire Barrere,183.0,27.5,180-190,4670
Brayden Schnur,193.0,26.2,190-200,4671
Alex De Minaur,183.0,22.5,180-190,4672
Benoit Paire,196.0,32.4,190-200,4673
Pierre Hugues Herbert,188.0,30.6,180-190,4674
Mikael Ymer,183.0,23.1,180-190,4675
Richard Gasquet,183.0,35.3,180-190,4676
Gianluca Mager,188.0,26.9,180-190,4677
Laslo Djere,188.0,26.4,180-190,4678
Federico Delbonis,193.0,31.0,190-200,4679
Miomir Kecmanovic,183.0,22.1,180-190,4680
Lucas Pouille,185.0,26.9,180-190,4681
Gilles Simon,183.0,36.1,180-190,4682
Norbert Gombos,193.0,30.5,190-200,4683
Nikoloz Basilashvili,185.0,28.9,180-190,4684
Kevin Anderson,203.0,34.8,200+,4685
Thomas Fabbiano,173.0,31.8,<180,4686
Fernando Verdasco,188.0,37.3,180-190,4687
Thiago Seyboth Wild,185.0,21.0,180-190,4688
Christopher Oconnell,183.0,26.8,180-190,4689
Pedro Martinez,185.0,23.9,180-190,4690
Shintaro Mochizuki,175.0,17.8,<180,4691
Michael Mmoh,188.0,23.1,180-190,4692
Federico Coria,180.0,29.0,<180,4693
Radu Albot,175.0,31.3,<180,4694
Jack Draper,193.0,19.2,190-200,4695
Salvatore Caruso,185.0,28.2,180-190,4696
Mischa Zverev,190.0,33.5,180-190,4697
Tommy Paul,185.0,23.8,180-190,4698
Steve Johnson,188.0,31.2,180-190,4699
Alejandro Tabilo,188.0,23.8,180-190,4700
Carlos Alcaraz,183.0,17.8,180-190,4701
Emilio Nava,185.0,19.3,180-190,4702
Federico Gaio,178.0,29.0,<180,4703
Pedro Sousa,180.0,32.8,<180,4704
Paolo Lorenzi,183.0,39.2,180-190,4705
Stefano Travaglia,185.0,29.2,180-190,4706
Sam Querrey,198.0,33.4,190-200,4707
Benoit Paire,196.0,31.8,190-200,4708
Reilly Opelka,211.0,23.5,200+,4709
Roberto Marcora,193.0,32.0,190-200,4710
Daniel Elahi Galan,191.0,25.2,190-200,4711
Holger Rune,188.0,18.4,180-190,4712
Facundo Bagnis,183.0,31.6,180-190,4713
Cem Ilkel,185.0,26.1,180-190,4714
Adrian Mannarino,180.0,33.2,<180,4715
Jordan Thompson,183.0,27.4,180-190,4716
Jack Sock,191.0,29.0,190-200,4717
Federico Delbonis,193.0,30.9,190-200,4718
Denis Kudla,180.0,29.1,<180,4719
Renzo Olivo,178.0,29.5,<180,4720
Steve Johnson,188.0,31.7,180-190,4721
Joao Sousa,185.0,32.5,180-190,4722
Thiago Monteiro,183.0,27.3,180-190,4723
Feliciano Lopez,188.0,40.0,180-190,4724
Jaume Munar,183.0,24.4,180-190,4725
Zachary Svajda,175.0,18.8,<180,4726
J J Wolf,183.0,22.7,180-190,4727
Sam Querrey,198.0,33.9,190-200,4728
Felix Auger Aliassime,193.0,21.1,190-200,4729
Dusan Lajovic,183.0,31.2,180-190,4730
Stan Wawrinka,183.0,35.9,180-190,4731
Robin Haase,191.0,33.9,190-200,4732
John Millman,183.0,31.7,180-190,4733
Botic Van De Zandschulp,191.0,25.4,190-200,4734
Holger Rune,188.0,17.9,180-190,4735
Lucas Catarina,185.0,24.6,180-190,4736
Juan Ignacio Londero,180.0,27.6,<180,4737
Matteo Berrettini,196.0,24.9,190-200,4738
Lucas Pouille,185.0,27.3,180-190,4739
Zhizhen Zhang,193.0,24.7,190-200,4740
Sumit Nagal,178.0,23.9,<180,4741
Ricardas Berankis,175.0,31.0,<180,4742
Jan Lennard Struff,193.0,31.2,190-200,4743
Nicola Kuhn,185.0,21.3,180-190,4744
Corentin Moutet,180.0,22.2,<180,4745
Jaume Munar,183.0,24.1,180-190,4746
Maximilian Marterer,188.0,26.0,180-190,4747
Gael Monfils,193.0,34.6,190-200,4748
Ramkumar Ramanathan,188.0,26.7,180-190,4749
Mitchell Krueger,188.0,27.5,180-190,4750
Prajnesh Gunneswaran,188.0,31.7,180-190,4751
Alexei Popyrin,196.0,21.9,190-200,4752
Illya Marchenko,185.0,33.9,180-190,4753
Sam Querrey,198.0,33.8,190-200,4754
Yoshihito Nishioka,170.0,25.8,<180,4755
Miomir Kecmanovic,183.0,21.9,180-190,4756
Daniel Evans,175.0,31.1,<180,4757
Alejandro Davidovich Fokina,183.0,22.1,180-190,4758
Laslo Djere,188.0,26.2,180-190,4759
David Goffin,180.0,30.6,<180,4760
Thiago Monteiro,183.0,26.8,180-190,4761
Jo-Wilfried Tsonga,188.0,36.0,180-190,4762
Gilles Simon,183.0,36.3,180-190,4763
Andrey Kuznetsov,183.0,30.1,180-190,4764
Sumit Nagal,178.0,23.6,<180,4765
Denis Istomin,185.0,35.1,180-190,4766
Pavel Kotov,191.0,22.9,190-200,4767
Peter Gojowczyk,188.0,32.3,180-190,4768
Elias Ymer,185.0,25.5,180-190,4769
Emil Ruusuvuori,188.0,22.6,180-190,4770
Leo Borg,183.0,18.4,180-190,4771
Borna Gojo,196.0,23.6,190-200,4772
Benjamin Bonzi,183.0,25.3,180-190,4773
Damir Dzumhur,175.0,29.4,<180,4774
Guido Pella,183.0,31.4,180-190,4775
Evgeny Donskoy,185.0,31.4,180-190,4776
Alibek Kachmazov,185.0,19.1,180-190,4777
Roman Safiullin,185.0,24.1,180-190,4778
Filip Horansky,175.0,28.5,<180,4779
Aljaz Bedene,181.0,32.0,180-190,4780
Renzo Olivo,178.0,29.3,<180,4781
Nino Serdarusic,191.0,24.5,190-200,4782
Andrea Collarini,183.0,29.4,180-190,4783
Christopher Oconnell,183.0,26.7,180-190,4784
Blaz Rola,193.0,30.4,190-200,4785
Ramkumar Ramanathan,188.0,26.3,180-190,4786
Jo-Wilfried Tsonga,188.0,35.9,180-190,4787
Dennis Novak,183.0,27.5,180-190,4788
Marco Cecchinato,185.0,28.4,180-190,4789
Yuki Bhambri,185.0,28.6,180-190,4790
Pablo Carreno Busta,188.0,29.6,180-190,4791
Matthew Ebden,188.0,33.3,180-190,4792
Lorenzo Giustino,180.0,29.5,<180,4793
Alex Molcan,178.0,23.2,<180,4794
Constant Lestienne,180.0,28.7,<180,4795
Feliciano Lopez,188.0,39.4,180-190,4796
Petros Tsitsipas,185.0,20.6,180-190,4797
Stefano Travaglia,185.0,29.1,180-190,4798
Thomaz Bellucci,188.0,33.0,180-190,4799
Soon Woo Kwon,180.0,23.0,<180,4800
Ji Sung Nam,183.0,27.3,180-190,4801
Jc Aragone,178.0,25.5,<180,4802
Kevin King,191.0,29.8,190-200,4803
Donald Young,183.0,31.4,180-190,4804
Pablo Andujar,180.0,34.9,<180,4805
Noah Rubin,175.0,24.8,<180,4806
Andrej Martin,183.0,31.2,180-190,4807
Ryan Harrison,185.0,28.6,180-190,4808
Tomas Martin Etcheverry,196.0,21.4,190-200,4809
Cristian Garin,185.0,24.5,180-190,4810
Daniel Altmaier,188.0,22.7,180-190,4811
David Goffin,180.0,30.5,<180,4812
Thiago Agustin Tirante,185.0,19.8,180-190,4813
Juan Ignacio Londero,180.0,27.5,<180,4814
Facundo Diaz Acosta,183.0,20.2,180-190,4815
Evgenii Tiurnev,191.0,24.5,190-200,4816
Yshai Oliel,188.0,21.8,180-190,4817
Nino Serdarusic,191.0,24.8,190-200,4818
James Ward,190.0,34.3,180-190,4819
Alastair Gray,193.0,22.9,190-200,4820
Norbert Gombos,193.0,30.8,190-200,4821
Mikhail Kukushkin,183.0,33.4,180-190,4822
Jo-Wilfried Tsonga,188.0,36.1,180-190,4823
Jay Clarke,183.0,22.9,180-190,4824
Gerardo Lopez Villasenor,191.0,25.8,190-200,4825
Stefan Kozlov,183.0,23.1,180-190,4826
Brandon Nakashima,188.0,19.6,180-190,4827
Fernando Verdasco,188.0,37.4,180-190,4828
Carlos Taberner,183.0,23.7,180-190,4829
Viktor Troicki,193.0,35.1,190-200,4830
Joao Sousa,185.0,32.0,180-190,4831
Danilo Petrovic,203.0,29.2,200+,4832
Francisco Cerundolo,185.0,22.6,180-190,4833
Roberto Carballes Baena,183.0,28.0,180-190,4834
Lucas Pouille,185.0,27.2,180-190,4835
Yasutaka Uchiyama,183.0,28.8,180-190,4836
Taro Daniel,191.0,28.3,190-200,4837
Kevin Anderson,203.0,35.0,200+,4838
Joao Sousa,185.0,32.1,180-190,4839
Mathias Bourgue,188.0,27.3,180-190,4840
Denis Istomin,185.0,34.7,180-190,4841
Hugo Gaston,173.0,20.6,<180,4842
Bjorn Fratangelo,183.0,27.8,180-190,4843
Pierre Hugues Herbert,188.0,30.2,180-190,4844
Albert Ramos,188.0,33.3,180-190,4845
Yen Hsun Lu,180.0,37.7,<180,4846
Jenson Brooksby,188.0,20.5,180-190,4847
Bernabe Zapata Miralles,183.0,24.3,180-190,4848
Benjamin Bonzi,183.0,24.9,180-190,4849
Oscar Otte,193.0,27.8,190-200,4850
Carlos Taberner,183.0,23.8,180-190,4851
Alessandro Giannessi,185.0,31.0,180-190,4852
Mario Vilella Martinez,178.0,25.9,<180,4853
Gregoire Barrere,183.0,27.2,180-190,4854
Dominic Thiem,185.0,27.7,180-190,4855
Maximilian Marterer,188.0,25.9,180-190,4856
Francisco Cerundolo,185.0,22.7,180-190,4857
Egor Gerasimov,196.0,28.5,190-200,4858
Daniel Elahi Galan,191.0,24.9,190-200,4859
Emil Ruusuvuori,188.0,22.1,180-190,4860
Juan Ignacio Londero,180.0,27.7,<180,4861
Christopher Oconnell,183.0,26.9,180-190,4862
Jack Draper,193.0,19.5,190-200,4863
Tomas Barrios Vera,191.0,23.5,190-200,4864
Christopher Oconnell,183.0,27.0,180-190,4865
Roberto Carballes Baena,183.0,28.2,180-190,4866
Gilles Simon,183.0,36.5,180-190,4867
Zhizhen Zhang,193.0,24.6,190-200,4868
Reilly Opelka,211.0,23.8,200+,4869
Daniel Masur,183.0,26.6,180-190,4870
Guido Pella,183.0,31.1,180-190,4871
Gregoire Barrere,183.0,27.3,180-190,4872
John Isner,208.0,36.1,200+,4873
Aslan Karatsev,185.0,27.8,180-190,4874
Juan Ignacio Londero,180.0,27.8,<180,4875
Ugo Humbert,188.0,23.0,180-190,4876
Tallon Griekspoor,188.0,24.9,180-190,4877
Yuichi Sugita,173.0,32.7,<180,4878
Pedro Sousa,180.0,33.0,<180,4879
Mikhail Kukushkin,183.0,33.5,180-190,4880
Fernando Verdasco,188.0,37.6,180-190,4881
Marco Trungelliti,178.0,31.4,<180,4882
Salvatore Caruso,185.0,28.7,180-190,4883
David Goffin,180.0,30.7,<180,4884
Tennys Sandgren,188.0,30.1,180-190,4885
Stefano Travaglia,185.0,29.6,180-190,4886
Jeremy Chardy,188.0,34.5,180-190,4887
Yoshihito Nishioka,170.0,25.9,<180,4888
Yannick Hanfmann,193.0,29.7,190-200,4889
Maximilian Marterer,188.0,26.2,180-190,4890
Max Purcell,185.0,23.4,180-190,4891
Emilio Nava,185.0,19.7,180-190,4892
Pablo Cuevas,180.0,35.6,<180,4893
Ivo Karlovic,208.0,42.5,200+,4894
Christopher Eubanks,201.0,25.3,200+,4895
Nick Kyrgios,193.0,26.3,190-200,4896
Kamil Majchrzak,180.0,25.6,<180,4897
Feliciano Lopez,188.0,39.9,180-190,4898
Evgeny Donskoy,185.0,31.3,180-190,4899
Yuichi Sugita,173.0,32.9,<180,4900
Carlos Taberner,183.0,24.0,180-190,4901
Taro Daniel,191.0,28.5,190-200,4902
Jiri Vesely,198.0,28.1,190-200,4903
Sam Riffice,188.0,22.4,180-190,4904
Radu Albot,175.0,31.8,<180,4905
Marin Cilic,198.0,32.9,190-200,4906
Mikhail Kukushkin,183.0,33.6,180-190,4907
Quentin Halys,191.0,24.8,190-200,4908
Richard Gasquet,183.0,35.2,180-190,4909
Yen Hsun Lu,180.0,37.4,<180,4910
Marc Polmans,188.0,23.7,180-190,4911
Gael Monfils,193.0,34.4,190-200,4912
Yoshihito Nishioka,170.0,25.3,<180,4913
Hugo Dellien,180.0,27.6,<180,4914
Frederico Ferreira Silva,178.0,25.8,<180,4915
Marin Cilic,198.0,32.3,190-200,4916
Norbert Gombos,193.0,30.4,190-200,4917
Kimmer Coppejans,178.0,27.0,<180,4918
Damir Dzumhur,175.0,28.7,<180,4919
Gianluca Mager,188.0,26.1,180-190,4920
Juan Ignacio Londero,180.0,27.4,<180,4921
Elias Ymer,185.0,24.8,180-190,4922
Andrej Martin,183.0,31.3,180-190,4923
Li Tu,183.0,24.7,180-190,4924
Jordan Thompson,183.0,26.8,180-190,4925
David Goffin,180.0,30.1,<180,4926
Quentin Halys,191.0,24.2,190-200,4927
Attila Balazs,180.0,32.3,<180,4928
Vasek Pospisil,193.0,30.6,190-200,4929
Sumit Nagal,178.0,23.4,<180,4930
Mario Vilella Martinez,178.0,25.6,<180,4931
Henri Laaksonen,185.0,28.8,180-190,4932
Andreas Seppi,190.0,36.9,180-190,4933
Ilya Ivashka,193.0,26.9,190-200,4934
Viktor Troicki,193.0,34.9,190-200,4935
Laslo Djere,188.0,25.6,180-190,4936
J J Wolf,183.0,22.5,180-190,4937
Evgeny Donskoy,185.0,31.2,180-190,4938
Trent Bryde,183.0,21.9,180-190,4939
Milos Raonic,196.0,30.5,190-200,4940
Noah Rubin,175.0,25.5,<180,4941
Facundo Bagnis,183.0,31.4,180-190,4942
Tung Lin Wu,188.0,23.2,180-190,4943
Eduardo Nava,180.0,24.4,<180,4944
Adrian Andreev,175.0,20.3,<180,4945
Alexandar Lazarov,191.0,23.8,190-200,4946
Nicolas Mejia,183.0,21.4,180-190,4947
Gerardo Lopez Villasenor,191.0,26.1,190-200,4948
Alexander Sarkissian,191.0,31.2,190-200,4949
Thanasi Kokkinakis,193.0,25.2,190-200,4950
Matthew Ebden,188.0,33.6,180-190,4951
Zizou Bergs,185.0,22.3,180-190,4952
Thiago Seyboth Wild,185.0,21.1,180-190,4953
Mikael Ymer,183.0,22.6,180-190,4954
Hugo Gaston,173.0,21.1,<180,4955
Juan Manuel Cerundolo,183.0,19.9,180-190,4956
Kei Nishikori,178.0,31.0,<180,4957
Michail Pervolarakis,193.0,24.6,190-200,4958
Dusan Lajovic,183.0,30.5,180-190,4959
Nicola Kuhn,185.0,21.2,180-190,4960
Sebastian Baez,170.0,20.1,<180,4961
Leonardo Mayer,188.0,33.8,180-190,4962
Nicolas Jarry,201.0,25.4,200+,4963
Gonzalo Lama,180.0,27.8,<180,4964
Daniel Altmaier,188.0,22.4,180-190,4965
Tristan Schoolkate,183.0,19.9,180-190,4966
Roman Safiullin,185.0,23.4,180-190,4967
Ji Sung Nam,183.0,27.4,180-190,4968
Yasutaka Uchiyama,183.0,28.4,180-190,4969
John Patrick Smith,188.0,32.0,180-190,4970
Kimmer Coppejans,178.0,26.9,<180,4971
Thomas Fancutt,188.0,25.9,180-190,4972
Thiago Seyboth Wild,185.0,20.9,180-190,4973
Joao Menezes,185.0,24.1,180-190,4974
Nicolas Kicker,178.0,28.5,<180,4975
Daniel Elahi Galan,191.0,24.6,190-200,4976
Tomas Barrios Vera,191.0,23.2,190-200,4977
Fernando Verdasco,188.0,37.8,180-190,4978
Marc Polmans,188.0,24.3,180-190,4979
Dmitry Popko,191.0,24.9,190-200,4980
Mikhail Kukushkin,183.0,33.7,180-190,4981
Elias Ymer,185.0,25.4,180-190,4982
Benjamin Bonzi,183.0,25.2,180-190,4983
Matthias Bachinger,188.0,33.7,180-190,4984
Jiri Vesely,198.0,27.4,190-200,4985
Miomir Kecmanovic,183.0,21.3,180-190,4986
Malek Jaziri,185.0,36.9,180-190,4987
Marsel Ilhan,191.0,33.5,190-200,4988
Kacper Zuk,183.0,21.9,180-190,4989
Andrea Arnaboldi,180.0,33.0,<180,4990
Pavel Kotov,191.0,22.1,190-200,4991
Alex Molcan,178.0,23.0,<180,4992
Radu Albot,175.0,31.1,<180,4993
Michael Vrbensky,180.0,21.0,<180,4994
Salvatore Caruso,185.0,28.0,180-190,4995
Egor Gerasimov,196.0,28.1,190-200,4996
Laslo Djere,188.0,25.5,180-190,4997
Ergi Kirkin,180.0,21.9,<180,4998
Borna Gojo,196.0,22.9,190-200,4999
Blake Mott,180.0,24.7,<180,5000
Li Tu,183.0,24.6,180-190,5001
Mikael Ymer,183.0,22.3,180-190,5002
Richard Gasquet,183.0,34.6,180-190,5003
Christopher Eubanks,201.0,24.8,200+,5004
Ramkumar Ramanathan,188.0,26.2,180-190,5005
Marc Polmans,188.0,23.8,180-190,5006
Thai Son Kwiatkowski,188.0,26.0,180-190,5007
Jason Jung,180.0,31.6,<180,5008
Shintaro Mochizuki,175.0,17.7,<180,5009
Ernests Gulbis,190.0,32.4,180-190,5010
Henri Laaksonen,185.0,29.0,180-190,5011
Nikola Milojevic,188.0,25.7,180-190,5012
Taro Daniel,191.0,28.1,190-200,5013
Jiri Vesely,198.0,27.7,190-200,5014
Giulio Zeppieri,183.0,19.3,180-190,5015
Guido Pella,183.0,30.8,180-190,5016
Marc Andrea Huesler,196.0,24.7,190-200,5017
Dennis Novak,183.0,27.6,180-190,5018
Raul Brancaccio,185.0,24.0,180-190,5019
Lukas Klein,193.0,23.1,190-200,5020
Hamad Medjedovic,188.0,17.8,180-190,5021
Marko Topo,185.0,17.6,180-190,5022
Alex Bolt,183.0,28.7,180-190,5023
Federico Gaio,178.0,29.5,<180,5024
August Holmgren,188.0,23.4,180-190,5025
Roberto Quiroz,193.0,29.7,190-200,5026
Emilio Gomez,185.0,29.9,180-190,5027
Brayden Schnur,193.0,26.3,190-200,5028
Vasek Pospisil,193.0,31.4,190-200,5029
Steven Diez,175.0,30.6,<180,5030
Richard Gasquet,183.0,35.4,180-190,5031
Jiri Vesely,198.0,28.3,190-200,5032
Arthur Rinderknech,196.0,26.3,190-200,5033
Jiri Lehecka,185.0,20.0,180-190,5034
John Millman,183.0,32.4,180-190,5035
Fabian Marozsan,193.0,22.1,190-200,5036
Nicolas Mejia,183.0,21.7,180-190,5037
John Isner,208.0,36.5,200+,5038
Reilly Opelka,211.0,24.2,200+,5039
Dennis Novak,183.0,28.2,180-190,5040
Gerald Melzer,188.0,31.3,180-190,5041
Filip Krajinovic,185.0,29.7,180-190,5042
Dusan Lajovic,183.0,31.4,180-190,5043
Miomir Kecmanovic,183.0,22.2,180-190,5044
Illya Marchenko,185.0,34.2,180-190,5045
Vitaliy Sachko,188.0,24.3,180-190,5046
Sergiy Stakhovsky,193.0,35.8,190-200,5047
Erik Arutiunian,191.0,16.9,190-200,5048
Alexander Zgirovsky,191.0,20.1,190-200,5049
Zizou Bergs,185.0,22.2,180-190,5050
Mirza Basic,188.0,30.1,180-190,5051
Nerman Fatic,191.0,26.8,190-200,5052
Benjamin Hassan,183.0,26.6,180-190,5053
Hady Habib,188.0,23.0,180-190,5054
Nicolas Jarry,201.0,25.9,200+,5055
Ramkumar Ramanathan,188.0,26.8,180-190,5056
Patrik Niklas Salminen,188.0,24.5,180-190,5057
Yshai Oliel,188.0,21.1,180-190,5058
Aisam Ul Haq Qureshi,183.0,40.9,180-190,5059
Jose Rubin Statham,180.0,34.3,<180,5060
Finn Reynolds,185.0,21.6,180-190,5061
Francisco Llanes,178.0,19.4,<180,5062
Martin Cuevas,191.0,29.6,190-200,5063
Ignacio Carou,178.0,22.1,<180,5064
Filip Cristian Jianu,180.0,19.9,<180,5065
Gastao Elias,180.0,30.8,<180,5066
Khumoun Sultanov,180.0,22.8,<180,5067
Denis Istomin,185.0,35.0,180-190,5068
Sanjar Fayziev,188.0,27.1,180-190,5069
Mehluli Don Ayanda Sibanda,173.0,22.0,<180,5070
Benjamin Lock,198.0,28.7,190-200,5071
Malek Jaziri,185.0,37.6,180-190,5072
Aziz Ouakaa,185.0,22.1,180-190,5073
Petros Tsitsipas,185.0,21.1,180-190,5074
Michail Pervolarakis,193.0,25.2,190-200,5075
Vilius Gaubas,178.0,16.7,<180,5076
Brandon Perez,191.0,21.6,190-200,5077
Ricardo Rodriguez,189.0,28.3,180-190,5078
Adolfo Daniel Vallejo,183.0,17.3,180-190,5079
Sebastian Dominko,203.0,18.3,200+,5080
Daniil Glinka,188.0,21.3,180-190,5081
Siim Troost,183.0,21.7,180-190,5082
Wishaya Trongcharoenchaikul,193.0,26.4,190-200,5083
Robert Strombachs,191.0,21.9,190-200,5084
Ernests Gulbis,190.0,33.0,180-190,5085
Jan Zielinski,180.0,25.1,<180,5086
Viktor Durasovic,185.0,24.7,180-190,5087
James Duckworth,183.0,29.9,180-190,5088
Max Purcell,185.0,23.7,180-190,5089
Cameron Norrie,188.0,26.3,180-190,5090
Brayden Schnur,193.0,26.5,190-200,5091
Nikoloz Basilashvili,185.0,29.8,180-190,5092
Aleksandre Metreveli,183.0,28.3,180-190,5093
Aleksandre Bakshi,180.0,24.4,<180,5094
Alex Bolt,183.0,28.9,180-190,5095
Lorenzo Musetti,185.0,19.8,180-190,5096
Jiri Vesely,198.0,28.4,190-200,5097
Yoshihito Nishioka,170.0,26.2,<180,5098
Roberto Carballes Baena,183.0,28.7,180-190,5099
Holger Rune,188.0,18.6,180-190,5100
Francisco Cerundolo,185.0,23.3,180-190,5101
Marcos Giron,180.0,28.4,<180,5102
Dominik Koepfer,180.0,27.6,<180,5103
Andreas Seppi,190.0,37.8,180-190,5104
Christopher Oconnell,183.0,27.5,180-190,5105
Peter Gojowczyk,188.0,32.4,180-190,5106
Kevin Anderson,203.0,35.6,200+,5107
Rinky Hijikata,178.0,20.8,<180,5108
Jan Lennard Struff,193.0,31.7,190-200,5109
Lloyd Harris,193.0,24.8,190-200,5110
Alex Bolt,183.0,29.0,180-190,5111
Hugo Gaston,173.0,21.2,<180,5112
Viktor Durasovic,185.0,24.8,180-190,5113
Salvatore Caruso,185.0,29.0,180-190,5114
Mikhail Kukushkin,183.0,34.0,180-190,5115
Chun Hsin Tseng,175.0,20.4,<180,5116
Sam Querrey,198.0,34.2,190-200,5117
Federico Coria,180.0,29.8,<180,5118
Ernesto Escobedo,185.0,25.5,180-190,5119
Lucas Pouille,185.0,27.8,180-190,5120
Feliciano Lopez,188.0,40.3,180-190,5121
Laslo Djere,188.0,26.6,180-190,5122
Nikola Milojevic,188.0,26.5,180-190,5123
Denis Kudla,180.0,29.4,<180,5124
Peter Gojowczyk,188.0,32.5,180-190,5125
Damir Dzumhur,175.0,29.6,<180,5126
Tomas Barrios Vera,191.0,24.1,190-200,5127
Marco Cecchinato,185.0,29.2,180-190,5128
Marco Trungelliti,178.0,31.9,<180,5129
Maximilian Marterer,188.0,26.5,180-190,5130
Jiri Lehecka,185.0,20.1,180-190,5131
Timofey Skatov,175.0,20.9,<180,5132
Emilio Gomez,185.0,30.1,180-190,5133
Benoit Paire,196.0,32.7,190-200,5134
Andrej Martin,183.0,32.3,180-190,5135
Gael Monfils,193.0,35.4,190-200,5136
Ugo Humbert,188.0,23.6,180-190,5137
Kacper Zuk,183.0,23.0,180-190,5138
Gian Marco Moroni,185.0,23.9,180-190,5139
Jozef Kovalik,183.0,29.2,180-190,5140
Ramkumar Ramanathan,188.0,27.2,180-190,5141
Arjun Kadhe,185.0,28.0,180-190,5142
Federico Gaio,178.0,29.9,<180,5143
Prajnesh Gunneswaran,188.0,32.2,180-190,5144
Egor Gerasimov,196.0,29.2,190-200,5145
Cem Ilkel,185.0,26.4,180-190,5146
Dennis Novak,183.0,28.4,180-190,5147
Jay Clarke,183.0,23.5,180-190,5148
Hugo Grenier,196.0,25.8,190-200,5149
Pablo Cuevas,180.0,36.1,<180,5150
Juan Martin del Potro,198.0,33.3,190-200,5151
Lloyd Harris,193.0,24.9,190-200,5152
Mikael Ymer,183.0,23.4,180-190,5153
Henri Laaksonen,185.0,29.8,180-190,5154
Tennys Sandgren,188.0,30.5,180-190,5155
Daniel Altmaier,188.0,23.4,180-190,5156
Maxime Cressy,201.0,24.7,200+,5157
Sam Querrey,198.0,34.3,190-200,5158
Emilio Gomez,185.0,30.2,180-190,5159
Liam Broady,183.0,28.1,180-190,5160
Christopher Oconnell,183.0,27.7,180-190,5161
Christopher Eubanks,201.0,25.7,200+,5162
Thomas Fabbiano,173.0,32.7,<180,5163
Malek Jaziri,185.0,38.0,180-190,5164
Cristian Garin,185.0,25.7,180-190,5165
Juncheng Shang,180.0,17.0,<180,5166
Felipe Meligeni Alves,185.0,23.9,180-190,5167
Corentin Moutet,180.0,22.8,<180,5168
Gilles Simon,183.0,37.1,180-190,5169
Norbert Gombos,193.0,31.5,190-200,5170
Mikhail Kukushkin,183.0,34.1,180-190,5171
Juan Alejandro Hernandez Serrano,175.0,22.6,<180,5172
Feliciano Lopez,188.0,40.4,180-190,5173
Jan Lennard Struff,193.0,31.8,190-200,5174
Renzo Olivo,178.0,29.9,<180,5175
Marco Cecchinato,185.0,29.3,180-190,5176
Nicolas Kicker,178.0,29.5,<180,5177
Bernabe Zapata Miralles,183.0,25.1,180-190,5178
Gonzalo Lama,180.0,28.8,<180,5179
Juan Manuel Cerundolo,183.0,20.2,180-190,5180
Nikoloz Basilashvili,185.0,30.0,180-190,5181
Lorenzo Sonego,191.0,26.8,190-200,5182
Federico Delbonis,193.0,31.4,190-200,5183
Joao Sousa,185.0,32.9,180-190,5184
Roberto Carballes Baena,183.0,28.9,180-190,5185
Marcos Giron,180.0,28.6,<180,5186
Maxime Cressy,201.0,24.8,200+,5187
Tennys Sandgren,188.0,30.6,180-190,5188
Aljaz Bedene,181.0,32.6,180-190,5189
Benoit Paire,196.0,32.8,190-200,5190
Philipp Kohlschreiber,178.0,38.3,<180,5191
Denis Shapovalov,185.0,22.9,180-190,5192
Karen Khachanov,198.0,25.8,190-200,5193
Albert Ramos,188.0,34.1,180-190,5194
Kevin Anderson,203.0,35.8,200+,5195
Jan Lennard Struff,193.0,31.9,190-200,5196
Sebastian Baez,170.0,21.2,<180,5197
Emilio Gomez,185.0,30.3,180-190,5198
Daniel Altmaier,188.0,23.5,180-190,5199
Jo-Wilfried Tsonga,188.0,36.9,180-190,5200
Adrian Mannarino,180.0,33.7,<180,5201
Tallon Griekspoor,188.0,25.7,180-190,5202
Mitchell Krueger,188.0,28.1,180-190,5203
Emilio Nava,185.0,20.2,180-190,5204
Gilles Simon,183.0,37.2,180-190,5205
Juncheng Shang,180.0,17.1,<180,5206
Fernando Verdasco,188.0,38.3,180-190,5207
Peter Gojowczyk,188.0,32.7,180-190,5208
Juan Pablo Varillas,185.0,26.4,180-190,5209
Feliciano Lopez,188.0,40.5,180-190,5210
Jenson Brooksby,188.0,21.4,180-190,5211
Max Purcell,185.0,24.0,180-190,5212
Denis Kudla,180.0,29.6,<180,5213
Jack Sock,191.0,29.5,190-200,5214
Steven Diez,175.0,31.0,<180,5215
Christian Harrison,180.0,27.8,<180,5216
Elliot Benchetrit,193.0,23.5,190-200,5217
Stefano Travaglia,185.0,30.2,180-190,5218
Hugo Dellien,180.0,28.7,<180,5219
Yannick Hanfmann,193.0,30.3,190-200,5220
Jiri Vesely,198.0,28.7,190-200,5221
Kamil Majchrzak,180.0,26.2,<180,5222
Henri Laaksonen,185.0,30.0,180-190,5223
Marco Cecchinato,185.0,29.5,180-190,5224
Damir Dzumhur,175.0,29.8,<180,5225
Novak Djokovic,188.0,34.8,180-190,5226
Lucas Catarina,185.0,25.6,180-190,5227
Benoit Paire,196.0,32.9,190-200,5228
Arthur Rinderknech,196.0,26.7,190-200,5229
Borna Coric,188.0,25.4,180-190,5230
Stan Wawrinka,183.0,37.0,180-190,5231
Gian Marco Moroni,185.0,24.1,180-190,5232
Pablo Andujar,180.0,36.2,<180,5233
Hugo Grenier,196.0,26.0,190-200,5234
Tommy Robredo,180.0,39.9,<180,5235
Nicolas Alvarez Varona,188.0,20.9,180-190,5236
Hamad Medjedovic,188.0,18.7,180-190,5237
Dominic Thiem,185.0,28.6,180-190,5238
Mikael Ymer,183.0,23.6,180-190,5239
Mikhail Kukushkin,183.0,34.3,180-190,5240
Pierre Hugues Herbert,188.0,31.1,180-190,5241
Jordan Thompson,183.0,28.0,180-190,5242
Reilly Opelka,211.0,24.6,200+,5243
Yoshihito Nishioka,170.0,26.5,<180,5244
Marko Topo,185.0,18.6,180-190,5245
Max Hans Rehberg,183.0,18.6,180-190,5246
Philipp Kohlschreiber,178.0,38.5,<180,5247
Norbert Gombos,193.0,31.6,190-200,5248
Carlos Gimeno Valero,191.0,20.8,190-200,5249
Pedro Martinez,185.0,25.0,180-190,5250
Lloyd Harris,193.0,25.2,190-200,5251
Flavio Cobolli,183.0,20.0,180-190,5252
Giulio Zeppieri,183.0,20.4,180-190,5253
Francesco Passaro,180.0,21.3,<180,5254
Matteo Arnaldi,185.0,21.2,180-190,5255
Luca Nardi,185.0,18.7,180-190,5256
John Millman,183.0,32.9,180-190,5257
Marcos Giron,180.0,28.8,<180,5258
Pablo Andujar,180.0,36.3,<180,5259
Facundo Bagnis,183.0,32.2,180-190,5260
Leandro Riedi,191.0,20.2,190-200,5261
Ricardas Berankis,175.0,31.9,<180,5262
Michael Mmoh,188.0,24.3,180-190,5263
James Duckworth,183.0,30.3,180-190,5264
Lucas Pouille,185.0,28.2,180-190,5265
Tomas Martin Etcheverry,196.0,22.8,190-200,5266
Gilles Simon,183.0,37.3,180-190,5267
Jo-Wilfried Tsonga,188.0,37.0,180-190,5268
Yoshihito Nishioka,170.0,26.6,<180,5269
Federico Coria,180.0,30.2,<180,5270
Andrey Kuznetsov,183.0,31.2,180-190,5271
Juan Pablo Varillas,185.0,26.6,180-190,5272
Alessandro Giannessi,185.0,31.9,180-190,5273
Pavel Kotov,191.0,23.5,190-200,5274
Alexei Popyrin,196.0,22.7,190-200,5275
Sebastian Ofner,191.0,26.0,190-200,5276
Quentin Halys,191.0,25.5,190-200,5277
Taro Daniel,191.0,29.3,190-200,5278
Santiago Fa Rodriguez Taverna,191.0,22.8,190-200,5279
Manuel Guinard,198.0,26.5,190-200,5280
Denis Kudla,180.0,29.7,<180,5281
Dominic Thiem,185.0,28.7,180-190,5282
Nuno Borges,185.0,25.2,180-190,5283
Thanasi Kokkinakis,193.0,26.1,190-200,5284
Juan Ignacio Londero,180.0,28.7,<180,5285
Chun Hsin Tseng,175.0,20.7,<180,5286
Peter Gojowczyk,188.0,32.8,180-190,5287
Jiri Lehecka,185.0,20.5,180-190,5288
Denis Shapovalov,185.0,23.1,180-190,5289
Norbert Gombos,193.0,31.7,190-200,5290
Lorenzo Musetti,185.0,20.2,180-190,5291
Maxime Cressy,201.0,25.0,200+,5292
Franco Agamenone,191.0,29.1,190-200,5293
Bjorn Fratangelo,183.0,28.8,180-190,5294
Jiri Vesely,198.0,28.8,190-200,5295
Geoffrey Blancaneaux,180.0,23.7,<180,5296
Attila Balazs,180.0,33.6,<180,5297
Andreas Seppi,190.0,38.2,180-190,5298
Robin Haase,191.0,35.1,190-200,5299
Jesper De Jong,180.0,22.0,<180,5300
Soon Woo Kwon,180.0,24.5,<180,5301
Matthew Ebden,188.0,34.5,180-190,5302
Dominik Koepfer,180.0,28.1,<180,5303
Christopher Oconnell,183.0,28.0,180-190,5304
Jurij Rodionov,191.0,23.0,190-200,5305
Feliciano Lopez,188.0,40.7,180-190,5306
Andrey Rublev,188.0,24.6,180-190,5307
Henri Squire,196.0,21.7,190-200,5308
Marc Andrea Huesler,196.0,25.9,190-200,5309
Holger Rune,188.0,19.1,180-190,5310
Paul Jubb,180.0,22.6,<180,5311
Joao Sousa,185.0,33.2,180-190,5312
Jay Clarke,183.0,23.8,180-190,5313
Kamil Majchrzak,180.0,26.4,<180,5314
Lukas Rosol,193.0,36.9,190-200,5315
Benoit Paire,196.0,33.1,190-200,5316
Carlos Taberner,183.0,24.8,180-190,5317
Enzo Couacaud,183.0,27.3,180-190,5318
Jay Clarke,183.0,23.9,180-190,5319
Fabio Fognini,178.0,35.0,<180,5320
Tomas Martin Etcheverry,196.0,22.9,190-200,5321
Radu Albot,175.0,32.6,<180,5322
Andrea Vavassori,193.0,27.1,190-200,5323
Aljaz Bedene,181.0,32.9,180-190,5324
Pablo Andujar,180.0,36.4,<180,5325
Henri Laaksonen,185.0,30.2,180-190,5326
Grigor Dimitrov,191.0,31.1,190-200,5327
Fernando Verdasco,188.0,38.6,180-190,5328
Zdenek Kolar,183.0,25.7,180-190,5329
Mikhail Kukushkin,183.0,34.5,180-190,5330
Hugo Dellien,180.0,29.0,<180,5331
Zizou Bergs,185.0,23.0,180-190,5332
Lukas Klein,193.0,24.2,190-200,5333
Stefan Kozlov,183.0,24.3,180-190,5334
Arthur Rinderknech,196.0,26.9,190-200,5335
Nicola Kuhn,185.0,22.2,180-190,5336
Attila Balazs,180.0,33.7,<180,5337
Roberto Carballes Baena,183.0,29.2,180-190,5338
Alexander Ritschard,193.0,28.2,190-200,5339
Bernabe Zapata Miralles,183.0,25.4,180-190,5340
Facundo Bagnis,183.0,32.3,180-190,5341
Chun Hsin Tseng,175.0,20.8,<180,5342
Nuno Borges,185.0,25.3,180-190,5343
Yoshihito Nishioka,170.0,26.7,<180,5344
Alexei Popyrin,196.0,22.8,190-200,5345
Sam Querrey,198.0,34.7,190-200,5346
Pedro Sousa,180.0,34.1,<180,5347
Daniel Altmaier,188.0,23.8,180-190,5348
Liam Broady,183.0,28.5,180-190,5349
Feliciano Lopez,188.0,40.8,180-190,5350
Stefan Kozlov,183.0,24.4,180-190,5351
Tim Van Rijthoven,188.0,25.2,180-190,5352
William Blumberg,188.0,24.4,180-190,5353
Nicola Kuhn,185.0,22.3,180-190,5354
Jan Lennard Struff,193.0,32.2,190-200,5355
Luca Nardi,185.0,18.9,180-190,5356
Marko Topo,185.0,18.8,180-190,5357
Max Hans Rehberg,183.0,18.8,180-190,5358
Tomas Martin Etcheverry,196.0,23.0,190-200,5359
Thiago Monteiro,183.0,28.1,180-190,5360
Cristian Garin,185.0,26.1,180-190,5361
Hugo Gaston,173.0,21.8,<180,5362
Carlos Taberner,183.0,24.9,180-190,5363
Peter Gojowczyk,188.0,33.0,180-190,5364
Ramkumar Ramanathan,188.0,27.7,180-190,5365
Ivan Gakhov,191.0,25.7,190-200,5366
Hernan Casanova,178.0,28.4,<180,5367
Vit Kopriva,178.0,25.1,<180,5368
Daniel Dutra Da Silva,173.0,34.0,<180,5369
Vitaliy Sachko,188.0,25.0,180-190,5370
Alexander Shevchenko,185.0,21.6,180-190,5371
Gerald Melzer,188.0,32.0,180-190,5372
Federico Delbonis,193.0,31.8,190-200,5373
Dino Prizmic,188.0,16.9,180-190,5374
Pedro Cachin,185.0,27.2,180-190,5375
Aljaz Bedene,181.0,33.0,180-190,5376
Mili Poljicak,185.0,18.0,180-190,5377
Duje Ajdukovic,188.0,21.4,180-190,5378
Henri Laaksonen,185.0,30.3,180-190,5379
Rodrigo Pacheco Mendez,188.0,17.2,180-190,5380
Ernesto Escobedo,185.0,26.0,180-190,5381
Yannick Hanfmann,193.0,30.7,190-200,5382
Kaichi Uchida,180.0,27.9,<180,5383
Nick Chappell,178.0,29.8,<180,5384
Fernando Verdasco,188.0,38.7,180-190,5385
Gonzalo Villanueva,175.0,27.5,<180,5386
Nicolas Barrientos,175.0,35.2,<180,5387
David Goffin,180.0,31.6,<180,5388
Taro Daniel,191.0,29.5,190-200,5389
Tung Lin Wu,188.0,24.2,180-190,5390
Yosuke Watanuki,180.0,24.3,<180,5391
Benjamin Bonzi,183.0,26.1,180-190,5392
Michael Mmoh,188.0,24.5,180-190,5393
Bradley Klahn,183.0,31.9,180-190,5394
Stefanos Tsitsipas,193.0,23.9,190-200,5395
Sebastian Baez,170.0,21.6,<180,5396
Alexis Galarneau,180.0,23.4,<180,5397
Stan Wawrinka,183.0,37.3,180-190,5398
Arthur Rinderknech,196.0,27.0,190-200,5399
Vasek Pospisil,193.0,32.1,190-200,5400
Rafael Nadal,185.0,36.1,180-190,5401
Alex Molcan,178.0,24.7,<180,5402
Nikoloz Basilashvili,185.0,30.4,180-190,5403
Francisco Cerundolo,185.0,24.0,180-190,5404
Pedro Martinez,185.0,25.3,180-190,5405
Dusan Lajovic,183.0,32.1,180-190,5406
Daniel Altmaier,188.0,23.9,180-190,5407
David Goffin,180.0,31.7,<180,5408
Kamil Majchrzak,180.0,26.6,<180,5409
Hugo Gaston,173.0,21.9,<180,5410
Shintaro Mochizuki,175.0,19.2,<180,5411
Michail Pervolarakis,193.0,26.2,190-200,5412
Stefan Kozlov,183.0,24.5,180-190,5413
Quentin Halys,191.0,25.8,190-200,5414
Ugo Humbert,188.0,24.1,180-190,5415
Jiri Lehecka,185.0,20.8,180-190,5416
Filip Krajinovic,185.0,30.5,180-190,5417
Alexander Ritschard,193.0,28.4,190-200,5418
John Millman,183.0,33.2,180-190,5419
Nicolas Jarry,201.0,26.8,200+,5420
Taylor Fritz,196.0,24.8,190-200,5421
Aljaz Bedene,181.0,33.1,180-190,5422
Tomas Machac,183.0,21.8,180-190,5423
Bernabe Zapata Miralles,183.0,25.6,180-190,5424
Facundo Bagnis,183.0,32.5,180-190,5425
Zhizhen Zhang,193.0,25.8,190-200,5426
Sam Querrey,198.0,34.8,190-200,5427
Pavel Kotov,191.0,23.7,190-200,5428
Maximilian Marterer,188.0,27.2,180-190,5429
Norbert Gombos,193.0,32.0,190-200,5430
Jiri Vesely,198.0,29.1,190-200,5431
Enzo Couacaud,183.0,27.4,180-190,5432
Benoit Paire,196.0,33.3,190-200,5433
Jack Sock,191.0,29.9,190-200,5434
Learner Tien,180.0,16.7,<180,5435
Rinky Hijikata,178.0,21.5,<180,5436
Brandon Holt,185.0,24.4,180-190,5437
Facundo Mena,183.0,29.9,180-190,5438
Alexei Popyrin,196.0,23.1,190-200,5439
Zachary Svajda,175.0,19.8,<180,5440
Stefan Kozlov,183.0,24.6,180-190,5441
Jason Kubler,178.0,29.3,<180,5442
Henri Laaksonen,185.0,30.4,180-190,5443
Evan Furness,173.0,24.1,<180,5444
Zizou Bergs,185.0,23.2,180-190,5445
Richard Gasquet,183.0,36.2,180-190,5446
Shintaro Mochizuki,175.0,19.3,<180,5447
Ryan Peniston,180.0,26.8,<180,5448
Emilio Gomez,185.0,30.8,180-190,5449
Christopher Oconnell,183.0,28.3,180-190,5450
Ji Sung Nam,183.0,29.1,180-190,5451
Yosuke Watanuki,180.0,24.4,<180,5452
Tung Lin Wu,188.0,24.3,180-190,5453
Yunseong Chung,178.0,24.5,<180,5454
Seong Chan Hong,175.0,25.2,<180,5455
Grigor Dimitrov,191.0,31.3,190-200,5456
Mirza Basic,188.0,31.2,180-190,5457
Fabio Fognini,178.0,35.3,<180,5458
Tim Van Rijthoven,188.0,25.4,180-190,5459
Dusan Lajovic,183.0,32.2,180-190,5460
Dimitar Kuzmanov,183.0,29.1,180-190,5461
Dragos Nicolae Madaras,191.0,25.0,190-200,5462
Ricardas Berankis,175.0,32.2,<180,5463
Geoffrey Blancaneaux,180.0,24.1,<180,5464
Diego Schwartzman,170.0,30.1,<180,5465
Yshai Oliel,188.0,22.7,180-190,5466
Tallon Griekspoor,188.0,26.2,180-190,5467
Marius Copil,191.0,31.9,190-200,5468
Hugo Grenier,196.0,26.5,190-200,5469
Cem Ilkel,185.0,27.0,180-190,5470
Hamad Medjedovic,188.0,19.1,180-190,5471
Mikhail Kukushkin,183.0,34.7,180-190,5472
Alexander Shevchenko,185.0,21.8,180-190,5473
Beibit Zhukayev,198.0,21.9,190-200,5474
Alejandro Davidovich Fokina,183.0,23.3,180-190,5475
Kaichi Uchida,180.0,28.1,<180,5476
Yasutaka Uchiyama,183.0,30.1,180-190,5477
Sho Shimabukuro,180.0,25.1,<180,5478
Yuta Shimizu,163.0,23.3,<180,5479
Ramkumar Ramanathan,188.0,27.9,180-190,5480
Thanasi Kokkinakis,193.0,26.4,190-200,5481
Matteo Berrettini,196.0,26.4,190-200,5482
Marton Fucsovics,188.0,30.6,180-190,5483
Giulio Zeppieri,183.0,20.8,180-190,5484
Lorenzo Sonego,191.0,27.4,190-200,5485
Flavio Cobolli,183.0,20.4,180-190,5486
Francesco Maestrelli,196.0,19.8,190-200,5487
Feliciano Lopez,188.0,41.0,180-190,5488
Marco Trungelliti,178.0,32.6,<180,5489
Joao Sousa,185.0,33.5,180-190,5490
Alexey Vatutin,178.0,29.9,<180,5491
Martin Landaluce,191.0,16.7,190-200,5492
Sebastian Baez,170.0,21.7,<180,5493
Carlos Taberner,183.0,25.1,180-190,5494
Benjamin Bonzi,183.0,26.3,180-190,5495
Borna Gojo,196.0,24.6,190-200,5496
Nicolas Jarry,201.0,27.0,200+,5497
Quentin Halys,191.0,25.9,190-200,5498
Leo Borg,183.0,19.4,180-190,5499
Jason Kubler,178.0,29.4,<180,5500
Lukas Rosol,193.0,37.2,190-200,5501
Michael Geerts,178.0,27.7,<180,5502
Luca Van Assche,178.0,18.4,<180,5503
Gilles Arnaud Bailly,180.0,17.0,<180,5504
Jesper De Jong,180.0,22.3,<180,5505
Adrian Mannarino,180.0,34.3,<180,5506
Roman Safiullin,185.0,25.2,180-190,5507
Filip Misolic,180.0,21.2,<180,5508
Cristian Garin,185.0,26.4,180-190,5509
Tallon Griekspoor,188.0,26.3,180-190,5510
Jurij Rodionov,191.0,23.4,190-200,5511
Dennis Novak,183.0,29.1,180-190,5512
Daniil Medvedev,198.0,26.7,190-200,5513
Arthur Fils,185.0,18.3,180-190,5514
Sebastian Korda,196.0,22.3,190-200,5515
Alejandro Davidovich Fokina,183.0,23.4,180-190,5516
Diego Schwartzman,170.0,30.2,<180,5517
Jannik Sinner,191.0,21.2,190-200,5518
Quentin Halys,191.0,26.0,190-200,5519
Alex Molcan,178.0,24.9,<180,5520
Francisco Cerundolo,185.0,24.2,180-190,5521
Matteo Arnaldi,185.0,21.7,180-190,5522
Chun Hsin Tseng,175.0,21.2,<180,5523
Jiri Lehecka,185.0,20.3,180-190,5524
Vit Kopriva,178.0,24.7,<180,5525
Zsombor Piros,180.0,22.3,<180,5526
Otto Virtanen,193.0,20.6,190-200,5527
Alexis Galarneau,180.0,22.9,<180,5528
Steven Diez,175.0,30.9,<180,5529
Gabi Adrian Boitan,185.0,22.6,180-190,5530
Marius Copil,191.0,31.3,190-200,5531
Roberto Quiroz,193.0,30.0,190-200,5532
Cayetano March,175.0,21.6,<180,5533
Viktor Durasovic,185.0,24.9,180-190,5534
Dragos Nicolae Madaras,191.0,24.4,190-200,5535
Nicolas Mejia,183.0,22.0,180-190,5536
Alejandro Gonzalez,190.0,33.0,180-190,5537
Bor Artnak,193.0,17.7,190-200,5538
Blaz Rola,193.0,31.4,190-200,5539
Sebastian Dominko,203.0,18.7,200+,5540
Christian Sigsgaard,188.0,24.9,180-190,5541
Mikael Torpegaard,193.0,27.8,190-200,5542
Laurynas Grigelis,183.0,30.5,180-190,5543
Edas Butvilas,191.0,17.6,190-200,5544
Sergey Fomin,180.0,21.0,<180,5545
Menelaos Efstathiou,183.0,22.9,180-190,5546
Karim Mohamed Maamoun,175.0,30.8,<180,5547
Michail Pervolarakis,193.0,25.7,190-200,5548
Kacper Zuk,183.0,23.9,180-190,5549
Daniel Michalski,180.0,22.9,<180,5550
Zizou Bergs,185.0,23.5,180-190,5551
Michail Pervolarakis,193.0,26.5,190-200,5552
Alexander Bublik,196.0,25.5,190-200,5553
Tomas Machac,183.0,22.2,180-190,5554
Rafael Nadal,185.0,36.5,180-190,5555
Albert Ramos,188.0,34.9,180-190,5556
Thiago Monteiro,183.0,28.5,180-190,5557
Viktor Durasovic,185.0,25.7,180-190,5558
Francisco Cerundolo,185.0,24.3,180-190,5559
Federico Coria,180.0,30.8,<180,5560
Christopher Oconnell,183.0,28.5,180-190,5561
Soon Woo Kwon,180.0,25.0,<180,5562
Pedro Cachin,185.0,27.7,180-190,5563
Kyle Edmund,188.0,27.9,180-190,5564
Holger Rune,188.0,19.6,180-190,5565
Daniel Elahi Galan,191.0,26.5,190-200,5566
Sebastian Baez,170.0,22.0,<180,5567
Bernabe Zapata Miralles,183.0,25.9,180-190,5568
Nikoloz Basilashvili,185.0,30.8,180-190,5569
Jaume Munar,183.0,25.6,180-190,5570
Ramkumar Ramanathan,188.0,28.1,180-190,5571
Radu Albot,175.0,33.1,<180,5572
Pablo Andujar,180.0,36.9,<180,5573
Sumit Nagal,178.0,25.3,<180,5574
Manas Dhamne,188.0,15.0,180-190,5575
Chun Hsin Tseng,175.0,21.4,<180,5576
Alex Molcan,178.0,25.0,<180,5577
Elias Ymer,185.0,26.7,180-190,5578
Sasi Kumar Mukund,185.0,25.9,180-190,5579
Joao Sousa,185.0,33.7,180-190,5580
Diego Schwartzman,170.0,30.3,<180,5581
Kiranpal Pannu,185.0,26.0,180-190,5582
Fabio Fognini,178.0,35.6,<180,5583
Thiago Monteiro,183.0,28.6,180-190,5584
Pablo Carreno Busta,188.0,31.4,180-190,5585
Kyle Edmund,188.0,28.0,180-190,5586
Brandon Nakashima,188.0,21.4,180-190,5587
Christopher Oconnell,183.0,28.6,180-190,5588
Daniel Altmaier,188.0,24.3,180-190,5589
Pedro Martinez,185.0,25.7,180-190,5590
Ernesto Escobedo,185.0,26.5,180-190,5591
Dusan Lajovic,183.0,32.5,180-190,5592
Yannick Hanfmann,193.0,31.1,190-200,5593
Pavel Kotov,191.0,24.1,190-200,5594
Ilya Ivashka,193.0,28.8,190-200,5595
Luca Van Assche,178.0,18.6,<180,5596
Guido Pella,183.0,32.6,180-190,5597
Yibing Wu,183.0,23.2,180-190,5598
Vasek Pospisil,193.0,32.5,190-200,5599
Dominic Thiem,185.0,29.3,180-190,5600
Max Purcell,185.0,24.7,180-190,5601
Facundo Bagnis,183.0,32.8,180-190,5602
Mattia Bellucci,175.0,21.6,<180,5603
Yu Hsiou Hsu,178.0,23.7,<180,5604
Zizou Bergs,185.0,23.6,180-190,5605
Hugo Dellien,180.0,29.5,<180,5606
Zhizhen Zhang,193.0,26.2,190-200,5607
Oleksii Krutykh,185.0,22.8,180-190,5608
Laurent Lokoli,188.0,28.2,180-190,5609
Juan Pablo Varillas,185.0,27.2,180-190,5610
Aleksandar Vukic,188.0,26.7,180-190,5611
Jan Lennard Struff,193.0,32.7,190-200,5612
Pablo Andujar,180.0,37.0,<180,5613
Andrea Vavassori,193.0,27.7,190-200,5614
Hugo Gaston,173.0,22.3,<180,5615
Facundo Bagnis,183.0,32.9,180-190,5616
Alejandro Tabilo,188.0,25.6,180-190,5617
Ilya Ivashka,193.0,28.9,190-200,5618
Christopher Eubanks,201.0,26.7,200+,5619
Alex Rybakov,185.0,26.0,180-190,5620
Steve Johnson,188.0,33.1,180-190,5621
Zachary Svajda,175.0,20.1,<180,5622
Gabriel Diallo,203.0,21.3,200+,5623
Brandon Holt,185.0,24.8,180-190,5624
Liam Krall,191.0,20.7,190-200,5625
Fernando Verdasco,188.0,39.2,180-190,5626
Luca Van Assche,178.0,18.7,<180,5627
Constant Lestienne,180.0,30.7,<180,5628
Luca Nardi,185.0,19.5,180-190,5629
Antoine Bellier,196.0,26.3,190-200,5630
Clement Chidekh,180.0,21.6,<180,5631
Aslan Karatsev,185.0,29.4,180-190,5632
Geoffrey Blancaneaux,180.0,24.4,<180,5633
Tung Lin Wu,188.0,24.7,180-190,5634
Aleksandar Kovacevic,183.0,24.4,180-190,5635
Ben Shelton,193.0,20.3,190-200,5636
David Goffin,180.0,32.1,<180,5637
Tim Van Rijthoven,188.0,25.8,180-190,5638
Damir Dzumhur,175.0,30.7,<180,5639
Daniel Evans,175.0,32.7,<180,5640
Oleksii Krutykh,185.0,22.9,180-190,5641
Abedallah Shelbayh,180.0,19.2,<180,5642
Mateus Alves,193.0,22.0,190-200,5643
Hugo Gaston,173.0,22.4,<180,5644
Thomaz Bellucci,188.0,35.1,180-190,5645
Joao Fonseca,185.0,16.5,180-190,5646
Lukas Klein,193.0,24.9,190-200,5647
Geoffrey Blancaneaux,180.0,24.5,<180,5648
Laurent Lokoli,188.0,28.3,180-190,5649
Zizou Bergs,185.0,23.7,180-190,5650
Roman Safiullin,185.0,25.5,180-190,5651
Luciano Darderi,183.0,21.0,180-190,5652
John Isner,208.0,37.8,200+,5653
Yoshihito Nishioka,170.0,27.4,<180,5654
Nick Chappell,178.0,30.4,<180,5655
Rodrigo Pacheco Mendez,188.0,17.8,180-190,5656
Guido Andreozzi,183.0,31.5,180-190,5657
Tomas Machac,183.0,22.3,180-190,5658
Alexander Shevchenko,185.0,22.2,180-190,5659
Matteo Arnaldi,185.0,22.0,180-190,5660
Alexandar Lazarov,191.0,25.3,190-200,5661
Maxime Cressy,201.0,25.8,200+,5662
Francesco Passaro,180.0,22.1,<180,5663
Malek Jaziri,185.0,39.1,180-190,5664
Filip Krajinovic,185.0,31.0,180-190,5665
Albert Ramos,188.0,35.1,180-190,5666
Carlos Taberner,183.0,25.5,180-190,5667
Joao Sousa,185.0,33.9,180-190,5668
Radu Albot,175.0,33.3,<180,5669
Borna Coric,188.0,26.3,180-190,5670
Brandon Holt,185.0,24.9,180-190,5671
Leandro Riedi,191.0,21.1,190-200,5672
Zhizhen Zhang,193.0,26.3,190-200,5673
Borna Gojo,196.0,25.0,190-200,5674
Aleksandar Vukic,188.0,26.9,180-190,5675
Nikoloz Basilashvili,185.0,31.0,180-190,5676
Arthur Rinderknech,196.0,27.6,190-200,5677
Alexander Bublik,196.0,25.7,190-200,5678
Maximilian Marterer,188.0,27.7,180-190,5679
Gael Monfils,193.0,36.5,190-200,5680
Felipe Meligeni Alves,185.0,25.0,180-190,5681
Juan Pablo Varillas,185.0,27.4,180-190,5682
Kyle Edmund,188.0,28.1,180-190,5683
Daniel Altmaier,188.0,24.5,180-190,5684
Mikael Ymer,183.0,24.5,180-190,5685
Juncheng Shang,180.0,18.1,<180,5686
Denis Kudla,180.0,30.5,<180,5687
Roman Safiullin,185.0,25.6,180-190,5688
Jordan Thompson,183.0,28.9,180-190,5689
Benoit Paire,196.0,33.8,190-200,5690
Federico Coria,180.0,31.0,<180,5691
Giulio Zeppieri,183.0,21.3,180-190,5692
Chun Hsin Tseng,175.0,21.6,<180,5693
Sebastian Ofner,191.0,26.8,190-200,5694
Constant Lestienne,180.0,30.8,<180,5695
Alessandro Giannessi,185.0,32.8,180-190,5696
Pedro Sousa,180.0,34.8,<180,5697
Henrique Rocha,180.0,18.9,<180,5698
John Isner,208.0,37.9,200+,5699
Zizou Bergs,185.0,23.8,180-190,5700
Zhizhen Zhang,193.0,26.4,190-200,5701
Fernando Verdasco,188.0,39.3,180-190,5702
Juan Manuel Cerundolo,183.0,21.3,180-190,5703
Hugo Dellien,180.0,29.7,<180,5704
Jack Sock,191.0,30.5,190-200,5705
Aslan Karatsev,185.0,29.5,180-190,5706
Riccardo Bonadio,180.0,29.7,<180,5707
Pedro Martinez,185.0,25.9,180-190,5708
Alexey Vatutin,178.0,30.4,<180,5709
Maxime Cressy,201.0,25.9,200+,5710
Adam Moundir,191.0,27.9,190-200,5711
Elliot Benchetrit,193.0,24.5,190-200,5712
Younes Lalami Laaroussi,188.0,21.9,180-190,5713
Valentin Vacherot,193.0,24.3,190-200,5714
Filip Krajinovic,185.0,31.1,180-190,5715
Andy Murray,191.0,35.9,190-200,5716
Attila Balazs,180.0,34.5,<180,5717
Pablo Andujar,180.0,37.2,<180,5718
Mackenzie Mcdonald,178.0,28.0,<180,5719
Fernando Verdasco,188.0,39.4,180-190,5720
Marco Trungelliti,178.0,33.2,<180,5721
Oleksii Krutykh,185.0,23.1,180-190,5722
Daniel Rincon,185.0,20.2,180-190,5723
Feliciano Lopez,188.0,41.5,180-190,5724
Lorenzo Giustino,180.0,31.6,<180,5725
Marko Topo,185.0,19.5,180-190,5726
Ugo Humbert,188.0,24.8,180-190,5727
Kyle Edmund,188.0,28.2,180-190,5728
Max Hans Rehberg,183.0,19.5,180-190,5729
Hamad Medjedovic,188.0,19.7,180-190,5730
Elias Ymer,185.0,27.0,180-190,5731
Federico Coria,180.0,31.1,<180,5732
Gael Monfils,193.0,36.6,190-200,5733
Taro Daniel,191.0,30.2,190-200,5734
Dino Prizmic,188.0,17.6,180-190,5735
Liam Broady,183.0,29.2,180-190,5736
Tommy Paul,185.0,25.9,180-190,5737
Emilio Nava,185.0,21.3,180-190,5738
Borna Gojo,196.0,25.1,190-200,5739
Benoit Paire,196.0,33.9,190-200,5740
Martin Landaluce,191.0,17.2,190-200,5741
Jeremy Chardy,188.0,36.1,180-190,5742
Daniel Elahi Galan,191.0,26.8,190-200,5743
Jurij Rodionov,191.0,23.9,190-200,5744
Corentin Moutet,180.0,24.0,<180,5745
Kyle Edmund,188.0,28.3,180-190,5746
Juan Manuel Cerundolo,183.0,21.4,180-190,5747
Flavio Cobolli,183.0,21.0,180-190,5748
Pedro Martinez,185.0,26.0,180-190,5749
Constant Lestienne,180.0,30.9,<180,5750
Jaume Munar,183.0,26.0,180-190,5751
Stefano Napolitano,196.0,28.0,190-200,5752
Hugo Grenier,196.0,27.1,190-200,5753
Luca Nardi,185.0,19.7,180-190,5754
Jeremy Chardy,188.0,36.2,180-190,5755
Hugo Dellien,180.0,29.8,<180,5756
Francesco Passaro,180.0,22.3,<180,5757
Hugo Dellien,180.0,29.9,<180,5758
Stefano Travaglia,185.0,31.3,180-190,5759
Benoit Paire,196.0,34.0,190-200,5760
Vitaliy Sachko,188.0,25.8,180-190,5761
Nino Serdarusic,191.0,26.4,190-200,5762
Daniel Rincon,185.0,20.3,180-190,5763
Filip Krajinovic,185.0,31.2,180-190,5764
Lloyd Harris,193.0,26.2,190-200,5765
Oriol Roca Batalla,175.0,30.0,<180,5766
Alvaro Lopez San Martin,178.0,25.9,<180,5767
Daniel Elahi Galan,191.0,26.9,190-200,5768
Oscar Otte,193.0,29.8,190-200,5769
Jurij Rodionov,191.0,24.0,190-200,5770
Felix Auger Aliassime,193.0,22.8,190-200,5771
Facundo Diaz Acosta,183.0,22.4,180-190,5772
Maxime Cressy,201.0,26.0,200+,5773
John Isner,208.0,38.0,200+,5774
Eduardo Nava,180.0,26.2,<180,5775
Jiri Vesely,198.0,29.8,190-200,5776
Aleksandar Kovacevic,183.0,24.7,180-190,5777
Juncheng Shang,180.0,18.3,<180,5778
Patrick Kypson,188.0,23.5,180-190,5779
Daniel Evans,175.0,33.0,<180,5780
Arthur Cazaux,183.0,20.7,180-190,5781
Giovanni Mpetshi Perricard,203.0,19.8,200+,5782
Michael Mmoh,188.0,25.3,180-190,5783
Dominic Stricker,183.0,20.7,180-190,5784
Hamad Medjedovic,188.0,19.8,180-190,5785
Jan Lennard Struff,193.0,33.0,190-200,5786
Botic Van De Zandschulp,191.0,27.6,190-200,5787
Dusan Lajovic,183.0,32.9,180-190,5788
Elias Ymer,185.0,27.1,180-190,5789
Alexandre Muller,183.0,26.3,180-190,5790
Timofey Skatov,175.0,22.3,<180,5791
Hugo Gaston,173.0,22.6,<180,5792
Federico Coria,180.0,31.2,<180,5793
Dominic Thiem,185.0,29.7,180-190,5794
Quentin Halys,191.0,26.5,190-200,5795
Giovanni Mpetshi Perricard,203.0,19.9,200+,5796
Gijs Brouwer,191.0,27.2,190-200,5797
Ricardas Berankis,175.0,32.9,<180,5798
Benjamin Bonzi,183.0,27.0,180-190,5799
Matteo Berrettini,196.0,27.1,190-200,5800
Borna Gojo,196.0,25.2,190-200,5801
Nick Kyrgios,193.0,28.1,190-200,5802
Andrea Vavassori,193.0,28.1,190-200,5803
Louis Wessels,198.0,24.8,190-200,5804
Richard Gasquet,183.0,37.0,180-190,5805
Emil Ruusuvuori,188.0,24.2,180-190,5806
Andy Murray,191.0,36.0,190-200,5807
Bernabe Zapata Miralles,183.0,26.4,180-190,5808
Max Purcell,185.0,25.2,180-190,5809
Abedallah Shelbayh,180.0,19.6,<180,5810
Li Tu,183.0,27.0,180-190,5811
Marco Cecchinato,185.0,30.7,180-190,5812
George Loffhagen,188.0,22.1,180-190,5813
Nuno Borges,185.0,26.3,180-190,5814
Jeremy Chardy,188.0,36.3,180-190,5815
Kimmer Coppejans,178.0,29.3,<180,5816
Sho Shimabukuro,180.0,25.9,<180,5817
Arthur Fils,185.0,19.0,180-190,5818
George Loffhagen,188.0,22.2,180-190,5819
Arthur Fery,175.0,20.9,<180,5820
Alexander Shevchenko,185.0,22.5,180-190,5821
Hugo Dellien,180.0,30.0,<180,5822
Dennis Novak,183.0,29.8,180-190,5823
Shintaro Mochizuki,175.0,20.0,<180,5824
Tomas Machac,183.0,22.7,180-190,5825
Thiago Monteiro,183.0,29.0,180-190,5826
Juan Manuel Cerundolo,183.0,21.6,180-190,5827
Yoshihito Nishioka,170.0,27.7,<180,5828
Dominik Koepfer,180.0,29.1,<180,5829
Alex Molcan,178.0,25.5,<180,5830
Borna Coric,188.0,26.6,180-190,5831
Roberto Bautista Agut,183.0,35.2,180-190,5832
Radu Albot,175.0,33.6,<180,5833
Constant Lestienne,180.0,31.1,<180,5834
Laurent Lokoli,188.0,28.7,180-190,5835
Enzo Couacaud,183.0,28.3,180-190,5836
Borna Gojo,196.0,25.3,190-200,5837
John Isner,208.0,38.1,200+,5838
Alexander Ritschard,193.0,29.3,190-200,5839
Otto Virtanen,193.0,22.0,190-200,5840
Fabio Fognini,178.0,36.1,<180,5841
Elias Ymer,185.0,27.2,180-190,5842
Dragos Nicolae Madaras,191.0,25.8,190-200,5843
Sasi Kumar Mukund,185.0,26.5,180-190,5844
Alex Bolt,183.0,30.5,180-190,5845
Eliot Spizzirri,183.0,21.5,180-190,5846
Yunseong Chung,178.0,25.3,<180,5847
Aleksandar Kovacevic,183.0,24.8,180-190,5848
Shintaro Mochizuki,175.0,20.1,<180,5849
Andres Martin,183.0,22.0,180-190,5850
Gael Monfils,193.0,36.8,190-200,5851
Hugo Dellien,180.0,30.1,<180,5852
Rudolf Molleker,188.0,22.7,180-190,5853
Jan Choinski,196.0,27.1,190-200,5854
Facundo Bagnis,183.0,33.4,180-190,5855
Marin Cilic,198.0,34.8,190-200,5856
Jesper De Jong,180.0,23.1,<180,5857
Duje Ajdukovic,188.0,22.4,180-190,5858
Christopher Oconnell,183.0,29.1,180-190,5859
Martin Landaluce,191.0,17.5,190-200,5860
Yannick Hanfmann,193.0,31.7,190-200,5861
Hamad Medjedovic,188.0,20.0,180-190,5862
Guido Pella,183.0,33.2,180-190,5863
Dennis Novak,183.0,29.9,180-190,5864
Cameron Norrie,188.0,27.9,180-190,5865
Rodrigo Pacheco Mendez,188.0,18.2,180-190,5866
Ernesto Escobedo,185.0,27.0,180-190,5867
Beibit Zhukayev,198.0,22.7,190-200,5868
Skander Mansouri,193.0,28.0,190-200,5869
Gonzalo Lama,180.0,30.2,<180,5870
Alejandro Tabilo,188.0,26.1,180-190,5871
Tomas Barrios Vera,191.0,25.6,190-200,5872
Otto Virtanen,193.0,22.1,190-200,5873
Alexander Bublik,196.0,26.1,190-200,5874
Felix Auger Aliassime,193.0,22.9,190-200,5875
Kevin Anderson,203.0,37.2,200+,5876
Bradley Klahn,183.0,32.9,180-190,5877
Bjorn Fratangelo,183.0,30.0,180-190,5878
Diego Schwartzman,170.0,30.9,<180,5879
Emilio Gomez,185.0,31.6,180-190,5880
Kiranpal Pannu,185.0,26.5,180-190,5881
Holger Rune,188.0,20.2,180-190,5882
Alexis Galarneau,180.0,24.4,<180,5883
Vasek Pospisil,193.0,33.1,190-200,5884
Corentin Moutet,180.0,24.3,<180,5885
Alexander Shevchenko,185.0,22.7,180-190,5886
Strong Kirchheimer,185.0,28.3,180-190,5887
Andrey Kuznetsov,183.0,32.4,180-190,5888
Illya Marchenko,185.0,35.9,180-190,5889
Darian King,188.0,31.3,180-190,5890
Quentin Halys,191.0,26.8,190-200,5891
Thai Son Kwiatkowski,188.0,28.5,180-190,5892
Jason Kubler,178.0,30.2,<180,5893
Alexandre Muller,183.0,26.5,180-190,5894
Pavel Kotov,191.0,24.7,190-200,5895
Constant Lestienne,180.0,31.2,<180,5896
Nuno Borges,185.0,26.4,180-190,5897
Alex Molcan,178.0,25.7,<180,5898
Nicolas Moreno De Alboran,185.0,26.1,180-190,5899
Attila Balazs,180.0,34.9,<180,5900
Max Purcell,185.0,25.4,180-190,5901
James Duckworth,183.0,31.6,180-190,5902
Albert Ramos,188.0,35.6,180-190,5903
Timofey Skatov,175.0,22.5,<180,5904
Karen Khachanov,198.0,27.2,190-200,5905
Diego Schwartzman,170.0,31.0,<180,5906
Arthur Cazaux,183.0,21.0,180-190,5907
Emilio Nava,185.0,21.7,180-190,5908
Learner Tien,180.0,17.7,<180,5909
Stefano Travaglia,185.0,31.6,180-190,5910
Marco Cecchinato,185.0,30.9,180-190,5911
Ilya Ivashka,193.0,29.5,190-200,5912
Holger Rune,188.0,20.3,180-190,5913
Soon Woo Kwon,180.0,25.7,<180,5914
Gregoire Barrere,183.0,29.5,180-190,5915
Steve Johnson,188.0,33.6,180-190,5916
Enzo Couacaud,183.0,28.4,180-190,5917
Zachary Svajda,175.0,20.7,<180,5918
Ethan Quinn,191.0,19.4,190-200,5919
Daniel Elahi Galan,191.0,27.2,190-200,5920
Tao Mu,180.0,23.3,<180,5921
Benjamin Lock,198.0,30.5,190-200,5922
Jie Cui,183.0,25.6,180-190,5923
Alibek Kachmazov,185.0,21.0,180-190,5924
Zizou Bergs,185.0,24.2,180-190,5925
Alexander Bublik,196.0,26.2,190-200,5926
Li Tu,183.0,27.3,180-190,5927
Aleksandar Kovacevic,183.0,25.0,180-190,5928
Juncheng Shang,180.0,18.6,<180,5929
Zhe Li,183.0,36.9,180-190,5930
Luke Saville,188.0,29.7,180-190,5931
Terence Atmane,193.0,21.6,190-200,5932
Yi Zhou,193.0,18.5,190-200,5933
Ye Cong Mo,183.0,23.2,180-190,5934
Dane Sweeny,170.0,22.5,<180,5935
Roberto Carballes Baena,183.0,30.5,180-190,5936
Stefano Napolitano,196.0,28.4,190-200,5937
Luca Van Assche,178.0,19.3,<180,5938
Christopher Oconnell,183.0,29.3,180-190,5939
Pedro Cachin,185.0,28.4,180-190,5940
Daniel Altmaier,188.0,25.0,180-190,5941
Fabio Fognini,178.0,36.3,<180,5942
Richard Gasquet,183.0,37.2,180-190,5943
Bernabe Zapata Miralles,183.0,26.7,180-190,5944
Rigele Te,188.0,25.9,180-190,5945
Denis Yevseyev,188.0,30.3,180-190,5946
Karl Friberg,191.0,24.5,190-200,5947
Benjamin Hassan,183.0,28.6,180-190,5948
Leo Borg,183.0,20.4,180-190,5949
Thiago Seyboth Wild,185.0,23.6,180-190,5950
Sho Shimabukuro,180.0,26.2,<180,5951
Taro Daniel,191.0,30.7,190-200,5952
Aleksandar Vukic,188.0,27.5,180-190,5953
Yosuke Watanuki,180.0,25.5,<180,5954
Luca Nardi,185.0,20.1,180-190,5955
Alexander Blockx,191.0,18.5,190-200,5956
Benjamin Bonzi,183.0,27.3,180-190,5957
Daniel Elahi Galan,191.0,27.3,190-200,5958
Richard Gasquet,183.0,37.3,180-190,5959
Dominik Koepfer,180.0,29.4,<180,5960
Arthur Rinderknech,196.0,28.2,190-200,5961
Leandro Riedi,191.0,21.7,190-200,5962
Benjamin Hassan,183.0,28.7,180-190,5963
Lorenzo Musetti,185.0,21.6,180-190,5964
Alexandre Muller,183.0,26.7,180-190,5965
Filip Misolic,180.0,22.2,<180,5966
Albert Ramos,188.0,35.7,180-190,5967
Daniel Evans,175.0,33.4,<180,5968
Jordan Thompson,183.0,29.5,180-190,5969
Sebastian Korda,196.0,23.3,190-200,5970
Gijs Brouwer,191.0,27.6,190-200,5971
Hugo Gaston,173.0,23.1,<180,5972
Matteo Martineau,183.0,24.8,180-190,5973
Mathias Bourgue,188.0,29.7,180-190,5974
Calvin Hemery,191.0,28.7,190-200,5975
Bernabe Zapata Miralles,183.0,26.8,180-190,5976
Arthur Cazaux,183.0,21.2,180-190,5977
Dimitar Kuzmanov,183.0,30.2,180-190,5978
Marc Andrea Huesler,196.0,27.3,190-200,5979
Zsombor Piros,180.0,24.0,<180,5980
Terence Atmane,193.0,21.8,190-200,5981
Nicolas Moreno De Alboran,185.0,26.3,180-190,5982
Alexandar Lazarov,191.0,25.9,190-200,5983
Vitaliy Sachko,188.0,26.3,180-190,5984
Roberto Carballes Baena,183.0,30.6,180-190,5985
Alex Michelsen,193.0,19.2,190-200,5986
Alejandro Tabilo,188.0,26.2,180-190,5987
Leo Borg,183.0,20.3,180-190,5988
Elias Ymer,185.0,27.4,180-190,5989
Marc Andrea Huesler,196.0,27.2,190-200,5990
Leandro Riedi,191.0,21.6,190-200,5991
Seong Chan Hong,175.0,26.1,<180,5992
Dino Prizmic,188.0,18.0,180-190,5993
Duje Ajdukovic,188.0,22.5,180-190,5994
Patrick Kaukovalta,193.0,24.9,190-200,5995
Gabriel Diallo,203.0,22.1,200+,5996
Jiri Lehecka,185.0,22.0,180-190,5997
Emil Ruusuvuori,188.0,24.6,180-190,5998
Lorenzo Musetti,185.0,21.7,180-190,5999
Jack Draper,193.0,21.9,190-200,6000
Cameron Norrie,188.0,28.2,180-190,6001
Nicolas Barrientos,175.0,35.7,<180,6002
Nicolas Mejia,183.0,22.9,180-190,6003
Lukas Klein,193.0,25.4,190-200,6004
Yuki Bhambri,185.0,30.5,180-190,6005
J J Wolf,183.0,25.0,180-190,6006
Sebastian Korda,196.0,23.4,190-200,6007
Marton Fucsovics,188.0,31.8,180-190,6008
Aslan Karatsev,185.0,30.3,180-190,6009
Dominic Thiem,185.0,30.3,180-190,6010
Aleksandar Vukic,188.0,27.7,180-190,6011
Li Tu,183.0,27.5,180-190,6012
Andy Murray,191.0,36.6,190-200,6013
Thiago Seyboth Wild,185.0,23.8,180-190,6014
Steven Diez,175.0,32.7,<180,6015
Stefanos Sakellaridis,196.0,19.2,190-200,6016
Tallon Griekspoor,188.0,27.4,180-190,6017
Francisco Cerundolo,185.0,25.3,180-190,6018
Pedro Cachin,185.0,28.7,180-190,6019
Vitaliy Sachko,188.0,26.4,180-190,6020
Borna Gojo,196.0,25.8,190-200,6021
Shintaro Mochizuki,175.0,20.5,<180,6022
Laslo Djere,188.0,28.5,180-190,6023
Marin Cilic,198.0,35.2,190-200,6024
Mackenzie Mcdonald,178.0,28.7,<180,6025
Benjamin Bonzi,183.0,27.5,180-190,6026
Facundo Diaz Acosta,183.0,23.0,180-190,6027
James Mccabe,188.0,20.5,180-190,6028
Arthur Rinderknech,196.0,28.4,190-200,6029
Adam Walton,183.0,24.7,180-190,6030
Bernabe Zapata Miralles,183.0,26.9,180-190,6031
Richard Gasquet,183.0,37.5,180-190,6032
Marcos Giron,180.0,30.4,<180,6033
Dino Prizmic,188.0,18.4,180-190,6034
Marc Polmans,188.0,26.7,180-190,6035
Cristian Garin,185.0,27.6,180-190,6036
Dane Sweeny,170.0,22.9,<180,6037
Benjamin Bonzi,183.0,27.6,180-190,6038
Shintaro Mochizuki,175.0,20.6,<180,6039
Milos Raonic,196.0,33.0,190-200,6040
Vit Kopriva,178.0,26.5,<180,6041
Lloyd Harris,193.0,26.8,190-200,6042
Jiri Vesely,198.0,30.5,190-200,6043
Federico Coria,180.0,31.8,<180,6044
Omar Jasika,183.0,26.6,180-190,6045
Maximilian Marterer,188.0,28.5,180-190,6046
Terence Atmane,193.0,22.0,190-200,6047
Soon Woo Kwon,180.0,26.1,<180,6048
Juan Pablo Varillas,185.0,28.2,180-190,6049
Mate Valkusz,183.0,25.4,180-190,6050
Albert Ramos,188.0,35.9,180-190,6051
Yosuke Watanuki,180.0,25.7,<180,6052
Antoine Escoffier,185.0,31.9,180-190,6053
Lucas Pouille,185.0,29.9,180-190,6054
Maximilian Marterer,188.0,28.6,180-190,6055
Dalibor Svrcina,178.0,21.3,<180,6056
Ugo Blanchet,175.0,25.0,<180,6057
Pedro Cachin,185.0,28.8,180-190,6058
Diego Schwartzman,170.0,31.4,<180,6059
Francisco Comesana,178.0,23.3,<180,6060
Federico Agustin Gomez,191.0,27.1,190-200,6061
Tennys Sandgren,188.0,32.5,180-190,6062
Mitchell Krueger,188.0,30.0,180-190,6063
Zachary Svajda,175.0,21.1,<180,6064
Steve Johnson,188.0,34.1,180-190,6065
Adam Neff,183.0,22.6,180-190,6066
Emilio Nava,185.0,22.1,180-190,6067
Ethan Quinn,191.0,19.9,190-200,6068
Maxime Cressy,201.0,26.7,200+,6069
Liam Broady,183.0,30.1,180-190,6070
Marin Cilic,198.0,35.3,190-200,6071
Arthur Fils,185.0,19.6,180-190,6072
Jesper De Jong,180.0,23.7,<180,6073
Dino Prizmic,188.0,18.5,180-190,6074
Abedallah Shelbayh,180.0,20.2,<180,6075
Giulio Zeppieri,183.0,22.2,180-190,6076
Diego Schwartzman,170.0,31.5,<180,6077
Ernesto Escobedo,185.0,27.6,180-190,6078
Brandon Holt,185.0,25.8,180-190,6079
Rodrigo Pacheco Mendez,188.0,18.8,180-190,6080
Bernabe Zapata Miralles,183.0,27.1,180-190,6081
Gustavo Heide,191.0,21.9,190-200,6082
Nuno Borges,185.0,27.0,180-190,6083
Terence Atmane,193.0,22.1,190-200,6084
Michael Mmoh,188.0,26.1,180-190,6085
Sumit Nagal,178.0,26.5,<180,6086
Maximilian Marterer,188.0,28.7,180-190,6087
Alex Molcan,178.0,26.2,<180,6088
Joao Fonseca,185.0,17.5,180-190,6089
Francesco Passaro,180.0,23.1,<180,6090
Shintaro Mochizuki,175.0,20.7,<180,6091
Nicolas Moreno De Alboran,185.0,26.6,180-190,6092
Miomir Kecmanovic,183.0,24.5,180-190,6093
Stan Wawrinka,183.0,38.9,180-190,6094
David Goffin,180.0,33.2,<180,6095
Emil Ruusuvuori,188.0,24.9,180-190,6096
Seong Chan Hong,175.0,26.6,<180,6097
Jurij Rodionov,191.0,24.8,190-200,6098
Denis Kudla,180.0,31.5,<180,6099
Adrian Mannarino,180.0,35.7,<180,6100
Sebastian Baez,170.0,23.2,<180,6101
Andrey Rublev,188.0,26.4,180-190,6102
Tomas Martin Etcheverry,196.0,24.6,190-200,6103
Tommy Paul,185.0,26.8,180-190,6104
Adam Walton,183.0,24.9,180-190,6105
Kei Nishikori,178.0,34.2,<180,6106
Coleman Wong,191.0,19.7,190-200,6107
Alexandre Muller,183.0,27.1,180-190,6108
Facundo Diaz Acosta,183.0,23.2,180-190,6109
Taro Daniel,191.0,31.1,190-200,6110
Rinky Hijikata,178.0,23.0,<180,6111
Darwin Blanch,185.0,16.4,180-190,6112
Vit Kopriva,178.0,26.7,<180,6113
Pedro Cachin,185.0,28.9,180-190,6114
Federico Coria,180.0,32.0,<180,6115
Henrique Rocha,180.0,19.9,<180,6116
Joao Sousa,185.0,35.0,180-190,6117
Lucas Pouille,185.0,30.1,180-190,6118
Dominik Koepfer,180.0,29.9,<180,6119
Jaime Faria,188.0,20.6,180-190,6120
Patrick Kypson,188.0,24.4,180-190,6121
Duje Ajdukovic,188.0,23.1,180-190,6122
Christopher Eubanks,201.0,27.9,200+,6123
Benoit Paire,196.0,34.8,190-200,6124
Juan Pablo Varillas,185.0,28.4,180-190,6125
Yibing Wu,183.0,24.4,180-190,6126
Thanasi Kokkinakis,193.0,27.9,190-200,6127
Gijs Brouwer,191.0,28.0,190-200,6128
Alexander Ritschard,193.0,30.0,190-200,6129
Denis Kudla,180.0,31.6,<180,6130
Laslo Djere,188.0,28.8,180-190,6131
Hugo Gaston,173.0,23.5,<180,6132
Elliot Benchetrit,193.0,25.4,190-200,6133
Abedallah Shelbayh,180.0,20.3,<180,6134
Matteo Gigante,180.0,22.2,<180,6135
Arthur Rinderknech,196.0,28.6,190-200,6136
Aziz Dougaz,188.0,27.0,180-190,6137
Albert Ramos,188.0,36.2,180-190,6138
Luca Nardi,185.0,20.6,180-190,6139
Christopher Oconnell,183.0,29.8,180-190,6140
Valentin Vacherot,193.0,25.3,190-200,6141
Lorenzo Musetti,185.0,22.1,180-190,6142
Andrea Vavassori,193.0,28.9,190-200,6143
Daniel Rincon,185.0,21.2,180-190,6144
Hugo Grenier,196.0,28.0,190-200,6145
Diego Schwartzman,170.0,31.6,<180,6146
Arthur Cazaux,183.0,21.6,180-190,6147
Yoshihito Nishioka,170.0,28.5,<180,6148
Martin Landaluce,191.0,18.2,190-200,6149
Max Hans Rehberg,183.0,20.5,180-190,6150
Dominic Thiem,185.0,30.6,180-190,6151
Francesco Passaro,180.0,23.2,<180,6152
Vit Kopriva,178.0,26.8,<180,6153
Maximilian Marterer,188.0,28.8,180-190,6154
Ivan Gakhov,191.0,27.4,190-200,6155
Marko Topo,185.0,20.5,180-190,6156
Camilo Ugo Carabelli,185.0,24.8,180-190,6157
Benjamin Bonzi,183.0,27.8,180-190,6158
Thanasi Kokkinakis,193.0,28.0,190-200,6159
Carlos Taberner,183.0,26.6,180-190,6160
Aleksandar Kovacevic,183.0,25.6,180-190,6161
Valentin Vacherot,193.0,25.4,190-200,6162
Jordan Thompson,183.0,30.0,180-190,6163
Adrian Mannarino,180.0,35.8,<180,6164
Frances Tiafoe,188.0,26.2,180-190,6165
Richard Gasquet,183.0,37.8,180-190,6166
Emil Ruusuvuori,188.0,25.0,180-190,6167
Darwin Blanch,185.0,16.5,180-190,6168
Pablo Llamas Ruiz,188.0,21.5,180-190,6169
Benjamin Hassan,183.0,29.2,180-190,6170
Brandon Nakashima,188.0,22.7,180-190,6171
Alexei Popyrin,196.0,24.7,190-200,6172
Roman Safiullin,185.0,26.7,180-190,6173
Diego Schwartzman,170.0,31.7,<180,6174
Daniel Evans,175.0,33.9,<180,6175
Christopher Eubanks,201.0,28.0,200+,6176
Christopher Oconnell,183.0,29.9,180-190,6177
J J Wolf,183.0,25.3,180-190,6178
Harold Mayot,180.0,22.2,<180,6179
Marton Fucsovics,188.0,32.2,180-190,6180
Gregoire Barrere,183.0,30.2,180-190,6181
Mackenzie Mcdonald,178.0,29.0,<180,6182
Andrea Vavassori,193.0,29.0,190-200,6183
Aleksandar Kovacevic,183.0,25.7,180-190,6184
Aslan Karatsev,185.0,30.7,180-190,6185
Sumit Nagal,178.0,26.7,<180,6186
Rinky Hijikata,178.0,23.2,<180,6187
Javier Barranco Cosano,180.0,25.5,<180,6188
Nikolas Sanchez Izquierdo,185.0,25.1,180-190,6189
Taro Daniel,191.0,31.3,190-200,6190
Daniel Elahi Galan,191.0,27.9,190-200,6191
Pedro Cachin,185.0,29.1,180-190,6192
Pierre Hugues Herbert,188.0,33.1,180-190,6193
J J Wolf,183.0,25.4,180-190,6194
Felipe Meligeni Alves,185.0,26.2,180-190,6195
Shintaro Mochizuki,175.0,20.9,<180,6196
Federico Coria,180.0,32.2,<180,6197
Daniel Evans,175.0,34.0,<180,6198
Nicolas Jarry,201.0,28.6,200+,6199
Gustavo Heide,191.0,22.2,190-200,6200
Mattia Bellucci,175.0,22.9,<180,6201
Harold Mayot,180.0,22.3,<180,6202
Arthur Cazaux,183.0,21.7,180-190,6203
Pablo Carreno Busta,188.0,32.8,180-190,6204
Laslo Djere,188.0,28.9,180-190,6205
Constant Lestienne,180.0,32.0,<180,6206
Valentin Vacherot,193.0,25.5,190-200,6207
Botic Van De Zandschulp,191.0,28.6,190-200,6208
Borna Coric,188.0,27.5,180-190,6209
Mikhail Kukushkin,183.0,36.4,180-190,6210
Thiago Agustin Tirante,185.0,23.1,180-190,6211
Otto Virtanen,193.0,22.9,190-200,6212
Gabriel Diallo,203.0,22.6,200+,6213
Luca Van Assche,178.0,20.0,<180,6214
Max Purcell,185.0,26.1,180-190,6215
Roman Andres Burruchaga,183.0,22.3,180-190,6216
Tim Van Rijthoven,188.0,27.1,180-190,6217
Marc Andrea Huesler,196.0,27.9,190-200,6218
Jakub Mensik,193.0,18.7,190-200,6219
Stefano Napolitano,196.0,29.1,190-200,6220
Tristan Schoolkate,183.0,23.2,180-190,6221
David Goffin,180.0,33.5,<180,6222
Henri Squire,196.0,23.7,190-200,6223
Matteo Martineau,183.0,25.3,180-190,6224
Pierre Hugues Herbert,188.0,33.2,180-190,6225
Nuno Borges,185.0,27.3,180-190,6226
Pedro Martinez,185.0,27.1,180-190,6227
Joao Fonseca,185.0,17.8,180-190,6228
Oscar Otte,193.0,30.9,190-200,6229
Francisco Cerundolo,185.0,25.8,180-190,6230
Alejandro Davidovich Fokina,183.0,25.0,180-190,6231
Dominic Thiem,185.0,30.8,180-190,6232
Pablo Carreno Busta,188.0,32.9,180-190,6233
Taro Daniel,191.0,31.4,190-200,6234
Charles Broom,178.0,26.1,<180,6235
Liam Broady,183.0,30.4,180-190,6236
Laslo Djere,188.0,29.0,180-190,6237
James Mccabe,188.0,20.9,180-190,6238
Henry Searle,193.0,18.2,190-200,6239
Marton Fucsovics,188.0,32.3,180-190,6240
Sumit Nagal,178.0,26.8,<180,6241
Nicolas Jarry,201.0,28.7,200+,6242
Arthur Fery,175.0,21.9,<180,6243
Mattia Bellucci,175.0,23.0,<180,6244
Cristian Garin,185.0,28.0,180-190,6245
Adrian Mannarino,180.0,36.0,<180,6246
Maxime Janvier,196.0,27.7,190-200,6247
Hugo Gaston,173.0,23.7,<180,6248
Mark Lajal,191.0,21.1,190-200,6249
Felipe Meligeni Alves,185.0,26.3,180-190,6250
Luca Van Assche,178.0,20.1,<180,6251
Alex Bolt,183.0,31.4,180-190,6252
Federico Coria,180.0,32.3,<180,6253
Jan Choinski,196.0,28.0,190-200,6254
Constant Lestienne,180.0,32.1,<180,6255
Christopher Oconnell,183.0,30.0,180-190,6256
Kei Nishikori,178.0,34.5,<180,6257
Elias Ymer,185.0,28.2,180-190,6258
Facundo Diaz Acosta,183.0,23.5,180-190,6259
Radu Albot,175.0,34.6,<180,6260
Dominic Stricker,183.0,21.8,180-190,6261
Soon Woo Kwon,180.0,26.5,<180,6262
Luca Nardi,185.0,20.9,180-190,6263
Thiago Monteiro,183.0,30.0,180-190,6264
Alejandro Moro Canas,183.0,23.5,180-190,6265
Vit Kopriva,178.0,27.0,<180,6266
Marc Andrea Huesler,196.0,28.0,190-200,6267
Titouan Droguet,191.0,23.0,190-200,6268
Pedro Cachin,185.0,29.2,180-190,6269
Albert Ramos,188.0,36.4,180-190,6270
Gregoire Barrere,183.0,30.4,180-190,6271
Dominic Stricker,183.0,21.9,180-190,6272
Richard Gasquet,183.0,38.0,180-190,6273
Stefano Napolitano,196.0,29.2,190-200,6274
Jesper De Jong,180.0,24.1,<180,6275
Soon Woo Kwon,180.0,26.6,<180,6276
Nick Hardt,185.0,23.8,180-190,6277
Rudolf Molleker,188.0,23.7,180-190,6278
Felipe Meligeni Alves,185.0,26.4,180-190,6279
Zizou Bergs,185.0,25.1,180-190,6280
Jaime Faria,188.0,20.9,180-190,6281
Andrea Pellegrino,185.0,27.3,180-190,6282
Jozef Kovalik,183.0,31.6,180-190,6283
Leo Borg,183.0,21.1,180-190,6284
Gabriel Diallo,203.0,22.8,200+,6285
Shintaro Mochizuki,175.0,21.1,<180,6286
Coleman Wong,191.0,20.1,190-200,6287
Li Tu,183.0,28.1,180-190,6288
Marc Polmans,188.0,27.2,180-190,6289
Emilio Nava,185.0,22.6,180-190,6290
Zachary Svajda,175.0,21.6,<180,6291
Andres Martin,183.0,23.0,180-190,6292
J J Wolf,183.0,25.5,180-190,6293
Marton Fucsovics,188.0,32.4,180-190,6294
Hamad Medjedovic,188.0,21.0,180-190,6295
Vit Kopriva,178.0,27.1,<180,6296
Joel Schwaerzler,188.0,18.4,180-190,6297
Jaume Munar,183.0,27.2,180-190,6298
Andrea Collarini,183.0,32.4,180-190,6299
Luka Mikrut,188.0,20.2,180-190,6300
Enzo Couacaud,183.0,29.3,180-190,6301
Mili Poljicak,185.0,20.0,180-190,6302
Filip Misolic,180.0,22.9,<180,6303
Guido Andreozzi,183.0,32.9,180-190,6304
Elias Ymer,185.0,28.3,180-190,6305
Maxime Cressy,201.0,27.2,200+,6306
Camilo Ugo Carabelli,185.0,25.1,180-190,6307
Matthew Ebden,188.0,36.6,180-190,6308
Milos Raonic,196.0,33.5,190-200,6309
Moez Echargui,178.0,31.5,<180,6310
Alexander Bublik,196.0,27.1,190-200,6311
Taro Daniel,191.0,31.5,190-200,6312
Tomas Barrios Vera,191.0,26.6,190-200,6313
Marcos Giron,180.0,31.0,<180,6314
Robin Haase,191.0,37.3,190-200,6315
Francisco Cabral,191.0,27.5,190-200,6316
Petros Tsitsipas,185.0,24.0,180-190,6317
Hady Habib,188.0,25.9,180-190,6318
Denis Shapovalov,185.0,25.3,180-190,6319
Nicolas Jarry,201.0,28.8,200+,6320
Mackenzie Mcdonald,178.0,29.3,<180,6321
Vasek Pospisil,193.0,34.1,190-200,6322
Brandon Holt,185.0,26.3,180-190,6323
Luciano Darderi,183.0,22.5,180-190,6324
Sumit Nagal,178.0,27.0,<180,6325
Strong Kirchheimer,185.0,29.3,180-190,6326
Constant Lestienne,180.0,32.2,<180,6327
Federico Coria,180.0,32.4,<180,6328
Omni Kumar,173.0,22.8,<180,6329
Adam Walton,183.0,25.3,180-190,6330
Nicolas Mejia,183.0,24.5,180-190,6331
Eliot Spizzirri,183.0,22.6,180-190,6332
Stan Wawrinka,183.0,39.4,180-190,6333
Jaume Munar,183.0,27.3,180-190,6334
Hamad Medjedovic,188.0,21.1,180-190,6335
Dusan Lajovic,183.0,34.1,180-190,6336
Li Tu,183.0,28.2,180-190,6337
Hugo Gaston,173.0,23.9,<180,6338
Alejandro Tabilo,188.0,27.2,180-190,6339
Fabio Fognini,178.0,37.2,<180,6340
Quentin Halys,191.0,27.8,190-200,6341
Daniel Altmaier,188.0,25.9,180-190,6342
Timofey Skatov,175.0,23.5,<180,6343
Diego Schwartzman,170.0,32.0,<180,6344
Jan Choinski,196.0,28.2,190-200,6345
Albert Ramos,188.0,36.6,180-190,6346
Holger Rune,188.0,21.3,180-190,6347
Christopher Eubanks,201.0,28.3,200+,6348
Hugo Grenier,196.0,28.4,190-200,6349
Alejandro Davidovich Fokina,183.0,25.2,180-190,6350
Kyrian Jacquet,178.0,23.2,<180,6351
Dominic Thiem,185.0,30.9,180-190,6352
Luca Nardi,185.0,21.0,180-190,6353
Dominik Koepfer,180.0,30.3,<180,6354
Soon Woo Kwon,180.0,26.7,<180,6355
Maks Kasnikowski,180.0,21.1,<180,6356
Jan Lennard Struff,193.0,34.3,190-200,6357
Terence Atmane,193.0,22.6,190-200,6358
Lorenzo Sonego,191.0,29.3,190-200,6359
Fajing Sun,178.0,27.9,<180,6360
Shintaro Mochizuki,175.0,21.2,<180,6361
Aleksandar Kovacevic,183.0,26.0,180-190,6362
Adam Walton,183.0,25.4,180-190,6363
Borna Coric,188.0,27.8,180-190,6364
Chun Hsin Tseng,175.0,23.1,<180,6365
Denis Yevseyev,188.0,31.3,180-190,6366
Luca Nardi,185.0,21.1,180-190,6367
Aslan Karatsev,185.0,31.0,180-190,6368
Corentin Moutet,180.0,25.4,<180,6369
Damir Dzumhur,175.0,32.3,<180,6370
Marco Trungelliti,178.0,34.6,<180,6371
James Mccabe,188.0,21.2,180-190,6372
Casper Ruud,183.0,25.7,180-190,6373
Shintaro Mochizuki,175.0,21.3,<180,6374
Pablo Carreno Busta,188.0,33.2,180-190,6375
Sebastian Baez,170.0,23.7,<180,6376
Egor Gerasimov,196.0,31.8,190-200,6377
Coleman Wong,191.0,20.3,190-200,6378
Sumit Nagal,178.0,27.1,<180,6379
Marin Cilic,198.0,36.0,190-200,6380
Ramkumar Ramanathan,188.0,29.8,180-190,6381
Rinky Hijikata,178.0,23.6,<180,6382
Yoshihito Nishioka,170.0,29.0,<180,6383
Beibit Zhukayev,198.0,23.9,190-200,6384
James Duckworth,183.0,32.6,180-190,6385
Li Tu,183.0,28.3,180-190,6386
Facundo Diaz Acosta,183.0,23.7,180-190,6387
Taro Daniel,191.0,31.7,190-200,6388
James Duckworth,183.0,32.7,180-190,6389
Benjamin Hassan,183.0,29.6,180-190,6390
Timofey Skatov,175.0,23.7,<180,6391
Mikhail Kukushkin,183.0,36.8,180-190,6392
Damir Dzumhur,175.0,32.4,<180,6393
Dominik Koepfer,180.0,30.4,<180,6394
Alexey Vatutin,178.0,31.9,<180,6395
Thiago Monteiro,183.0,30.3,180-190,6396
Raphael Collignon,191.0,22.7,190-200,6397
Luca Van Assche,178.0,20.4,<180,6398
Alexander Blockx,191.0,19.5,190-200,6399
Facundo Diaz Acosta,183.0,23.8,180-190,6400
Gilles Arnaud Bailly,180.0,19.0,<180,6401
Leo Borg,183.0,21.4,180-190,6402
Thiago Agustin Tirante,185.0,23.5,180-190,6403
Cameron Norrie,188.0,29.1,180-190,6404
Elias Ymer,185.0,28.5,180-190,6405
Pavel Kotov,191.0,25.9,190-200,6406
Marc Andrea Huesler,196.0,28.3,190-200,6407
Nuno Borges,185.0,27.6,180-190,6408
Jerome Kym,198.0,21.6,190-200,6409
Sebastian Baez,170.0,23.8,<180,6410
Juncheng Shang,180.0,19.7,<180,6411
Joel Schwaerzler,188.0,18.7,180-190,6412
Zhizhen Zhang,193.0,28.0,190-200,6413
Dominic Thiem,185.0,31.1,180-190,6414
Kei Nishikori,178.0,34.8,<180,6415
Marton Fucsovics,188.0,32.7,180-190,6416
Thiago Seyboth Wild,185.0,24.6,180-190,6417
Jan Lennard Struff,193.0,34.4,190-200,6418
Fabio Fognini,178.0,37.4,<180,6419
Luciano Darderi,183.0,22.7,180-190,6420
Roberto Carballes Baena,183.0,31.6,180-190,6421
Hubert Hurkacz,196.0,27.7,190-200,6422
Pedro Martinez,185.0,27.5,180-190,6423
Duje Ajdukovic,188.0,23.7,180-190,6424
Nuno Borges,185.0,27.7,180-190,6425
Stan Wawrinka,183.0,39.6,180-190,6426
Branko Djuric,188.0,19.7,180-190,6427
Alexandre Muller,183.0,27.7,180-190,6428
Jesper De Jong,180.0,24.4,<180,6429
Gregoire Barrere,183.0,30.7,180-190,6430
Sumit Nagal,178.0,27.2,<180,6431
Alexander Shevchenko,185.0,23.9,180-190,6432
Manuel Guinard,198.0,28.9,190-200,6433
Titouan Droguet,191.0,23.3,190-200,6434
Harold Mayot,180.0,22.7,<180,6435
Thiago Monteiro,183.0,30.4,180-190,6436
Theo Papamalamis,183.0,18.8,180-190,6437
Alex De Minaur,183.0,25.7,180-190,6438
Jakub Mensik,193.0,19.2,190-200,6439
Juncheng Shang,180.0,19.8,<180,6440
Raphael Collignon,191.0,22.6,190-200,6441
Alexander Blockx,191.0,19.4,190-200,6442
Tomas Barrios Vera,191.0,26.7,190-200,6443
Henri Squire,196.0,23.9,190-200,6444
Norbert Gombos,193.0,34.0,190-200,6445
Eero Vasa,185.0,27.6,180-190,6446
Otto Virtanen,193.0,23.2,190-200,6447
Gabriel Diallo,203.0,23.1,200+,6448
Lorenzo Musetti,185.0,22.7,180-190,6449
Rafael Nadal,185.0,38.4,180-190,6450
Ben Shelton,193.0,22.1,190-200,6451
Dmitry Popko,191.0,27.2,190-200,6452
Seong Chan Hong,175.0,26.5,<180,6453
Joris De Loore,191.0,30.7,190-200,6454
Yshai Oliel,188.0,24.0,180-190,6455
Orel Kimhi,173.0,20.4,<180,6456
Joao Sousa,185.0,34.8,180-190,6457
Eero Vasa,185.0,26.9,180-190,6458
Kevin Krawietz,188.0,32.0,180-190,6459
Karl Friberg,191.0,24.8,190-200,6460
Yu Hsiou Hsu,178.0,24.8,<180,6461
Tung Lin Wu,188.0,25.7,180-190,6462
Chun Hsin Tseng,175.0,22.4,<180,6463
Oleksii Krutykh,185.0,23.8,180-190,6464
Vladyslav Orlov,188.0,28.7,180-190,6465
Dimitar Kuzmanov,183.0,30.5,180-190,6466
Yanaki Milev,180.0,19.7,<180,6467
Andrej Nedic,185.0,19.2,180-190,6468
Alvaro Guillen Meza,175.0,21.0,<180,6469
Emilio Gomez,185.0,32.1,180-190,6470
Marius Copil,191.0,33.2,190-200,6471
Michael Agwi,193.0,20.4,190-200,6472
Osgar Ohoisin,193.0,27.4,190-200,6473
Hady Habib,188.0,25.4,180-190,6474
Zura Tkemaladze,188.0,23.6,180-190,6475
Ernesto Escobedo,185.0,27.5,180-190,6476
Robert Strombachs,191.0,24.3,190-200,6477
Martins Rocens,185.0,23.8,180-190,6478
Cem Ilkel,185.0,28.4,180-190,6479
Ajeet Rai,188.0,25.0,180-190,6480
Aisam Ul Haq Qureshi,183.0,43.8,180-190,6481
Sergey Fomin,180.0,22.9,<180,6482
Khumoun Sultanov,180.0,25.2,<180,6483
Maxim Shin,191.0,20.6,190-200,6484
Murkel Alejandro Dellien Velasco,193.0,26.9,190-200,6485
Saba Purtseladze,191.0,23.0,190-200,6486
Alec Beckley,183.0,23.2,180-190,6487
Yassine Dlimi,191.0,21.3,190-200,6488
Elliot Benchetrit,193.0,25.9,190-200,6489
Younes Lalami Laaroussi,188.0,23.3,180-190,6490
Kiranpal Pannu,185.0,27.6,180-190,6491
Ajeet Rai,188.0,25.6,180-190,6492
Jose Rubin Statham,180.0,37.3,<180,6493
Yi Zhou,193.0,19.4,190-200,6494
Rigele Te,188.0,26.9,180-190,6495
Sergey Fomin,180.0,23.6,<180,6496
Kristjan Tamm,185.0,26.2,180-190,6497
Maximus Jones,185.0,19.3,180-190,6498
Wishaya Trongcharoenchaikul,193.0,28.8,190-200,6499
Petros Chrysochos,185.0,27.8,180-190,6500
Menelaos Efstathiou,183.0,24.9,180-190,6501
Benjamin Lock,198.0,30.9,190-200,6502
Courtney John Lock,193.0,27.2,190-200,6503
Hamid Reza Nadaf,183.0,31.2,180-190,6504
Kristjan Tamm,185.0,25.7,180-190,6505
Benjamin Balleret,185.0,41.0,180-190,6506
Jesse Flores,188.0,28.8,180-190,6507
Ilya Snitari,188.0,21.8,180-190,6508
Linh Giang Trinh,183.0,26.4,180-190,6509
