player_key,surface_key,time_key,tournament_key,aces,double_faults,service_points,first_serve_in,first_serve_pct
3146,2,90,23,8.0,1.0,108.0,74.0,68.51851851851852
6146,2,88,21,0.0,4.0,100.0,64.0,64.0
3696,2,124,69,6.0,2.0,42.0,27.0,64.28571428571429
2200,2,123,66,1.0,0.0,55.0,31.0,56.36363636363636
370,1,137,18,1.0,5.0,48.0,26.0,54.166666666666664
3412,1,81,65,7.0,12.0,112.0,73.0,65.17857142857143
1010,1,120,65,2.0,5.0,60.0,28.0,46.666666666666664
1070,3,22,57,2.0,5.0,66.0,39.0,59.09090909090909
1579,1,77,7,2.0,0.0,58.0,40.0,68.96551724137932
5516,1,188,18,3.0,6.0,85.0,54.0,63.52941176470588
2753,1,82,64,2.0,1.0,52.0,38.0,73.07692307692307
2914,2,78,9,1.0,3.0,48.0,30.0,62.5
326,1,99,68,3.0,1.0,51.0,31.0,60.78431372549019
402,1,105,155,2.0,0.0,103.0,75.0,72.81553398058253
4071,1,106,156,11.0,0.0,57.0,46.0,80.7017543859649
5187,3,93,75,21.0,4.0,105.0,70.0,66.66666666666666
1001,3,94,78,6.0,9.0,122.0,76.0,62.295081967213115
3668,1,144,70,8.0,3.0,85.0,43.0,50.588235294117645
1084,1,1,1,11.0,6.0,89.0,53.0,59.55056179775281
3616,1,80,16,6.0,3.0,69.0,46.0,66.66666666666666
3095,1,7,15,4.0,1.0,56.0,34.0,60.71428571428571
3881,1,145,159,16.0,3.0,109.0,66.0,60.550458715596335
5483,2,84,66,2.0,4.0,105.0,73.0,69.52380952380952
6230,2,128,23,2.0,5.0,108.0,76.0,70.37037037037037
3434,2,177,21,1.0,4.0,93.0,57.0,61.29032258064516
2542,1,23,82,3.0,3.0,63.0,36.0,57.14285714285714
5733,3,182,85,15.0,6.0,94.0,52.0,55.319148936170215
3561,2,35,66,5.0,5.0,83.0,43.0,51.80722891566265
2781,1,107,70,8.0,3.0,54.0,37.0,68.51851851851852
1005,2,24,22,4.0,5.0,34.0,13.0,38.23529411764706
1123,1,204,234,5.0,1.0,50.0,28.0,56.00000000000001
1978,2,79,147,3.0,2.0,70.0,53.0,75.71428571428571
826,2,124,56,9.0,3.0,81.0,42.0,51.85185185185185
3691,1,116,146,10.0,1.0,64.0,43.0,67.1875
840,3,131,75,6.0,0.0,90.0,47.0,52.22222222222223
825,1,78,11,2.0,1.0,92.0,57.0,61.95652173913043
514,3,93,75,2.0,2.0,92.0,51.0,55.434782608695656
4168,1,76,5,13.0,3.0,80.0,40.0,50.0
5689,1,198,30,10.0,1.0,99.0,50.0,50.505050505050505
278,1,136,68,2.0,3.0,47.0,18.0,38.297872340425535
6100,1,120,65,1.0,2.0,72.0,38.0,52.77777777777778
438,1,81,65,1.0,1.0,71.0,39.0,54.929577464788736
4059,2,11,21,17.0,6.0,91.0,49.0,53.84615384615385
5118,1,42,71,1.0,2.0,102.0,71.0,69.6078431372549
4082,2,125,76,5.0,6.0,87.0,63.0,72.41379310344827
1585,3,24,59,3.0,0.0,41.0,30.0,73.17073170731707
6445,2,90,23,2.0,3.0,116.0,105.0,90.51724137931035
2959,1,163,178,5.0,3.0,97.0,59.0,60.824742268041234
5771,1,167,13,8.0,2.0,51.0,29.0,56.86274509803921
97,1,190,19,6.0,2.0,119.0,73.0,61.34453781512605
4114,1,102,19,1.0,0.0,88.0,56.0,63.63636363636363
3312,1,52,5,19.0,6.0,75.0,51.0,68.0
2702,1,190,19,3.0,8.0,89.0,42.0,47.19101123595505
3066,2,36,21,0.0,0.0,65.0,43.0,66.15384615384615
1659,1,189,80,14.0,7.0,97.0,59.0,60.824742268041234
2710,1,140,181,2.0,1.0,52.0,21.0,40.38461538461539
720,1,105,154,6.0,1.0,36.0,26.0,72.22222222222221
1883,3,94,78,6.0,6.0,76.0,48.0,63.1578947368421
3439,1,170,16,3.0,3.0,85.0,51.0,60.0
4021,1,188,18,10.0,5.0,90.0,43.0,47.77777777777778
2298,1,1,1,5.0,2.0,107.0,62.0,57.943925233644855
1848,1,6,12,6.0,5.0,73.0,36.0,49.31506849315068
590,1,121,64,13.0,4.0,89.0,56.0,62.92134831460674
5979,2,10,20,7.0,3.0,56.0,29.0,51.78571428571429
1557,2,27,83,0.0,1.0,65.0,49.0,75.38461538461539
4546,2,135,20,7.0,4.0,91.0,62.0,68.13186813186813
611,1,196,70,8.0,2.0,68.0,45.0,66.17647058823529
647,1,193,155,21.0,2.0,112.0,76.0,67.85714285714286
4407,1,102,19,13.0,15.0,161.0,90.0,55.90062111801242
4162,1,116,7,11.0,2.0,53.0,31.0,58.490566037735846
4738,1,9,19,5.0,3.0,110.0,62.0,56.36363636363636
3652,2,177,21,5.0,2.0,73.0,46.0,63.013698630136986
4950,1,137,18,4.0,5.0,141.0,81.0,57.446808510638306
1858,1,172,64,7.0,2.0,54.0,35.0,64.81481481481481
625,1,78,146,8.0,1.0,68.0,49.0,72.05882352941177
1776,2,184,58,2.0,3.0,99.0,55.0,55.55555555555556
3102,2,126,21,4.0,4.0,66.0,40.0,60.60606060606061
3881,1,120,65,12.0,7.0,95.0,55.0,57.89473684210527
883,2,128,23,8.0,3.0,149.0,90.0,60.40268456375839
1853,3,183,78,13.0,2.0,103.0,62.0,60.19417475728155
3074,2,174,66,1.0,2.0,102.0,59.0,57.84313725490197
4837,2,128,23,0.0,5.0,90.0,59.0,65.55555555555556
392,1,164,3,2.0,1.0,54.0,37.0,68.51851851851852
2827,1,14,26,21.0,0.0,68.0,49.0,72.05882352941177
2250,1,165,5,16.0,2.0,185.0,108.0,58.37837837837838
4612,1,118,2,8.0,5.0,86.0,56.0,65.11627906976744
6175,1,43,2,7.0,4.0,99.0,63.0,63.63636363636363
4866,1,196,55,4.0,3.0,53.0,38.0,71.69811320754717
2497,2,135,20,6.0,3.0,83.0,52.0,62.65060240963856
1111,2,133,60,1.0,2.0,64.0,44.0,68.75
2653,2,186,221,16.0,3.0,95.0,75.0,78.94736842105263
3363,1,136,68,14.0,1.0,106.0,63.0,59.43396226415094
843,1,34,11,1.0,1.0,65.0,48.0,73.84615384615385
50,1,75,144,13.0,8.0,71.0,40.0,56.33802816901409
377,1,25,79,11.0,3.0,83.0,57.0,68.67469879518072
2759,2,35,66,3.0,5.0,44.0,25.0,56.81818181818182
1771,3,132,78,1.0,5.0,167.0,124.0,74.25149700598801
93,1,76,5,14.0,7.0,74.0,55.0,74.32432432432432
4000,2,117,9,3.0,1.0,120.0,85.0,70.83333333333334
2484,2,177,21,7.0,2.0,88.0,55.0,62.5
2834,1,120,65,5.0,4.0,66.0,38.0,57.57575757575758
3477,1,44,16,5.0,1.0,93.0,50.0,53.76344086021505
78,2,83,148,18.0,6.0,92.0,57.0,61.95652173913043
1808,2,124,69,2.0,3.0,87.0,50.0,57.47126436781609
2382,2,40,77,6.0,3.0,113.0,69.0,61.06194690265486
3999,1,137,18,6.0,5.0,55.0,29.0,52.72727272727272
3592,2,116,6,4.0,1.0,58.0,26.0,44.827586206896555
4554,1,170,15,5.0,9.0,72.0,37.0,51.388888888888886
1215,1,139,19,3.0,5.0,87.0,46.0,52.87356321839081
3842,1,1,1,8.0,1.0,56.0,38.0,67.85714285714286
3856,2,176,76,3.0,3.0,97.0,69.0,71.1340206185567
4232,3,181,57,2.0,1.0,68.0,46.0,67.64705882352942
3244,1,137,18,1.0,2.0,62.0,48.0,77.41935483870968
1663,2,86,81,5.0,0.0,68.0,38.0,55.88235294117647
3073,1,139,19,12.0,0.0,90.0,49.0,54.44444444444444
3538,3,181,73,5.0,2.0,63.0,46.0,73.01587301587301
56,1,147,31,3.0,1.0,79.0,52.0,65.82278481012658
2709,1,165,5,3.0,3.0,117.0,86.0,73.50427350427351
5318,2,49,23,10.0,4.0,116.0,63.0,54.310344827586206
1298,3,183,78,8.0,0.0,81.0,45.0,55.55555555555556
3769,3,92,73,8.0,0.0,66.0,54.0,81.81818181818183
4074,1,1,2,1.0,0.0,48.0,27.0,56.25
3119,2,125,76,1.0,2.0,47.0,22.0,46.808510638297875
855,2,79,147,9.0,6.0,124.0,55.0,44.354838709677416
4081,1,3,5,21.0,8.0,189.0,125.0,66.13756613756614
5178,2,170,17,2.0,4.0,53.0,31.0,58.490566037735846
2003,1,198,30,3.0,3.0,68.0,39.0,57.35294117647059
4181,2,90,23,6.0,2.0,91.0,60.0,65.93406593406593
3337,2,125,76,4.0,5.0,104.0,53.0,50.96153846153846
3542,1,190,19,3.0,8.0,115.0,65.0,56.52173913043478
6340,2,173,149,4.0,8.0,105.0,62.0,59.04761904761905
2698,2,125,76,3.0,2.0,88.0,53.0,60.22727272727273
1242,1,109,30,5.0,6.0,108.0,62.0,57.407407407407405
1996,1,29,63,8.0,1.0,64.0,36.0,56.25
3349,1,3,5,9.0,1.0,108.0,73.0,67.5925925925926
249,1,102,19,5.0,4.0,86.0,51.0,59.30232558139535
4729,1,196,55,13.0,2.0,96.0,66.0,68.75
3154,1,74,142,6.0,0.0,81.0,46.0,56.79012345679012
2854,1,189,80,14.0,6.0,89.0,47.0,52.80898876404494
271,3,47,85,4.0,2.0,66.0,50.0,75.75757575757575
2038,2,176,76,4.0,0.0,61.0,37.0,60.65573770491803
716,2,174,66,9.0,5.0,96.0,49.0,51.041666666666664
988,3,183,78,16.0,3.0,126.0,73.0,57.936507936507944
3236,2,179,23,3.0,7.0,152.0,79.0,51.973684210526315
3727,2,90,23,0.0,1.0,80.0,54.0,67.5
3426,3,93,75,2.0,2.0,92.0,51.0,55.434782608695656
147,1,3,5,2.0,8.0,110.0,69.0,62.727272727272734
1126,1,205,229,4.0,2.0,101.0,71.0,70.29702970297029
3832,3,180,61,10.0,2.0,64.0,36.0,56.25
3554,3,130,73,7.0,0.0,55.0,34.0,61.81818181818181
2556,1,101,80,4.0,2.0,64.0,33.0,51.5625
2539,1,186,67,8.0,0.0,75.0,45.0,60.0
1824,1,104,153,10.0,5.0,104.0,63.0,60.57692307692307
1599,1,107,70,1.0,2.0,53.0,30.0,56.60377358490566
3679,1,169,2,4.0,1.0,53.0,36.0,67.9245283018868
576,1,2,3,6.0,3.0,48.0,29.0,60.416666666666664
5450,1,9,19,4.0,1.0,139.0,85.0,61.15107913669065
1271,1,4,8,6.0,1.0,108.0,73.0,67.5925925925926
2672,1,171,65,3.0,1.0,44.0,32.0,72.72727272727273
3127,1,147,31,10.0,1.0,48.0,35.0,72.91666666666666
2564,1,80,15,7.0,2.0,52.0,38.0,73.07692307692307
4698,1,198,30,5.0,1.0,69.0,39.0,56.52173913043478
1223,3,181,73,5.0,2.0,76.0,37.0,48.68421052631579
682,1,186,67,1.0,0.0,78.0,50.0,64.1025641025641
2092,1,79,2,5.0,2.0,60.0,41.0,68.33333333333333
4059,1,197,159,16.0,11.0,86.0,42.0,48.837209302325576
3570,1,100,18,9.0,3.0,52.0,33.0,63.46153846153846
1034,2,124,69,1.0,3.0,88.0,49.0,55.68181818181818
3794,1,109,30,11.0,1.0,58.0,37.0,63.793103448275865
2663,1,39,18,5.0,2.0,72.0,47.0,65.27777777777779
2920,1,144,55,14.0,3.0,91.0,62.0,68.13186813186813
703,1,17,30,11.0,4.0,53.0,35.0,66.0377358490566
2122,1,195,184,2.0,4.0,100.0,75.0,75.0
2579,1,3,5,8.0,6.0,95.0,64.0,67.36842105263158
1705,1,42,55,5.0,1.0,57.0,34.0,59.64912280701754
1371,1,113,142,10.0,4.0,76.0,50.0,65.78947368421053
700,3,91,61,4.0,1.0,56.0,27.0,48.214285714285715
1013,1,1,1,6.0,5.0,108.0,57.0,52.77777777777778
3016,2,25,20,1.0,4.0,83.0,44.0,53.01204819277109
5090,1,52,5,8.0,4.0,117.0,80.0,68.37606837606837
3558,2,88,21,1.0,1.0,94.0,69.0,73.40425531914893
4188,1,168,11,4.0,4.0,65.0,41.0,63.07692307692307
2702,1,109,30,11.0,0.0,78.0,49.0,62.82051282051282
1974,1,56,86,9.0,3.0,78.0,50.0,64.1025641025641
854,1,76,5,9.0,3.0,130.0,84.0,64.61538461538461
2570,2,90,23,3.0,0.0,113.0,79.0,69.91150442477876
5562,2,49,23,6.0,2.0,95.0,60.0,63.1578947368421
2833,1,119,16,9.0,1.0,50.0,34.0,68.0
4874,1,42,71,1.0,1.0,53.0,34.0,64.15094339622641
1007,1,121,64,15.0,1.0,71.0,47.0,66.19718309859155
1507,1,152,190,7.0,2.0,63.0,44.0,69.84126984126983
1119,1,171,65,2.0,2.0,66.0,43.0,65.15151515151516
961,2,86,56,2.0,2.0,83.0,53.0,63.85542168674698
1446,2,24,22,5.0,6.0,101.0,60.0,59.4059405940594
2370,1,7,15,3.0,2.0,52.0,28.0,53.84615384615385
2233,2,11,21,5.0,4.0,66.0,35.0,53.03030303030303
281,1,163,219,3.0,1.0,70.0,39.0,55.714285714285715
680,1,45,12,1.0,5.0,55.0,33.0,60.0
2253,1,55,1,4.0,0.0,52.0,40.0,76.92307692307693
512,2,128,23,2.0,5.0,104.0,61.0,58.65384615384615
2781,1,186,67,4.0,9.0,67.0,45.0,67.16417910447761
3552,2,122,148,7.0,0.0,43.0,33.0,76.74418604651163
5103,2,48,76,3.0,4.0,67.0,45.0,67.16417910447761
5192,1,172,64,5.0,0.0,59.0,35.0,59.32203389830508
2715,1,102,19,9.0,4.0,191.0,120.0,62.82722513089005
3246,1,1,2,2.0,2.0,47.0,32.0,68.08510638297872
3141,1,44,15,2.0,3.0,48.0,25.0,52.083333333333336
4698,1,17,30,5.0,0.0,66.0,44.0,66.66666666666666
3444,2,12,22,2.0,2.0,83.0,57.0,68.67469879518072
2825,1,142,183,5.0,2.0,83.0,43.0,51.80722891566265
230,1,39,18,11.0,3.0,62.0,32.0,51.61290322580645
409,2,179,23,8.0,1.0,126.0,85.0,67.46031746031747
1317,1,54,31,2.0,2.0,78.0,37.0,47.43589743589743
2042,2,167,6,2.0,3.0,77.0,44.0,57.14285714285714
5206,1,199,77,5.0,2.0,90.0,58.0,64.44444444444444
3841,2,125,76,6.0,1.0,78.0,60.0,76.92307692307693
3963,2,95,60,1.0,2.0,59.0,40.0,67.79661016949152
3464,2,40,69,3.0,2.0,67.0,33.0,49.25373134328358
44,1,190,19,4.0,8.0,157.0,83.0,52.86624203821656
1139,1,42,55,8.0,3.0,133.0,77.0,57.89473684210527
3665,1,32,64,3.0,0.0,118.0,69.0,58.47457627118644
6072,1,188,18,2.0,5.0,50.0,34.0,68.0
1615,1,171,65,1.0,2.0,36.0,23.0,63.888888888888886
1807,1,44,16,5.0,7.0,73.0,46.0,63.013698630136986
2070,2,84,66,4.0,3.0,108.0,76.0,70.37037037037037
2757,2,58,90,5.0,1.0,106.0,65.0,61.32075471698113
5098,1,190,19,8.0,5.0,150.0,78.0,52.0
4105,1,108,159,1.0,1.0,60.0,45.0,75.0
949,1,52,5,8.0,4.0,117.0,80.0,68.37606837606837
4005,1,189,80,0.0,5.0,60.0,38.0,63.33333333333333
1804,2,35,66,3.0,1.0,61.0,33.0,54.09836065573771
2391,2,128,23,2.0,6.0,146.0,87.0,59.589041095890416
3385,1,106,157,0.0,0.0,57.0,40.0,70.17543859649122
1239,1,195,184,3.0,0.0,48.0,24.0,50.0
3965,1,139,19,18.0,5.0,129.0,73.0,56.58914728682171
4343,2,174,66,0.0,2.0,100.0,62.0,62.0
431,3,92,73,2.0,0.0,82.0,59.0,71.95121951219512
1773,3,130,73,8.0,0.0,84.0,52.0,61.904761904761905
1251,1,171,65,0.0,6.0,84.0,47.0,55.952380952380956
4851,2,97,20,1.0,6.0,50.0,24.0,48.0
3502,2,126,21,8.0,1.0,94.0,65.0,69.14893617021278
2351,2,85,150,4.0,7.0,89.0,45.0,50.56179775280899
4308,2,71,122,2.0,5.0,76.0,52.0,68.42105263157895
388,2,90,23,2.0,2.0,194.0,144.0,74.22680412371135
2457,2,87,76,7.0,3.0,92.0,65.0,70.65217391304348
177,1,107,70,1.0,2.0,78.0,54.0,69.23076923076923
2591,2,177,21,6.0,2.0,69.0,37.0,53.62318840579711
129,2,14,25,6.0,1.0,57.0,42.0,73.68421052631578
1080,1,170,15,1.0,0.0,39.0,22.0,56.41025641025641
4168,3,130,73,11.0,2.0,77.0,52.0,67.53246753246754
445,1,32,64,5.0,2.0,100.0,65.0,65.0
6036,2,48,76,3.0,3.0,68.0,36.0,52.94117647058824
2416,1,197,159,9.0,2.0,73.0,46.0,63.013698630136986
1002,1,30,30,6.0,0.0,72.0,52.0,72.22222222222221
1698,2,174,66,2.0,2.0,62.0,32.0,51.61290322580645
746,1,56,86,6.0,7.0,73.0,32.0,43.83561643835616
5415,1,51,19,15.0,6.0,127.0,75.0,59.055118110236215
3552,2,124,56,10.0,2.0,91.0,60.0,65.93406593406593
2404,1,9,19,6.0,0.0,93.0,54.0,58.06451612903226
5977,1,190,19,11.0,1.0,74.0,35.0,47.2972972972973
1609,1,108,159,9.0,0.0,52.0,37.0,71.15384615384616
2493,2,177,21,5.0,0.0,54.0,32.0,59.25925925925925
2909,2,119,17,5.0,3.0,58.0,32.0,55.172413793103445
3358,2,124,180,0.0,5.0,99.0,72.0,72.72727272727273
225,2,87,76,3.0,2.0,116.0,85.0,73.27586206896551
2415,1,145,29,5.0,0.0,41.0,31.0,75.60975609756098
1668,1,136,68,5.0,2.0,96.0,51.0,53.125
521,1,191,222,18.0,2.0,83.0,50.0,60.24096385542169
3754,1,44,15,1.0,0.0,56.0,39.0,69.64285714285714
3743,1,32,64,3.0,2.0,47.0,27.0,57.446808510638306
2597,1,170,15,2.0,0.0,56.0,34.0,60.71428571428571
5818,2,134,22,4.0,3.0,72.0,48.0,66.66666666666666
1076,1,115,5,10.0,2.0,133.0,95.0,71.42857142857143
392,2,58,91,3.0,4.0,119.0,73.0,61.34453781512605
1781,2,21,56,3.0,0.0,43.0,31.0,72.09302325581395
2796,1,79,13,3.0,3.0,103.0,73.0,70.87378640776699
6032,1,102,19,9.0,7.0,110.0,58.0,52.72727272727272
5800,3,180,61,6.0,1.0,47.0,32.0,68.08510638297872
3241,2,88,21,1.0,3.0,83.0,54.0,65.06024096385542
2271,2,90,23,9.0,8.0,161.0,85.0,52.79503105590062
4758,1,80,16,2.0,1.0,109.0,79.0,72.47706422018348
2016,2,36,21,5.0,2.0,63.0,45.0,71.42857142857143
188,2,31,6,1.0,0.0,57.0,43.0,75.43859649122807
434,1,9,19,12.0,3.0,70.0,48.0,68.57142857142857
1006,2,128,23,2.0,5.0,123.0,72.0,58.536585365853654
1925,1,43,2,6.0,7.0,80.0,45.0,56.25
5409,1,74,1,5.0,1.0,64.0,41.0,64.0625
1043,1,39,18,1.0,4.0,72.0,41.0,56.94444444444444
3311,1,78,146,13.0,1.0,80.0,56.0,70.0
4354,3,132,78,17.0,10.0,159.0,112.0,70.44025157232704
4030,2,85,69,1.0,2.0,83.0,60.0,72.28915662650603
3698,1,190,19,9.0,7.0,85.0,47.0,55.294117647058826
3448,2,185,72,10.0,6.0,96.0,45.0,46.875
4837,2,21,56,4.0,3.0,97.0,63.0,64.94845360824742
4093,2,90,23,11.0,3.0,129.0,76.0,58.91472868217055
329,1,165,5,7.0,0.0,91.0,61.0,67.03296703296702
3554,1,17,30,11.0,3.0,102.0,76.0,74.50980392156863
4709,1,81,65,9.0,5.0,98.0,74.0,75.51020408163265
69,1,77,7,3.0,1.0,95.0,69.0,72.63157894736842
5834,2,124,56,0.0,2.0,27.0,18.0,66.66666666666666
5214,3,95,59,5.0,4.0,71.0,43.0,60.56338028169014
3727,1,46,32,14.0,3.0,116.0,77.0,66.37931034482759
1088,3,180,61,10.0,0.0,62.0,43.0,69.35483870967742
3294,1,121,64,6.0,3.0,88.0,63.0,71.5909090909091
736,2,175,220,8.0,1.0,96.0,67.0,69.79166666666666
1124,1,115,5,8.0,4.0,76.0,47.0,61.8421052631579
1251,2,43,17,2.0,2.0,48.0,34.0,70.83333333333334
3529,1,32,64,6.0,3.0,44.0,29.0,65.9090909090909
2299,1,102,19,12.0,5.0,84.0,47.0,55.952380952380956
4035,1,102,19,6.0,6.0,79.0,35.0,44.303797468354425
2655,1,171,65,4.0,1.0,95.0,57.0,60.0
1084,1,43,2,11.0,2.0,102.0,72.0,70.58823529411765
1802,1,74,1,16.0,0.0,76.0,60.0,78.94736842105263
6100,1,121,64,3.0,1.0,89.0,49.0,55.0561797752809
4756,2,90,23,4.0,2.0,98.0,63.0,64.28571428571429
6319,2,178,62,1.0,2.0,57.0,31.0,54.385964912280706
2448,2,170,17,1.0,2.0,50.0,32.0,64.0
2881,1,102,19,2.0,6.0,141.0,84.0,59.57446808510638
2828,1,162,216,6.0,1.0,62.0,34.0,54.83870967741935
2066,1,81,65,3.0,1.0,40.0,17.0,42.5
243,3,24,59,20.0,6.0,84.0,48.0,57.14285714285714
215,2,177,21,7.0,3.0,64.0,40.0,62.5
3651,1,98,67,10.0,11.0,105.0,51.0,48.57142857142857
2425,2,24,22,2.0,1.0,123.0,80.0,65.04065040650406
6206,1,168,12,4.0,2.0,72.0,38.0,52.77777777777778
560,3,92,57,12.0,1.0,57.0,38.0,66.66666666666666
5719,2,125,76,1.0,0.0,109.0,78.0,71.55963302752293
1031,1,144,70,11.0,2.0,53.0,35.0,66.0377358490566
189,1,144,70,1.0,2.0,66.0,39.0,59.09090909090909
729,1,99,68,7.0,3.0,81.0,52.0,64.19753086419753
227,1,171,65,3.0,1.0,58.0,31.0,53.44827586206896
4443,2,49,23,11.0,2.0,168.0,118.0,70.23809523809523
3205,1,115,5,11.0,3.0,133.0,87.0,65.41353383458647
3036,1,37,67,4.0,6.0,52.0,22.0,42.30769230769231
1282,1,82,64,24.0,1.0,89.0,63.0,70.78651685393258
3564,1,102,19,12.0,11.0,130.0,74.0,56.92307692307692
2112,3,93,85,4.0,2.0,48.0,36.0,75.0
227,1,2,4,6.0,2.0,80.0,52.0,65.0
2178,2,173,81,4.0,1.0,84.0,52.0,61.904761904761905
5420,2,177,21,8.0,3.0,84.0,51.0,60.71428571428571
4874,1,186,67,3.0,5.0,53.0,34.0,64.15094339622641
2199,2,126,21,3.0,2.0,78.0,44.0,56.41025641025641
340,1,120,65,6.0,6.0,59.0,29.0,49.152542372881356
921,1,165,5,12.0,4.0,130.0,89.0,68.46153846153847
2261,1,194,183,5.0,6.0,101.0,68.0,67.32673267326733
3158,1,118,2,8.0,5.0,86.0,56.0,65.11627906976744
3241,1,42,55,2.0,1.0,90.0,66.0,73.33333333333333
1843,1,145,159,3.0,2.0,57.0,46.0,80.7017543859649
5518,1,165,5,6.0,0.0,70.0,45.0,64.28571428571429
6205,1,51,19,24.0,8.0,142.0,80.0,56.33802816901409
3525,2,176,76,10.0,3.0,68.0,44.0,64.70588235294117
326,1,2,3,6.0,0.0,52.0,33.0,63.46153846153846
124,1,109,30,6.0,1.0,51.0,37.0,72.54901960784314
883,1,115,5,24.0,1.0,70.0,51.0,72.85714285714285
5148,3,50,78,6.0,6.0,124.0,67.0,54.03225806451613
5568,2,127,62,2.0,3.0,53.0,32.0,60.37735849056604
3672,1,121,64,5.0,2.0,77.0,53.0,68.83116883116884
4933,1,74,143,7.0,1.0,110.0,65.0,59.09090909090909
596,2,85,69,3.0,1.0,43.0,23.0,53.48837209302325
3339,1,115,5,7.0,3.0,83.0,54.0,65.06024096385542
3940,1,186,67,10.0,1.0,46.0,31.0,67.3913043478261
2600,3,183,78,6.0,2.0,105.0,63.0,60.0
5848,1,135,82,15.0,5.0,106.0,71.0,66.98113207547169
3019,1,80,16,6.0,2.0,49.0,28.0,57.14285714285714
6109,2,128,23,3.0,5.0,123.0,71.0,57.72357723577236
1586,1,136,68,2.0,0.0,51.0,29.0,56.86274509803921
2305,1,109,30,4.0,2.0,112.0,67.0,59.82142857142857
337,1,33,65,0.0,1.0,49.0,34.0,69.38775510204081
3870,2,90,23,1.0,4.0,143.0,79.0,55.24475524475524
4005,1,194,183,3.0,2.0,78.0,45.0,57.692307692307686
812,1,115,5,15.0,3.0,93.0,59.0,63.44086021505376
2521,1,138,80,7.0,4.0,93.0,57.0,61.29032258064516
3538,1,165,5,7.0,3.0,116.0,75.0,64.65517241379311
1198,2,13,23,1.0,3.0,143.0,106.0,74.12587412587412
3316,1,102,19,6.0,2.0,150.0,99.0,66.0
3549,2,90,23,2.0,3.0,105.0,64.0,60.952380952380956
4078,1,164,4,10.0,3.0,59.0,40.0,67.79661016949152
560,3,131,75,12.0,4.0,127.0,88.0,69.29133858267717
398,1,38,68,11.0,3.0,41.0,30.0,73.17073170731707
6394,1,170,15,11.0,3.0,85.0,51.0,60.0
1174,1,105,154,6.0,1.0,39.0,27.0,69.23076923076923
4539,1,32,64,7.0,1.0,85.0,44.0,51.76470588235295
2208,1,82,64,8.0,2.0,47.0,29.0,61.702127659574465
877,2,125,76,1.0,0.0,55.0,37.0,67.27272727272727
969,2,36,21,4.0,2.0,56.0,37.0,66.07142857142857
2576,2,85,69,1.0,0.0,62.0,42.0,67.74193548387096
2671,1,52,5,3.0,0.0,18.0,10.0,55.55555555555556
6046,1,120,65,5.0,4.0,88.0,55.0,62.5
1028,1,9,19,13.0,4.0,125.0,80.0,64.0
3848,2,125,76,4.0,1.0,72.0,43.0,59.72222222222222
1973,1,112,162,1.0,0.0,48.0,34.0,70.83333333333334
3027,3,132,78,19.0,3.0,114.0,75.0,65.78947368421053
4043,1,111,32,15.0,1.0,81.0,55.0,67.90123456790124
2678,1,99,68,2.0,2.0,51.0,35.0,68.62745098039215
767,1,119,16,5.0,1.0,41.0,30.0,73.17073170731707
284,1,76,5,12.0,6.0,129.0,82.0,63.565891472868216
3218,1,15,55,4.0,3.0,67.0,42.0,62.68656716417911
227,1,115,5,10.0,1.0,139.0,94.0,67.62589928057554
1774,1,109,30,3.0,0.0,38.0,21.0,55.26315789473685
2695,2,133,58,2.0,2.0,58.0,42.0,72.41379310344827
3108,3,131,85,6.0,4.0,61.0,40.0,65.57377049180327
4745,2,21,81,1.0,2.0,99.0,72.0,72.72727272727273
2410,3,92,73,10.0,2.0,71.0,33.0,46.478873239436616
4158,2,35,66,2.0,1.0,52.0,32.0,61.53846153846154
5122,2,58,91,0.0,1.0,51.0,25.0,49.01960784313725
5242,2,10,20,6.0,5.0,109.0,53.0,48.62385321100918
2537,1,190,19,10.0,4.0,90.0,53.0,58.88888888888889
3226,1,118,2,10.0,3.0,77.0,46.0,59.74025974025974
2294,3,133,59,6.0,4.0,79.0,44.0,55.69620253164557
360,2,90,23,18.0,5.0,123.0,109.0,88.6178861788618
659,1,141,154,2.0,0.0,62.0,38.0,61.29032258064516
4310,1,142,183,2.0,1.0,69.0,44.0,63.76811594202898
2699,1,117,11,8.0,1.0,63.0,39.0,61.904761904761905
2067,1,141,154,9.0,2.0,77.0,48.0,62.33766233766234
3404,2,24,22,2.0,1.0,81.0,41.0,50.617283950617285
1982,1,172,64,0.0,1.0,62.0,46.0,74.19354838709677
1297,2,124,69,11.0,4.0,120.0,85.0,70.83333333333334
4101,1,135,67,13.0,5.0,77.0,46.0,59.74025974025974
3137,1,195,184,3.0,2.0,60.0,39.0,65.0
2238,2,179,23,12.0,4.0,108.0,62.0,57.407407407407405
3283,2,11,21,12.0,1.0,79.0,53.0,67.08860759493672
850,2,49,23,8.0,0.0,97.0,59.0,60.824742268041234
2146,3,91,151,8.0,2.0,126.0,82.0,65.07936507936508
5899,2,173,149,5.0,0.0,61.0,41.0,67.21311475409836
2896,1,199,63,4.0,2.0,106.0,78.0,73.58490566037736
2004,1,9,19,3.0,0.0,36.0,24.0,66.66666666666666
643,1,106,157,1.0,2.0,43.0,27.0,62.7906976744186
2653,3,132,78,15.0,3.0,144.0,101.0,70.13888888888889
6273,1,8,18,2.0,1.0,58.0,33.0,56.896551724137936
4891,1,51,19,12.0,8.0,124.0,64.0,51.61290322580645
1846,2,179,23,1.0,5.0,106.0,78.0,73.58490566037736
2760,3,94,78,16.0,3.0,75.0,47.0,62.66666666666667
680,3,92,73,3.0,5.0,72.0,40.0,55.55555555555556
3065,1,109,30,12.0,8.0,77.0,46.0,59.74025974025974
4495,2,49,23,5.0,3.0,110.0,63.0,57.27272727272727
1979,2,89,83,2.0,1.0,78.0,58.0,74.35897435897436
7,1,14,26,4.0,2.0,113.0,78.0,69.02654867256636
3660,1,82,64,5.0,1.0,78.0,53.0,67.94871794871796
3672,2,118,179,5.0,4.0,78.0,38.0,48.717948717948715
4810,2,175,56,5.0,2.0,64.0,44.0,68.75
1241,1,80,16,13.0,1.0,58.0,43.0,74.13793103448276
3233,1,139,19,5.0,3.0,73.0,49.0,67.12328767123287
4567,1,101,80,4.0,2.0,66.0,44.0,66.66666666666666
3941,1,115,5,8.0,6.0,104.0,60.0,57.692307692307686
2366,1,117,11,3.0,1.0,44.0,27.0,61.36363636363637
1408,1,7,16,9.0,3.0,122.0,65.0,53.278688524590166
1825,1,199,77,14.0,3.0,104.0,73.0,70.1923076923077
518,1,115,5,17.0,3.0,136.0,89.0,65.44117647058823
2571,1,120,65,2.0,1.0,42.0,28.0,66.66666666666666
750,1,170,15,5.0,0.0,57.0,30.0,52.63157894736842
2043,2,116,6,1.0,3.0,100.0,65.0,65.0
4054,1,171,65,4.0,1.0,95.0,57.0,60.0
6024,1,104,153,14.0,2.0,60.0,36.0,60.0
4005,1,5,11,4.0,1.0,79.0,49.0,62.0253164556962
2361,2,86,81,2.0,2.0,51.0,38.0,74.50980392156863
2388,2,88,21,5.0,3.0,126.0,71.0,56.34920634920635
275,2,84,66,3.0,7.0,96.0,72.0,75.0
13,1,145,29,8.0,1.0,68.0,45.0,66.17647058823529
5221,1,80,16,9.0,3.0,74.0,49.0,66.21621621621621
1612,1,120,65,0.0,2.0,51.0,30.0,58.82352941176471
3297,3,132,78,11.0,5.0,127.0,78.0,61.417322834645674
630,1,52,5,13.0,5.0,162.0,102.0,62.96296296296296
1207,1,146,30,5.0,3.0,89.0,54.0,60.67415730337079
1214,2,27,83,4.0,9.0,83.0,34.0,40.963855421686745
536,1,79,13,3.0,3.0,85.0,48.0,56.470588235294116
2845,1,140,182,9.0,1.0,46.0,30.0,65.21739130434783
3019,2,49,23,11.0,2.0,154.0,100.0,64.93506493506493
613,2,119,17,0.0,5.0,121.0,91.0,75.20661157024794
3037,2,85,69,5.0,1.0,78.0,50.0,64.1025641025641
5183,2,78,9,0.0,3.0,69.0,51.0,73.91304347826086
1335,2,24,60,2.0,3.0,80.0,52.0,65.0
700,1,109,30,3.0,0.0,58.0,33.0,56.896551724137936
2371,3,183,78,18.0,7.0,112.0,68.0,60.71428571428571
294,3,22,57,5.0,6.0,52.0,23.0,44.230769230769226
737,2,185,20,4.0,3.0,83.0,56.0,67.46987951807229
1535,1,60,109,5.0,0.0,60.0,41.0,68.33333333333333
2086,2,122,149,3.0,1.0,49.0,33.0,67.3469387755102
2108,2,173,148,3.0,2.0,56.0,36.0,64.28571428571429
401,2,87,76,19.0,5.0,81.0,53.0,65.4320987654321
866,2,12,22,2.0,0.0,52.0,29.0,55.769230769230774
3739,1,120,65,3.0,1.0,75.0,44.0,58.666666666666664
4855,1,106,157,1.0,4.0,70.0,46.0,65.71428571428571
1914,1,120,65,5.0,0.0,57.0,31.0,54.385964912280706
4094,1,121,64,9.0,6.0,63.0,37.0,58.730158730158735
3029,2,13,23,4.0,2.0,64.0,37.0,57.8125
648,2,123,66,5.0,6.0,96.0,47.0,48.95833333333333
2718,1,53,80,14.0,2.0,68.0,43.0,63.23529411764706
3217,1,79,13,7.0,4.0,67.0,40.0,59.70149253731343
5225,1,7,15,2.0,2.0,52.0,36.0,69.23076923076923
1761,2,85,69,7.0,2.0,105.0,63.0,60.0
3179,1,171,65,7.0,2.0,87.0,51.0,58.620689655172406
1568,1,32,64,3.0,3.0,59.0,38.0,64.40677966101694
943,1,107,158,5.0,2.0,102.0,70.0,68.62745098039215
1185,1,113,178,3.0,6.0,100.0,62.0,62.0
1284,3,132,78,5.0,3.0,87.0,54.0,62.06896551724138
1325,1,140,181,6.0,5.0,50.0,28.0,56.00000000000001
3312,2,87,76,3.0,5.0,47.0,31.0,65.95744680851064
1279,3,132,78,16.0,2.0,137.0,85.0,62.04379562043796
4957,1,37,67,2.0,2.0,63.0,46.0,73.01587301587301
3391,1,139,19,6.0,3.0,82.0,55.0,67.07317073170732
1888,2,123,66,3.0,8.0,103.0,56.0,54.36893203883495
1896,2,83,148,8.0,0.0,58.0,40.0,68.96551724137932
2345,2,128,23,0.0,6.0,83.0,46.0,55.42168674698795
1664,2,35,66,2.0,1.0,70.0,45.0,64.28571428571429
560,1,107,70,2.0,3.0,63.0,33.0,52.38095238095239
262,2,31,6,2.0,1.0,43.0,32.0,74.4186046511628
765,1,171,65,4.0,5.0,58.0,40.0,68.96551724137932
421,1,30,30,4.0,0.0,51.0,29.0,56.86274509803921
2373,2,35,66,0.0,2.0,64.0,40.0,62.5
2092,3,22,73,8.0,2.0,67.0,51.0,76.11940298507463
890,2,13,23,3.0,0.0,126.0,89.0,70.63492063492063
664,1,121,64,1.0,1.0,14.0,9.0,64.28571428571429
6208,1,101,80,3.0,5.0,55.0,33.0,60.0
3793,1,51,19,18.0,14.0,165.0,90.0,54.54545454545454
3583,2,83,148,3.0,2.0,82.0,58.0,70.73170731707317
3934,2,87,76,15.0,2.0,88.0,53.0,60.22727272727273
3974,1,188,18,5.0,4.0,88.0,61.0,69.31818181818183
1445,2,124,69,1.0,3.0,60.0,34.0,56.666666666666664
3279,1,29,63,11.0,1.0,68.0,45.0,66.17647058823529
2375,3,92,73,1.0,5.0,92.0,55.0,59.78260869565217
2535,1,114,4,10.0,2.0,101.0,62.0,61.386138613861384
4147,2,173,148,3.0,2.0,56.0,36.0,64.28571428571429
5110,2,13,23,3.0,3.0,115.0,75.0,65.21739130434783
3631,2,34,9,0.0,7.0,67.0,30.0,44.776119402985074
3578,1,215,263,10.0,1.0,92.0,72.0,78.26086956521739
1251,1,104,31,11.0,2.0,72.0,44.0,61.111111111111114
2655,1,153,199,10.0,1.0,54.0,41.0,75.92592592592592
2570,1,135,82,8.0,9.0,104.0,57.0,54.807692307692314
2551,1,199,63,12.0,0.0,84.0,63.0,75.0
28,3,26,61,19.0,2.0,44.0,26.0,59.09090909090909
5197,2,125,76,1.0,1.0,88.0,61.0,69.31818181818183
5189,1,52,5,15.0,3.0,117.0,74.0,63.24786324786324
3144,2,123,66,4.0,5.0,86.0,56.0,65.11627906976744
5382,2,184,58,9.0,4.0,100.0,73.0,73.0
960,3,182,75,6.0,4.0,54.0,29.0,53.70370370370371
714,1,165,5,15.0,4.0,147.0,85.0,57.82312925170068
2155,2,40,69,6.0,4.0,84.0,53.0,63.095238095238095
1362,1,8,18,3.0,2.0,49.0,31.0,63.26530612244898
25,1,120,65,1.0,1.0,50.0,33.0,66.0
156,1,33,65,6.0,5.0,110.0,49.0,44.54545454545455
483,2,90,23,3.0,1.0,88.0,51.0,57.95454545454546
3205,2,58,90,0.0,2.0,59.0,36.0,61.016949152542374
5986,1,195,184,6.0,2.0,53.0,34.0,64.15094339622641
6382,3,129,151,3.0,1.0,76.0,44.0,57.89473684210527
1494,1,52,5,5.0,6.0,148.0,81.0,54.729729729729726
2668,1,200,32,6.0,3.0,75.0,44.0,58.666666666666664
3899,2,126,21,2.0,2.0,48.0,29.0,60.416666666666664
3719,2,4,6,2.0,0.0,43.0,32.0,74.4186046511628
3064,1,3,5,8.0,2.0,79.0,49.0,62.0253164556962
1780,1,119,15,3.0,1.0,93.0,54.0,58.06451612903226
6197,1,76,5,2.0,3.0,70.0,43.0,61.42857142857143
4216,2,179,23,1.0,3.0,108.0,73.0,67.5925925925926
337,1,99,68,4.0,0.0,47.0,33.0,70.2127659574468
5295,1,56,88,4.0,1.0,53.0,39.0,73.58490566037736
6171,1,187,68,2.0,2.0,55.0,29.0,52.72727272727272
727,1,4,7,17.0,2.0,98.0,67.0,68.36734693877551
1251,1,103,63,3.0,1.0,38.0,27.0,71.05263157894737
6451,1,121,64,12.0,1.0,75.0,48.0,64.0
690,2,23,58,2.0,1.0,54.0,38.0,70.37037037037037
422,2,13,23,7.0,2.0,146.0,98.0,67.12328767123287
2051,2,186,221,12.0,0.0,40.0,28.0,70.0
1215,1,6,12,4.0,1.0,71.0,45.0,63.38028169014085
2898,1,51,19,14.0,6.0,68.0,41.0,60.29411764705882
50,1,78,11,10.0,6.0,77.0,46.0,59.74025974025974
5264,1,32,64,2.0,1.0,66.0,35.0,53.03030303030303
3815,1,153,187,6.0,2.0,86.0,53.0,61.627906976744185
890,2,118,179,0.0,1.0,64.0,46.0,71.875
1982,2,71,121,0.0,4.0,60.0,38.0,63.33333333333333
4036,1,155,205,8.0,1.0,69.0,49.0,71.01449275362319
4637,1,53,80,11.0,1.0,74.0,56.0,75.67567567567568
1011,1,44,16,10.0,5.0,65.0,38.0,58.46153846153847
642,1,57,87,12.0,3.0,72.0,43.0,59.72222222222222
6165,1,107,70,11.0,3.0,107.0,62.0,57.943925233644855
3619,1,103,63,3.0,1.0,38.0,27.0,71.05263157894737
4519,1,76,5,13.0,1.0,144.0,89.0,61.80555555555556
5095,1,140,182,5.0,3.0,38.0,19.0,50.0
4738,2,40,77,5.0,1.0,57.0,39.0,68.42105263157895
4110,1,76,5,12.0,3.0,84.0,63.0,75.0
1918,3,130,57,1.0,1.0,60.0,42.0,70.0
2306,2,173,81,8.0,6.0,108.0,59.0,54.629629629629626
1364,3,47,75,6.0,3.0,68.0,42.0,61.76470588235294
3552,1,163,218,4.0,0.0,65.0,50.0,76.92307692307693
4448,2,90,23,11.0,0.0,111.0,70.0,63.06306306306306
1951,1,192,223,7.0,2.0,96.0,53.0,55.208333333333336
1620,1,34,11,5.0,3.0,108.0,63.0,58.333333333333336
626,1,172,64,9.0,1.0,83.0,56.0,67.46987951807229
98,2,176,76,5.0,3.0,85.0,59.0,69.41176470588235
4734,1,79,2,5.0,3.0,69.0,48.0,69.56521739130434
6205,1,17,30,1.0,0.0,26.0,15.0,57.692307692307686
2602,2,179,23,0.0,5.0,84.0,48.0,57.14285714285714
2091,1,77,7,8.0,0.0,42.0,25.0,59.523809523809526
6423,1,199,63,4.0,5.0,106.0,82.0,77.35849056603774
2355,2,25,20,4.0,7.0,90.0,50.0,55.55555555555556
94,1,113,178,7.0,2.0,97.0,62.0,63.91752577319587
4370,3,183,78,4.0,3.0,77.0,50.0,64.93506493506493
6059,2,49,23,3.0,2.0,71.0,41.0,57.74647887323944
1490,1,32,64,2.0,2.0,62.0,45.0,72.58064516129032
2826,1,116,7,5.0,1.0,55.0,34.0,61.81818181818181
2384,1,115,5,4.0,1.0,78.0,39.0,50.0
5314,1,52,5,7.0,6.0,95.0,65.0,68.42105263157895
6264,2,133,60,0.0,1.0,31.0,14.0,45.16129032258064
3556,1,163,218,6.0,2.0,89.0,61.0,68.53932584269663
1669,1,52,5,23.0,8.0,148.0,78.0,52.702702702702695
5708,1,28,74,0.0,2.0,57.0,35.0,61.40350877192983
5137,1,143,184,6.0,0.0,35.0,26.0,74.28571428571429
251,1,103,63,2.0,2.0,83.0,45.0,54.21686746987952
2491,2,125,76,2.0,2.0,49.0,29.0,59.183673469387756
1129,3,93,75,8.0,1.0,71.0,44.0,61.97183098591549
1890,2,128,23,3.0,8.0,85.0,53.0,62.35294117647059
268,2,86,56,0.0,3.0,48.0,36.0,75.0
2088,1,43,2,2.0,0.0,49.0,37.0,75.51020408163265
5265,1,79,13,6.0,3.0,84.0,47.0,55.952380952380956
4641,2,27,83,3.0,0.0,81.0,55.0,67.90123456790124
1675,2,49,23,1.0,2.0,121.0,75.0,61.98347107438017
733,2,21,56,3.0,0.0,43.0,31.0,72.09302325581395
2689,1,112,165,4.0,0.0,58.0,39.0,67.24137931034483
260,1,121,64,3.0,3.0,89.0,52.0,58.42696629213483
3892,2,34,9,4.0,2.0,76.0,54.0,71.05263157894737
5218,3,47,85,8.0,1.0,83.0,42.0,50.602409638554214
237,1,3,5,20.0,4.0,122.0,85.0,69.67213114754098
4147,1,15,55,3.0,3.0,79.0,48.0,60.75949367088608
3438,1,109,30,6.0,1.0,44.0,29.0,65.9090909090909
5778,1,195,184,4.0,1.0,56.0,28.0,50.0
2443,1,171,65,4.0,1.0,45.0,27.0,60.0
4963,2,112,171,17.0,0.0,84.0,57.0,67.85714285714286
3838,1,189,80,3.0,1.0,62.0,42.0,67.74193548387096
3558,2,86,56,2.0,1.0,71.0,42.0,59.154929577464785
1364,2,49,23,11.0,3.0,114.0,58.0,50.877192982456144
3029,1,51,19,17.0,1.0,100.0,67.0,67.0
2962,1,55,1,2.0,1.0,66.0,53.0,80.3030303030303
1922,1,118,13,11.0,3.0,65.0,44.0,67.6923076923077
2946,1,74,1,12.0,2.0,90.0,50.0,55.55555555555556
2129,1,168,11,10.0,3.0,74.0,46.0,62.16216216216216
721,3,182,85,3.0,2.0,93.0,56.0,60.215053763440864
3740,3,180,151,11.0,0.0,68.0,46.0,67.64705882352942
5764,1,7,16,1.0,2.0,92.0,57.0,61.95652173913043
1788,1,102,19,13.0,8.0,128.0,89.0,69.53125
3805,1,5,11,7.0,3.0,45.0,29.0,64.44444444444444
4254,1,42,71,1.0,1.0,88.0,61.0,69.31818181818183
3790,1,171,65,5.0,2.0,58.0,35.0,60.3448275862069
1930,1,119,15,6.0,3.0,118.0,64.0,54.23728813559322
2264,1,167,13,7.0,2.0,45.0,30.0,66.66666666666666
979,2,4,6,14.0,9.0,114.0,60.0,52.63157894736842
1145,1,8,18,9.0,4.0,95.0,62.0,65.26315789473685
2487,1,198,30,9.0,2.0,93.0,59.0,63.44086021505376
35,2,27,83,6.0,4.0,72.0,41.0,56.94444444444444
2528,3,93,75,6.0,3.0,66.0,37.0,56.060606060606055
3127,1,121,64,9.0,3.0,70.0,41.0,58.57142857142858
3311,3,92,73,7.0,2.0,53.0,29.0,54.71698113207547
409,1,144,70,2.0,1.0,48.0,31.0,64.58333333333334
689,1,79,13,6.0,1.0,70.0,41.0,58.57142857142858
1769,1,120,65,5.0,2.0,41.0,23.0,56.09756097560976
777,1,33,65,1.0,0.0,61.0,40.0,65.57377049180327
3055,1,3,5,4.0,3.0,89.0,58.0,65.1685393258427
4937,1,106,156,3.0,2.0,71.0,41.0,57.74647887323944
3154,2,88,21,1.0,0.0,66.0,41.0,62.121212121212125
1235,3,50,78,10.0,4.0,143.0,89.0,62.23776223776224
1449,1,197,29,4.0,1.0,54.0,31.0,57.407407407407405
862,2,85,150,2.0,6.0,114.0,66.0,57.89473684210527
2632,1,119,16,6.0,4.0,94.0,56.0,59.57446808510638
3971,2,126,21,2.0,3.0,68.0,44.0,64.70588235294117
2071,1,163,219,3.0,3.0,71.0,42.0,59.154929577464785
2105,1,77,8,5.0,6.0,72.0,39.0,54.166666666666664
1830,2,31,6,1.0,0.0,70.0,46.0,65.71428571428571
4401,1,56,86,13.0,0.0,44.0,31.0,70.45454545454545
936,1,170,16,17.0,2.0,118.0,80.0,67.79661016949152
2217,1,81,65,7.0,1.0,65.0,43.0,66.15384615384615
5654,1,135,67,5.0,2.0,87.0,49.0,56.32183908045977
3719,1,107,55,6.0,3.0,104.0,73.0,70.1923076923077
97,3,95,59,5.0,1.0,42.0,27.0,64.28571428571429
3062,1,190,19,11.0,4.0,89.0,50.0,56.17977528089888
4772,1,113,178,4.0,1.0,50.0,30.0,60.0
2095,1,76,5,10.0,3.0,92.0,61.0,66.30434782608695
1520,1,136,68,5.0,3.0,66.0,42.0,63.63636363636363
2730,2,135,20,4.0,7.0,95.0,49.0,51.578947368421055
3727,1,30,30,5.0,1.0,45.0,29.0,64.44444444444444
3070,1,9,19,8.0,6.0,118.0,76.0,64.40677966101694
791,1,42,71,2.0,2.0,45.0,26.0,57.77777777777777
1856,1,153,202,8.0,1.0,66.0,47.0,71.21212121212122
4730,2,175,69,0.0,2.0,90.0,65.0,72.22222222222221
2303,1,76,5,12.0,3.0,142.0,97.0,68.30985915492957
1442,1,135,82,19.0,2.0,64.0,45.0,70.3125
1776,2,185,72,2.0,1.0,78.0,43.0,55.12820512820513
223,2,85,150,3.0,1.0,63.0,47.0,74.60317460317461
424,2,13,23,7.0,5.0,168.0,113.0,67.26190476190477
2230,2,25,20,1.0,2.0,95.0,63.0,66.3157894736842
3367,1,56,86,0.0,1.0,83.0,46.0,55.42168674698795
301,2,84,66,2.0,4.0,80.0,45.0,56.25
781,2,185,72,0.0,2.0,35.0,22.0,62.857142857142854
5914,3,47,75,6.0,8.0,108.0,68.0,62.96296296296296
3226,1,111,32,10.0,1.0,56.0,31.0,55.35714285714286
2791,2,135,20,4.0,1.0,77.0,43.0,55.84415584415584
1635,2,90,23,23.0,4.0,110.0,69.0,62.727272727272734
2620,1,106,157,4.0,4.0,64.0,45.0,70.3125
1675,1,197,29,2.0,0.0,43.0,35.0,81.3953488372093
1497,3,95,59,15.0,2.0,42.0,26.0,61.904761904761905
6104,1,76,5,9.0,3.0,130.0,84.0,64.61538461538461
17,2,88,21,1.0,1.0,71.0,35.0,49.29577464788733
786,1,74,142,6.0,0.0,81.0,46.0,56.79012345679012
6348,1,167,146,10.0,0.0,54.0,41.0,75.92592592592592
3753,2,90,23,10.0,4.0,106.0,73.0,68.86792452830188
1977,2,11,21,2.0,1.0,41.0,27.0,65.85365853658537
3150,1,164,4,9.0,3.0,84.0,57.0,67.85714285714286
2240,1,121,64,2.0,2.0,56.0,30.0,53.57142857142857
1780,2,40,77,6.0,0.0,86.0,56.0,65.11627906976744
866,1,105,154,15.0,5.0,68.0,41.0,60.29411764705882
2359,1,76,5,7.0,4.0,104.0,55.0,52.88461538461539
3140,1,14,26,6.0,2.0,71.0,44.0,61.97183098591549
2166,1,196,224,2.0,1.0,68.0,38.0,55.88235294117647
2961,2,35,66,2.0,5.0,70.0,42.0,60.0
3728,1,172,64,3.0,2.0,54.0,38.0,70.37037037037037
3967,3,47,85,4.0,2.0,50.0,38.0,76.0
2950,1,18,31,2.0,4.0,106.0,66.0,62.264150943396224
974,1,28,29,0.0,1.0,57.0,36.0,63.1578947368421
4660,3,50,78,6.0,1.0,85.0,50.0,58.82352941176471
315,2,58,91,1.0,1.0,58.0,38.0,65.51724137931035
1074,2,178,83,6.0,2.0,76.0,54.0,71.05263157894737
4204,1,76,5,24.0,3.0,113.0,61.0,53.98230088495575
592,1,29,28,6.0,0.0,49.0,35.0,71.42857142857143
1618,2,170,17,3.0,3.0,93.0,57.0,61.29032258064516
5034,1,214,260,3.0,2.0,57.0,37.0,64.91228070175438
3436,1,38,68,7.0,6.0,68.0,38.0,55.88235294117647
5439,1,31,89,15.0,3.0,96.0,61.0,63.541666666666664
520,1,39,18,4.0,6.0,61.0,36.0,59.01639344262295
4605,1,44,15,2.0,2.0,68.0,38.0,55.88235294117647
6440,1,143,184,2.0,1.0,125.0,78.0,62.4
2106,1,9,19,2.0,2.0,95.0,52.0,54.736842105263165
6414,1,190,19,2.0,7.0,93.0,43.0,46.236559139784944
5943,1,18,31,3.0,1.0,53.0,27.0,50.943396226415096
6422,1,81,65,13.0,1.0,71.0,46.0,64.7887323943662
5814,1,115,5,0.0,2.0,128.0,89.0,69.53125
4501,2,90,23,3.0,1.0,71.0,50.0,70.4225352112676
698,1,205,233,9.0,2.0,67.0,43.0,64.17910447761194
1236,2,88,21,3.0,2.0,64.0,38.0,59.375
2604,2,167,6,2.0,3.0,77.0,44.0,57.14285714285714
4417,1,103,63,5.0,2.0,71.0,40.0,56.33802816901409
1441,2,83,148,2.0,2.0,105.0,63.0,60.0
4718,2,10,20,4.0,4.0,60.0,33.0,55.00000000000001
2011,2,11,21,3.0,7.0,87.0,53.0,60.91954022988506
866,1,113,178,7.0,2.0,59.0,42.0,71.1864406779661
3152,1,170,15,1.0,8.0,104.0,47.0,45.19230769230769
1487,1,16,29,7.0,0.0,61.0,38.0,62.295081967213115
4087,3,22,73,4.0,1.0,53.0,35.0,66.0377358490566
565,2,177,21,1.0,4.0,75.0,43.0,57.333333333333336
2176,2,40,69,16.0,2.0,71.0,41.0,57.74647887323944
1005,1,98,67,11.0,4.0,62.0,37.0,59.67741935483871
5518,1,200,32,4.0,0.0,49.0,28.0,57.14285714285714
2698,1,100,18,7.0,11.0,113.0,58.0,51.32743362831859
868,1,44,15,0.0,2.0,76.0,40.0,52.63157894736842
5252,1,197,29,5.0,0.0,70.0,49.0,70.0
4539,1,187,68,3.0,5.0,49.0,23.0,46.93877551020408
1325,2,124,69,2.0,3.0,87.0,50.0,57.47126436781609
1579,1,106,156,5.0,4.0,68.0,42.0,61.76470588235294
5982,2,184,58,9.0,0.0,110.0,72.0,65.45454545454545
5392,1,112,165,9.0,1.0,33.0,21.0,63.63636363636363
1973,1,32,64,1.0,4.0,94.0,65.0,69.14893617021278
4240,1,118,13,10.0,1.0,99.0,66.0,66.66666666666666
1357,2,127,62,6.0,5.0,50.0,27.0,54.0
3828,1,185,79,17.0,1.0,81.0,48.0,59.25925925925925
3439,1,79,13,14.0,0.0,103.0,63.0,61.165048543689316
682,2,48,76,3.0,1.0,61.0,41.0,67.21311475409836
2150,2,128,23,7.0,2.0,184.0,118.0,64.13043478260869
1105,1,199,63,4.0,2.0,106.0,78.0,73.58490566037736
3842,3,132,78,20.0,5.0,161.0,109.0,67.70186335403726
2637,2,97,72,0.0,3.0,84.0,47.0,55.952380952380956
1092,2,123,66,3.0,5.0,71.0,49.0,69.01408450704226
6350,1,41,70,5.0,1.0,72.0,43.0,59.72222222222222
6311,1,1,2,10.0,6.0,62.0,41.0,66.12903225806451
5495,1,76,5,21.0,0.0,70.0,46.0,65.71428571428571
3286,1,119,16,4.0,3.0,83.0,49.0,59.036144578313255
3112,2,124,56,5.0,0.0,80.0,48.0,60.0
1008,1,43,2,4.0,1.0,84.0,60.0,71.42857142857143
4533,1,54,94,3.0,0.0,65.0,45.0,69.23076923076923
2848,1,110,84,4.0,1.0,69.0,47.0,68.11594202898551
348,1,31,89,2.0,0.0,71.0,51.0,71.83098591549296
1310,1,2,3,6.0,5.0,94.0,53.0,56.38297872340425
1132,1,145,159,2.0,3.0,75.0,44.0,58.666666666666664
3215,1,197,159,5.0,3.0,97.0,57.0,58.76288659793815
4153,1,145,29,4.0,0.0,55.0,38.0,69.0909090909091
3900,1,82,64,5.0,1.0,55.0,36.0,65.45454545454545
3978,3,50,78,2.0,5.0,82.0,55.0,67.07317073170732
4089,1,139,19,15.0,3.0,110.0,63.0,57.27272727272727
1815,2,174,66,3.0,2.0,89.0,61.0,68.53932584269663
1860,1,190,19,12.0,1.0,78.0,52.0,66.66666666666666
163,1,8,18,5.0,3.0,67.0,31.0,46.26865671641791
648,1,7,15,4.0,1.0,56.0,34.0,60.71428571428571
3499,1,193,155,11.0,1.0,43.0,34.0,79.06976744186046
867,2,133,58,3.0,2.0,76.0,52.0,68.42105263157895
1623,1,139,19,5.0,1.0,87.0,38.0,43.67816091954023
1166,1,172,64,5.0,0.0,77.0,55.0,71.42857142857143
931,2,125,76,4.0,1.0,31.0,19.0,61.29032258064516
1538,3,50,78,4.0,8.0,114.0,65.0,57.01754385964912
1242,1,101,80,3.0,4.0,76.0,42.0,55.26315789473685
3825,3,183,78,17.0,8.0,143.0,92.0,64.33566433566433
947,1,140,182,9.0,5.0,70.0,40.0,57.14285714285714
889,1,51,19,13.0,1.0,99.0,65.0,65.65656565656566
2695,2,175,56,2.0,1.0,61.0,38.0,62.295081967213115
3727,1,197,159,11.0,5.0,87.0,51.0,58.620689655172406
3330,3,129,61,13.0,2.0,98.0,59.0,60.204081632653065
1436,1,198,30,5.0,5.0,94.0,44.0,46.808510638297875
1750,1,4,7,5.0,2.0,79.0,51.0,64.55696202531645
2373,2,174,66,2.0,1.0,50.0,36.0,72.0
2133,2,20,36,3.0,1.0,95.0,50.0,52.63157894736842
4443,3,93,85,3.0,1.0,96.0,61.0,63.541666666666664
765,1,99,68,10.0,0.0,58.0,42.0,72.41379310344827
424,1,137,18,7.0,2.0,47.0,27.0,57.446808510638306
3488,1,113,178,2.0,1.0,70.0,50.0,71.42857142857143
3588,1,164,4,5.0,7.0,64.0,36.0,56.25
1930,1,116,146,9.0,2.0,83.0,55.0,66.26506024096386
4445,1,39,18,9.0,9.0,61.0,26.0,42.62295081967213
1486,1,30,30,19.0,2.0,60.0,33.0,55.00000000000001
4985,1,165,5,3.0,8.0,129.0,88.0,68.21705426356588
1147,3,91,61,9.0,7.0,61.0,44.0,72.1311475409836
1761,1,1,1,3.0,1.0,38.0,22.0,57.89473684210527
2907,2,6,14,2.0,0.0,64.0,35.0,54.6875
1093,1,81,65,5.0,4.0,105.0,55.0,52.38095238095239
3159,1,200,32,15.0,1.0,104.0,74.0,71.15384615384616
1501,1,165,5,5.0,0.0,69.0,47.0,68.11594202898551
723,1,104,31,6.0,1.0,41.0,22.0,53.65853658536586
3528,1,196,70,8.0,4.0,79.0,45.0,56.9620253164557
4423,2,49,23,10.0,4.0,94.0,53.0,56.38297872340425
5573,2,34,9,2.0,1.0,74.0,48.0,64.86486486486487
502,1,108,29,0.0,4.0,48.0,30.0,62.5
4188,2,13,23,2.0,7.0,121.0,75.0,61.98347107438017
3928,1,167,13,6.0,1.0,77.0,46.0,59.74025974025974
4542,2,125,76,2.0,1.0,88.0,60.0,68.18181818181817
1922,2,175,220,0.0,0.0,52.0,32.0,61.53846153846154
494,2,128,23,5.0,3.0,120.0,77.0,64.16666666666667
2564,2,27,83,3.0,2.0,45.0,33.0,73.33333333333333
645,1,16,28,7.0,7.0,96.0,47.0,48.95833333333333
2139,1,52,5,3.0,3.0,113.0,68.0,60.17699115044248
6139,1,144,55,7.0,3.0,97.0,65.0,67.0103092783505
2209,1,115,5,7.0,3.0,100.0,66.0,66.0
1973,1,9,19,8.0,9.0,124.0,75.0,60.483870967741936
3678,2,134,22,2.0,1.0,82.0,50.0,60.97560975609756
638,2,124,69,5.0,2.0,46.0,30.0,65.21739130434783
5891,2,184,58,5.0,5.0,59.0,27.0,45.76271186440678
870,1,29,63,17.0,1.0,81.0,54.0,66.66666666666666
5996,1,157,209,2.0,2.0,67.0,41.0,61.19402985074627
1177,1,143,184,4.0,2.0,66.0,50.0,75.75757575757575
740,1,99,68,11.0,10.0,58.0,29.0,50.0
5373,2,80,17,3.0,4.0,90.0,63.0,70.0
3840,1,186,67,4.0,7.0,82.0,59.0,71.95121951219512
3212,3,93,85,14.0,7.0,110.0,71.0,64.54545454545455
6136,1,190,19,21.0,4.0,146.0,88.0,60.273972602739725
1819,1,170,15,3.0,0.0,44.0,21.0,47.72727272727273
1075,1,165,5,3.0,1.0,84.0,54.0,64.28571428571429
2071,2,123,66,2.0,4.0,90.0,55.0,61.111111111111114
1038,3,50,78,13.0,2.0,82.0,57.0,69.51219512195121
1884,1,198,30,12.0,2.0,108.0,56.0,51.85185185185185
1294,1,29,28,0.0,0.0,59.0,44.0,74.57627118644068
4109,1,7,16,8.0,2.0,46.0,30.0,65.21739130434783
6269,2,124,69,2.0,1.0,55.0,36.0,65.45454545454545
2435,1,98,67,7.0,6.0,86.0,49.0,56.97674418604651
3563,1,29,63,4.0,1.0,100.0,64.0,64.0
1746,1,192,223,3.0,2.0,53.0,39.0,73.58490566037736
2772,1,190,19,5.0,2.0,47.0,28.0,59.57446808510638
3065,1,102,19,18.0,10.0,106.0,66.0,62.264150943396224
3361,2,169,179,4.0,7.0,85.0,49.0,57.647058823529406
3253,1,117,11,3.0,1.0,53.0,29.0,54.71698113207547
4452,2,89,62,4.0,2.0,52.0,34.0,65.38461538461539
658,2,49,23,0.0,3.0,73.0,44.0,60.273972602739725
1541,2,24,60,2.0,2.0,61.0,43.0,70.49180327868852
4031,2,124,56,1.0,4.0,62.0,36.0,58.06451612903226
2065,2,128,23,9.0,10.0,175.0,92.0,52.57142857142857
3736,1,113,178,2.0,1.0,64.0,43.0,67.1875
2115,2,186,221,4.0,2.0,52.0,38.0,73.07692307692307
3186,1,82,64,5.0,0.0,69.0,40.0,57.971014492753625
5044,2,35,66,1.0,2.0,64.0,35.0,54.6875
867,1,107,158,1.0,1.0,65.0,41.0,63.07692307692307
3081,2,12,22,4.0,2.0,64.0,40.0,62.5
3250,2,13,23,4.0,1.0,122.0,59.0,48.36065573770492
779,3,47,85,7.0,0.0,79.0,43.0,54.43037974683544
2350,1,188,18,24.0,5.0,130.0,79.0,60.76923076923077
2135,1,165,5,6.0,6.0,116.0,69.0,59.48275862068966
1488,1,39,18,6.0,4.0,62.0,33.0,53.2258064516129
142,2,178,62,4.0,1.0,70.0,42.0,60.0
2075,1,107,55,5.0,2.0,115.0,79.0,68.69565217391305
660,3,22,57,21.0,3.0,85.0,47.0,55.294117647058826
1821,1,34,11,9.0,3.0,58.0,36.0,62.06896551724138
3231,1,135,67,5.0,2.0,69.0,43.0,62.31884057971014
4021,1,171,65,3.0,1.0,65.0,44.0,67.6923076923077
3835,1,138,80,3.0,1.0,57.0,29.0,50.877192982456144
4847,1,33,65,1.0,1.0,79.0,47.0,59.49367088607595
195,1,121,64,4.0,5.0,57.0,33.0,57.89473684210527
5004,1,33,65,6.0,0.0,73.0,49.0,67.12328767123287
2701,1,74,143,5.0,3.0,88.0,54.0,61.36363636363637
4339,1,114,4,10.0,2.0,101.0,62.0,61.386138613861384
1297,2,49,23,2.0,6.0,126.0,79.0,62.698412698412696
3360,1,142,183,9.0,1.0,106.0,66.0,62.264150943396224
6008,1,112,161,1.0,4.0,96.0,54.0,56.25
3430,3,94,78,24.0,1.0,152.0,104.0,68.42105263157895
1144,1,8,18,10.0,2.0,47.0,25.0,53.191489361702125
1300,1,71,141,6.0,8.0,80.0,34.0,42.5
4937,1,106,156,10.0,1.0,82.0,53.0,64.63414634146342
2457,2,96,22,2.0,0.0,108.0,75.0,69.44444444444444
4028,2,128,23,1.0,4.0,86.0,60.0,69.76744186046511
3386,1,51,19,24.0,8.0,127.0,79.0,62.20472440944882
2907,1,195,184,1.0,4.0,80.0,58.0,72.5
5128,2,7,17,10.0,7.0,87.0,52.0,59.77011494252874
2748,2,25,20,5.0,1.0,52.0,29.0,55.769230769230774
6208,1,74,143,5.0,2.0,58.0,43.0,74.13793103448276
3326,1,165,5,19.0,5.0,123.0,77.0,62.601626016260155
1044,2,13,23,7.0,5.0,168.0,113.0,67.26190476190477
2570,1,120,65,2.0,2.0,65.0,41.0,63.07692307692307
2303,3,91,61,4.0,1.0,56.0,27.0,48.214285714285715
3186,1,196,70,1.0,0.0,74.0,49.0,66.21621621621621
1364,2,85,69,1.0,0.0,16.0,11.0,68.75
152,1,198,30,12.0,2.0,108.0,56.0,51.85185185185185
1305,1,103,63,14.0,7.0,102.0,69.0,67.64705882352942
3760,1,206,243,0.0,1.0,75.0,54.0,72.0
901,2,27,83,1.0,5.0,59.0,28.0,47.45762711864407
3578,1,52,5,4.0,6.0,90.0,49.0,54.44444444444444
5123,1,4,8,4.0,1.0,62.0,39.0,62.903225806451616
3106,1,140,181,11.0,5.0,85.0,51.0,60.0
2136,1,195,184,11.0,0.0,84.0,53.0,63.095238095238095
2492,1,100,18,7.0,1.0,68.0,38.0,55.88235294117647
3241,2,124,69,1.0,2.0,78.0,52.0,66.66666666666666
4723,2,59,93,2.0,0.0,46.0,31.0,67.3913043478261
4533,1,82,64,5.0,3.0,73.0,43.0,58.9041095890411
3218,1,43,13,7.0,2.0,50.0,32.0,64.0
2212,2,123,66,6.0,14.0,65.0,32.0,49.23076923076923
3074,1,145,29,1.0,0.0,58.0,48.0,82.75862068965517
1742,1,44,16,3.0,3.0,59.0,38.0,64.40677966101694
339,2,122,148,9.0,3.0,92.0,62.0,67.3913043478261
4098,2,40,69,0.0,2.0,65.0,33.0,50.76923076923077
3223,1,115,5,7.0,5.0,137.0,82.0,59.854014598540154
245,1,99,68,10.0,0.0,58.0,42.0,72.41379310344827
5055,1,172,64,8.0,1.0,65.0,41.0,63.07692307692307
761,1,165,5,1.0,2.0,114.0,87.0,76.31578947368422
511,3,183,78,19.0,3.0,153.0,115.0,75.16339869281046
6230,2,58,90,1.0,3.0,63.0,36.0,57.14285714285714
4174,1,164,3,5.0,2.0,51.0,31.0,60.78431372549019
2051,2,184,58,4.0,3.0,73.0,48.0,65.75342465753424
5829,1,74,143,1.0,1.0,53.0,36.0,67.9245283018868
2703,1,51,19,24.0,8.0,142.0,80.0,56.33802816901409
975,2,167,6,1.0,3.0,75.0,43.0,57.333333333333336
3922,1,109,30,6.0,0.0,83.0,57.0,68.67469879518072
1749,1,33,65,6.0,1.0,70.0,45.0,64.28571428571429
4104,2,90,23,2.0,1.0,151.0,108.0,71.52317880794702
2709,1,102,19,9.0,7.0,110.0,58.0,52.72727272727272
1843,1,102,19,7.0,12.0,109.0,54.0,49.54128440366973
3246,3,93,85,13.0,4.0,114.0,64.0,56.14035087719298
4517,1,190,19,5.0,7.0,73.0,43.0,58.9041095890411
3363,1,112,170,5.0,2.0,41.0,22.0,53.65853658536586
3693,1,6,13,5.0,2.0,46.0,24.0,52.17391304347826
1630,1,19,32,4.0,1.0,54.0,40.0,74.07407407407408
2877,2,177,21,12.0,1.0,67.0,49.0,73.13432835820896
5195,1,1,1,17.0,3.0,105.0,71.0,67.61904761904762
1234,1,143,184,5.0,5.0,133.0,69.0,51.8796992481203
606,3,94,78,2.0,7.0,95.0,52.0,54.736842105263165
4438,1,203,242,2.0,5.0,61.0,34.0,55.73770491803278
3038,2,84,66,5.0,2.0,73.0,45.0,61.64383561643836
436,1,44,16,2.0,1.0,59.0,45.0,76.27118644067797
5768,2,173,148,3.0,1.0,59.0,39.0,66.10169491525424
2428,1,77,8,10.0,2.0,70.0,49.0,70.0
1189,1,74,143,3.0,1.0,68.0,47.0,69.11764705882352
3315,2,127,62,3.0,4.0,107.0,67.0,62.616822429906534
46,2,4,6,6.0,2.0,70.0,46.0,65.71428571428571
1965,3,180,151,1.0,2.0,62.0,47.0,75.80645161290323
4083,1,171,65,4.0,4.0,94.0,53.0,56.38297872340425
3104,1,37,67,1.0,10.0,74.0,35.0,47.2972972972973
5192,1,109,30,12.0,9.0,103.0,51.0,49.51456310679612
6396,2,169,179,4.0,2.0,70.0,39.0,55.714285714285715
6033,1,187,68,5.0,2.0,63.0,32.0,50.79365079365079
2693,3,50,78,8.0,5.0,141.0,91.0,64.53900709219859
1867,1,51,19,7.0,7.0,144.0,100.0,69.44444444444444
6347,1,51,19,1.0,4.0,93.0,49.0,52.68817204301075
6438,1,100,18,3.0,2.0,46.0,24.0,52.17391304347826
50,1,99,68,3.0,7.0,47.0,22.0,46.808510638297875
3916,2,175,220,11.0,3.0,109.0,61.0,55.96330275229357
3296,2,127,62,7.0,1.0,57.0,31.0,54.385964912280706
3941,1,115,5,12.0,3.0,92.0,60.0,65.21739130434783
4088,1,169,82,8.0,0.0,52.0,37.0,71.15384615384616
3545,1,55,1,2.0,3.0,42.0,18.0,42.857142857142854
5710,3,93,75,12.0,8.0,76.0,49.0,64.47368421052632
5524,1,143,184,7.0,1.0,109.0,64.0,58.71559633027523
1704,1,197,159,13.0,1.0,93.0,68.0,73.11827956989248
2702,1,119,16,12.0,8.0,100.0,60.0,60.0
5283,2,177,21,2.0,1.0,58.0,37.0,63.793103448275865
3533,1,52,5,8.0,5.0,136.0,96.0,70.58823529411765
2917,1,196,55,8.0,0.0,60.0,43.0,71.66666666666667
3141,2,48,76,4.0,1.0,68.0,51.0,75.0
6419,1,106,157,2.0,5.0,66.0,40.0,60.60606060606061
1899,3,93,85,3.0,2.0,59.0,32.0,54.23728813559322
5392,1,144,55,7.0,4.0,112.0,66.0,58.92857142857143
5399,1,79,2,19.0,2.0,104.0,66.0,63.46153846153846
1990,1,32,64,5.0,0.0,46.0,24.0,52.17391304347826
1831,2,179,23,9.0,4.0,125.0,70.0,56.00000000000001
1216,2,88,21,2.0,0.0,93.0,56.0,60.215053763440864
5201,3,133,59,2.0,2.0,70.0,43.0,61.42857142857143
3402,2,124,69,0.0,7.0,91.0,59.0,64.83516483516483
6185,2,84,66,1.0,5.0,107.0,60.0,56.074766355140184
3878,1,114,4,20.0,0.0,53.0,34.0,64.15094339622641
3340,1,114,144,10.0,1.0,57.0,33.0,57.89473684210527
5088,1,30,30,7.0,1.0,109.0,61.0,55.96330275229357
3569,1,51,19,2.0,3.0,161.0,104.0,64.59627329192547
2365,1,56,86,2.0,5.0,75.0,49.0,65.33333333333333
2864,2,12,22,1.0,1.0,88.0,51.0,57.95454545454546
1295,1,197,159,5.0,3.0,97.0,57.0,58.76288659793815
1150,1,31,89,6.0,4.0,65.0,43.0,66.15384615384615
1951,1,105,155,9.0,2.0,74.0,39.0,52.702702702702695
474,1,56,88,3.0,3.0,55.0,34.0,61.81818181818181
4517,1,52,5,9.0,2.0,122.0,78.0,63.934426229508205
1019,1,80,16,12.0,3.0,49.0,37.0,75.51020408163265
2643,1,165,5,4.0,4.0,83.0,48.0,57.831325301204814
3295,1,198,30,12.0,2.0,108.0,56.0,51.85185185185185
321,2,124,56,2.0,3.0,54.0,30.0,55.55555555555556
1048,3,50,78,16.0,8.0,181.0,108.0,59.66850828729282
755,1,116,146,31.0,2.0,102.0,71.0,69.6078431372549
5555,1,115,5,6.0,3.0,119.0,78.0,65.54621848739495
891,1,76,5,30.0,11.0,130.0,80.0,61.53846153846154
2174,1,43,13,9.0,3.0,92.0,56.0,60.86956521739131
816,1,139,19,9.0,13.0,167.0,92.0,55.08982035928144
320,1,32,64,6.0,0.0,49.0,38.0,77.55102040816327
2991,2,123,66,0.0,1.0,61.0,30.0,49.18032786885246
5348,2,176,76,1.0,1.0,76.0,54.0,71.05263157894737
1350,1,42,55,7.0,2.0,77.0,47.0,61.038961038961034
3125,2,87,76,9.0,2.0,62.0,36.0,58.06451612903226
4214,1,44,16,16.0,3.0,101.0,64.0,63.366336633663366
6024,1,42,71,10.0,3.0,64.0,37.0,57.8125
824,2,96,22,0.0,1.0,62.0,42.0,67.74193548387096
3241,2,176,76,3.0,3.0,86.0,66.0,76.74418604651163
3398,1,138,80,10.0,9.0,89.0,63.0,70.78651685393258
3468,1,34,11,9.0,3.0,114.0,70.0,61.40350877192983
3366,2,49,23,14.0,4.0,177.0,109.0,61.5819209039548
2209,3,132,78,5.0,1.0,114.0,71.0,62.28070175438597
1750,2,49,23,3.0,3.0,110.0,77.0,70.0
167,1,32,64,4.0,6.0,81.0,54.0,66.66666666666666
4498,1,33,65,1.0,2.0,56.0,27.0,48.214285714285715
2683,1,172,64,4.0,2.0,48.0,31.0,64.58333333333334
1829,1,99,68,1.0,0.0,62.0,41.0,66.12903225806451
2638,1,56,88,8.0,2.0,92.0,62.0,67.3913043478261
1875,2,185,20,5.0,2.0,138.0,65.0,47.10144927536232
2175,1,76,5,13.0,8.0,121.0,87.0,71.900826446281
31,1,30,30,13.0,4.0,74.0,49.0,66.21621621621621
3662,1,6,13,13.0,4.0,124.0,92.0,74.19354838709677
2354,1,41,70,3.0,3.0,72.0,43.0,59.72222222222222
668,1,99,68,5.0,1.0,64.0,34.0,53.125
1813,1,135,82,19.0,2.0,64.0,45.0,70.3125
5690,1,2,4,16.0,3.0,121.0,66.0,54.54545454545454
113,2,14,25,2.0,1.0,46.0,31.0,67.3913043478261
3894,1,113,142,14.0,8.0,95.0,57.0,60.0
1324,3,94,78,28.0,8.0,159.0,95.0,59.74842767295597
1149,1,100,18,12.0,7.0,109.0,63.0,57.798165137614674
5652,2,185,72,4.0,1.0,50.0,34.0,68.0
3325,2,184,60,2.0,5.0,93.0,57.0,61.29032258064516
3343,1,109,30,1.0,3.0,58.0,34.0,58.620689655172406
4514,2,43,17,2.0,5.0,100.0,58.0,57.99999999999999
1245,1,74,1,3.0,3.0,49.0,27.0,55.10204081632652
3687,1,147,63,2.0,0.0,57.0,41.0,71.9298245614035
2899,1,136,68,9.0,4.0,124.0,72.0,58.06451612903226
3095,3,182,75,15.0,1.0,54.0,44.0,81.48148148148148
745,1,198,30,5.0,2.0,116.0,77.0,66.37931034482759
1121,2,49,23,0.0,3.0,92.0,59.0,64.13043478260869
4082,1,14,26,2.0,1.0,91.0,59.0,64.83516483516483
3879,2,27,83,5.0,2.0,49.0,24.0,48.97959183673469
6410,1,141,154,0.0,0.0,75.0,63.0,84.0
34,1,42,71,1.0,2.0,28.0,18.0,64.28571428571429
560,2,88,21,1.0,3.0,68.0,51.0,75.0
3041,1,5,10,6.0,4.0,102.0,66.0,64.70588235294117
1164,2,79,147,3.0,1.0,87.0,63.0,72.41379310344827
322,3,183,78,4.0,4.0,180.0,131.0,72.77777777777777
4443,1,52,5,13.0,0.0,115.0,82.0,71.30434782608695
3074,1,41,70,6.0,1.0,75.0,36.0,48.0
3267,3,132,78,2.0,3.0,80.0,60.0,75.0
2039,2,174,66,3.0,0.0,46.0,26.0,56.52173913043478
1297,1,115,5,9.0,2.0,122.0,79.0,64.75409836065575
6396,2,21,56,2.0,2.0,53.0,37.0,69.81132075471697
2663,2,117,9,0.0,0.0,51.0,40.0,78.43137254901961
3300,3,181,73,5.0,2.0,76.0,37.0,48.68421052631579
3564,2,23,58,11.0,10.0,82.0,48.0,58.536585365853654
4702,3,184,59,3.0,2.0,60.0,36.0,60.0
5745,2,128,23,2.0,4.0,129.0,80.0,62.01550387596899
1182,1,171,65,3.0,6.0,63.0,28.0,44.44444444444444
4018,1,196,70,8.0,2.0,49.0,26.0,53.06122448979592
5653,1,74,1,34.0,4.0,129.0,83.0,64.34108527131784
4340,2,49,23,4.0,8.0,184.0,114.0,61.95652173913043
1819,1,139,19,1.0,2.0,95.0,52.0,54.736842105263165
684,1,28,74,8.0,2.0,87.0,53.0,60.91954022988506
5858,2,97,72,3.0,3.0,70.0,29.0,41.42857142857143
2165,1,99,68,6.0,6.0,110.0,67.0,60.909090909090914
2565,1,101,80,5.0,3.0,62.0,36.0,58.06451612903226
245,1,188,18,10.0,9.0,83.0,37.0,44.57831325301205
2522,2,177,21,4.0,2.0,72.0,49.0,68.05555555555556
3104,1,17,30,5.0,1.0,51.0,27.0,52.94117647058824
4196,2,88,21,5.0,3.0,126.0,71.0,56.34920634920635
2549,2,48,76,5.0,2.0,52.0,41.0,78.84615384615384
5274,2,122,149,5.0,2.0,93.0,56.0,60.215053763440864
4926,2,127,83,3.0,1.0,45.0,17.0,37.77777777777778
3759,1,196,224,15.0,1.0,91.0,59.0,64.83516483516483
969,3,183,78,18.0,2.0,69.0,51.0,73.91304347826086
3127,2,125,76,1.0,0.0,50.0,27.0,54.0
2877,1,14,24,10.0,3.0,73.0,47.0,64.38356164383562
1794,2,5,9,14.0,4.0,124.0,74.0,59.67741935483871
643,1,56,88,5.0,3.0,52.0,29.0,55.769230769230774
1056,1,82,64,4.0,2.0,50.0,32.0,64.0
249,2,59,92,2.0,2.0,72.0,39.0,54.166666666666664
156,1,23,82,15.0,3.0,66.0,35.0,53.03030303030303
2928,2,179,23,13.0,4.0,161.0,89.0,55.27950310559007
2302,2,174,66,2.0,1.0,64.0,42.0,65.625
220,1,61,110,7.0,0.0,60.0,41.0,68.33333333333333
4448,1,82,64,14.0,1.0,89.0,59.0,66.29213483146067
6396,1,53,80,4.0,1.0,56.0,40.0,71.42857142857143
3571,1,16,29,0.0,0.0,48.0,29.0,60.416666666666664
4758,1,43,13,1.0,1.0,31.0,25.0,80.64516129032258
6100,1,165,5,1.0,0.0,58.0,34.0,58.620689655172406
2844,1,53,80,2.0,2.0,55.0,38.0,69.0909090909091
5305,3,91,61,7.0,9.0,138.0,98.0,71.01449275362319
6164,3,133,59,0.0,3.0,83.0,55.0,66.26506024096386
1650,2,49,23,2.0,5.0,121.0,76.0,62.8099173553719
985,1,121,64,10.0,2.0,107.0,56.0,52.336448598130836
1451,1,143,184,6.0,0.0,64.0,38.0,59.375
1590,3,184,59,3.0,2.0,77.0,53.0,68.83116883116884
2503,1,74,143,10.0,3.0,75.0,50.0,66.66666666666666
5720,2,59,93,1.0,2.0,62.0,48.0,77.41935483870968
27,1,138,80,11.0,3.0,106.0,68.0,64.15094339622641
411,1,20,41,6.0,1.0,90.0,55.0,61.111111111111114
4860,3,47,75,2.0,3.0,56.0,35.0,62.5
1238,1,137,18,1.0,4.0,40.0,28.0,70.0
1614,1,171,65,3.0,8.0,79.0,40.0,50.63291139240506
2879,1,55,1,4.0,1.0,62.0,42.0,67.74193548387096
5651,1,79,13,12.0,2.0,113.0,71.0,62.83185840707964
227,1,32,64,5.0,1.0,47.0,30.0,63.829787234042556
5475,1,136,68,3.0,3.0,68.0,45.0,66.17647058823529
3178,1,74,142,3.0,3.0,57.0,28.0,49.122807017543856
2500,2,117,9,5.0,6.0,105.0,67.0,63.8095238095238
5668,2,116,6,2.0,3.0,76.0,42.0,55.26315789473685
3787,2,184,22,4.0,0.0,64.0,44.0,68.75
4178,1,195,184,9.0,1.0,81.0,47.0,58.0246913580247
3645,3,132,78,30.0,7.0,173.0,104.0,60.115606936416185
1863,1,74,1,12.0,2.0,90.0,50.0,55.55555555555556
5465,2,71,121,0.0,4.0,60.0,38.0,63.33333333333333
201,2,88,21,1.0,1.0,51.0,33.0,64.70588235294117
2813,1,51,19,6.0,9.0,117.0,81.0,69.23076923076923
609,2,27,83,3.0,2.0,89.0,57.0,64.04494382022472
3259,2,184,58,12.0,7.0,85.0,45.0,52.94117647058824
3349,2,59,93,2.0,1.0,66.0,43.0,65.15151515151516
1599,1,145,29,5.0,1.0,45.0,26.0,57.77777777777777
3219,2,122,148,6.0,1.0,58.0,40.0,68.96551724137932
2685,2,175,69,5.0,3.0,86.0,54.0,62.7906976744186
2352,1,190,19,9.0,12.0,139.0,57.0,41.007194244604314
2479,3,92,73,6.0,2.0,68.0,37.0,54.41176470588235
26,1,195,184,10.0,0.0,61.0,41.0,67.21311475409836
2482,2,25,20,1.0,4.0,55.0,32.0,58.18181818181818
622,2,21,56,2.0,4.0,51.0,29.0,56.86274509803921
4079,1,115,5,21.0,5.0,145.0,107.0,73.79310344827587
2970,1,165,5,7.0,7.0,123.0,84.0,68.29268292682927
2569,1,75,145,5.0,5.0,55.0,28.0,50.90909090909091
3749,1,196,70,6.0,1.0,63.0,40.0,63.49206349206349
4614,1,15,55,1.0,3.0,66.0,45.0,68.18181818181817
869,1,146,30,5.0,2.0,61.0,37.0,60.65573770491803
1886,1,52,5,15.0,4.0,130.0,70.0,53.84615384615385
3898,1,165,5,3.0,5.0,91.0,49.0,53.84615384615385
528,1,112,165,11.0,0.0,73.0,47.0,64.38356164383562
4857,1,172,64,9.0,5.0,112.0,70.0,62.5
4997,2,90,23,2.0,4.0,99.0,63.0,63.63636363636363
4189,2,89,62,1.0,2.0,67.0,52.0,77.61194029850746
3470,1,56,88,12.0,2.0,49.0,31.0,63.26530612244898
2696,2,86,56,2.0,3.0,63.0,35.0,55.55555555555556
56,2,31,6,1.0,3.0,83.0,53.0,63.85542168674698
161,2,186,221,9.0,2.0,81.0,55.0,67.90123456790124
365,1,28,29,2.0,3.0,59.0,37.0,62.71186440677966
2364,1,52,5,16.0,7.0,83.0,50.0,60.24096385542169
386,3,181,57,2.0,2.0,87.0,60.0,68.96551724137932
4827,1,97,79,9.0,1.0,82.0,62.0,75.60975609756098
1255,2,170,17,1.0,1.0,98.0,66.0,67.3469387755102
1723,3,129,61,8.0,3.0,79.0,50.0,63.29113924050633
5653,1,61,108,13.0,4.0,102.0,69.0,67.64705882352942
4105,2,176,76,3.0,4.0,131.0,83.0,63.358778625954194
3118,1,41,70,5.0,2.0,99.0,63.0,63.63636363636363
1475,3,131,75,3.0,3.0,98.0,63.0,64.28571428571429
6237,2,84,66,6.0,6.0,82.0,46.0,56.09756097560976
714,1,194,183,4.0,0.0,56.0,35.0,62.5
2397,3,184,59,5.0,4.0,76.0,41.0,53.94736842105263
5744,3,22,73,8.0,3.0,63.0,43.0,68.25396825396825
2129,1,134,79,3.0,1.0,59.0,28.0,47.45762711864407
4257,1,61,108,9.0,3.0,105.0,68.0,64.76190476190476
3833,1,140,182,2.0,0.0,62.0,31.0,50.0
1908,2,21,56,1.0,2.0,55.0,30.0,54.54545454545454
4495,1,55,1,3.0,6.0,66.0,39.0,59.09090909090909
2160,2,179,23,11.0,7.0,167.0,104.0,62.27544910179641
261,1,165,5,11.0,3.0,129.0,79.0,61.240310077519375
157,1,165,5,11.0,3.0,129.0,79.0,61.240310077519375
4523,1,138,80,10.0,9.0,89.0,63.0,70.78651685393258
330,1,2,3,16.0,4.0,116.0,79.0,68.10344827586206
3152,2,78,9,0.0,1.0,96.0,76.0,79.16666666666666
4430,1,44,15,6.0,4.0,95.0,62.0,65.26315789473685
4080,3,22,57,0.0,1.0,58.0,37.0,63.793103448275865
873,1,76,5,11.0,2.0,92.0,60.0,65.21739130434783
1161,1,28,74,5.0,5.0,62.0,43.0,69.35483870967742
3846,1,215,293,6.0,4.0,58.0,30.0,51.724137931034484
1207,1,103,63,5.0,5.0,72.0,42.0,58.333333333333336
3949,2,176,76,2.0,4.0,121.0,87.0,71.900826446281
5905,1,197,29,6.0,3.0,67.0,45.0,67.16417910447761
3658,2,167,6,5.0,5.0,99.0,71.0,71.71717171717171
3186,1,81,65,5.0,4.0,90.0,55.0,61.111111111111114
2160,3,129,151,8.0,2.0,62.0,40.0,64.51612903225806
4745,3,132,78,12.0,3.0,103.0,69.0,66.99029126213593
2349,2,173,149,8.0,1.0,57.0,33.0,57.89473684210527
4669,2,48,76,3.0,1.0,65.0,42.0,64.61538461538461
1272,1,53,80,2.0,6.0,70.0,33.0,47.14285714285714
3024,1,110,84,4.0,0.0,48.0,35.0,72.91666666666666
2390,1,102,19,1.0,7.0,86.0,49.0,56.97674418604651
2705,2,122,81,0.0,5.0,68.0,39.0,57.35294117647059
62,1,79,12,11.0,0.0,66.0,34.0,51.515151515151516
840,1,100,18,1.0,3.0,55.0,36.0,65.45454545454545
4959,2,177,21,2.0,3.0,83.0,51.0,61.44578313253012
1025,1,104,31,7.0,3.0,68.0,48.0,70.58823529411765
2415,1,46,32,18.0,5.0,102.0,72.0,70.58823529411765
3412,2,58,90,3.0,2.0,54.0,32.0,59.25925925925925
1577,2,174,66,2.0,2.0,92.0,42.0,45.65217391304348
2073,1,3,5,17.0,4.0,103.0,70.0,67.96116504854369
1040,1,114,144,6.0,0.0,42.0,32.0,76.19047619047619
2726,2,27,83,6.0,4.0,72.0,41.0,56.94444444444444
3551,1,81,65,7.0,3.0,102.0,67.0,65.68627450980392
3330,2,40,69,3.0,1.0,99.0,58.0,58.58585858585859
338,3,129,61,21.0,2.0,70.0,50.0,71.42857142857143
2609,1,44,16,1.0,9.0,74.0,38.0,51.35135135135135
2748,2,126,21,2.0,0.0,35.0,21.0,60.0
1143,1,141,154,2.0,3.0,89.0,44.0,49.43820224719101
634,1,41,84,3.0,0.0,46.0,30.0,65.21739130434783
3235,2,40,69,1.0,1.0,55.0,37.0,67.27272727272727
3360,2,186,221,2.0,0.0,61.0,40.0,65.57377049180327
3309,2,176,76,5.0,0.0,68.0,48.0,70.58823529411765
1843,2,128,23,4.0,4.0,78.0,57.0,73.07692307692307
1508,1,139,19,19.0,3.0,121.0,76.0,62.8099173553719
3175,3,93,85,14.0,7.0,110.0,71.0,64.54545454545455
5521,1,172,64,9.0,1.0,107.0,71.0,66.35514018691589
3063,3,50,78,6.0,5.0,169.0,101.0,59.76331360946746
765,1,163,218,8.0,2.0,74.0,52.0,70.27027027027027
3319,2,125,76,11.0,2.0,104.0,62.0,59.61538461538461
4013,2,23,58,5.0,3.0,75.0,52.0,69.33333333333334
3337,2,49,23,13.0,5.0,135.0,72.0,53.333333333333336
5771,1,76,5,28.0,6.0,177.0,122.0,68.92655367231639
1947,2,124,69,3.0,3.0,75.0,42.0,56.00000000000001
5743,3,132,78,12.0,3.0,127.0,79.0,62.20472440944882
2352,1,97,79,6.0,4.0,90.0,60.0,66.66666666666666
2216,1,9,19,9.0,6.0,107.0,62.0,57.943925233644855
554,1,38,68,8.0,8.0,61.0,28.0,45.90163934426229
2283,3,50,78,3.0,4.0,158.0,113.0,71.51898734177216
1751,1,151,191,6.0,5.0,80.0,51.0,63.74999999999999
1149,1,7,15,3.0,2.0,52.0,28.0,53.84615384615385
1706,3,129,151,12.0,0.0,89.0,57.0,64.04494382022472
2261,3,94,78,1.0,5.0,93.0,60.0,64.51612903225806
4446,2,49,23,6.0,3.0,111.0,73.0,65.76576576576578
680,1,165,5,12.0,5.0,116.0,70.0,60.3448275862069
5906,2,124,69,0.0,0.0,42.0,28.0,66.66666666666666
6293,3,131,75,9.0,1.0,47.0,28.0,59.57446808510638
4760,1,112,162,6.0,3.0,82.0,54.0,65.85365853658537
1423,1,168,11,20.0,5.0,109.0,70.0,64.22018348623854
4076,1,5,10,0.0,0.0,60.0,50.0,83.33333333333334
2510,2,84,66,2.0,2.0,64.0,44.0,68.75
1215,2,13,23,8.0,5.0,115.0,76.0,66.08695652173913
3801,1,9,19,17.0,4.0,127.0,73.0,57.48031496062992
2094,2,184,58,6.0,4.0,85.0,57.0,67.05882352941175
2098,2,36,21,12.0,5.0,114.0,66.0,57.89473684210527
4248,1,74,143,2.0,1.0,68.0,40.0,58.82352941176471
2107,1,7,15,5.0,1.0,103.0,67.0,65.0485436893204
3422,1,6,12,6.0,1.0,83.0,48.0,57.831325301204814
1332,1,43,13,1.0,0.0,42.0,23.0,54.761904761904766
3227,2,89,83,3.0,0.0,50.0,26.0,52.0
1734,2,83,149,6.0,1.0,63.0,36.0,57.14285714285714
2179,1,119,16,2.0,3.0,100.0,69.0,69.0
1340,2,13,23,3.0,1.0,132.0,82.0,62.121212121212125
3366,1,170,15,5.0,4.0,70.0,36.0,51.42857142857142
3267,2,40,69,0.0,1.0,48.0,34.0,70.83333333333334
3508,1,14,24,2.0,3.0,85.0,50.0,58.82352941176471
2132,2,40,69,0.0,3.0,91.0,66.0,72.52747252747253
4206,3,93,85,3.0,2.0,59.0,32.0,54.23728813559322
304,3,22,57,13.0,2.0,70.0,47.0,67.14285714285714
5401,2,90,23,1.0,2.0,72.0,47.0,65.27777777777779
150,2,170,17,11.0,3.0,115.0,74.0,64.34782608695652
686,1,30,30,2.0,0.0,83.0,42.0,50.602409638554214
885,1,185,79,4.0,3.0,64.0,41.0,64.0625
5736,3,95,59,3.0,5.0,77.0,46.0,59.74025974025974
931,1,101,80,7.0,2.0,87.0,58.0,66.66666666666666
3039,3,132,78,7.0,4.0,98.0,64.0,65.3061224489796
5272,1,144,55,4.0,1.0,38.0,22.0,57.89473684210527
309,1,121,64,1.0,1.0,14.0,9.0,64.28571428571429
4655,1,29,63,7.0,0.0,69.0,42.0,60.86956521739131
2262,2,85,69,2.0,2.0,111.0,69.0,62.16216216216216
455,1,28,29,7.0,2.0,60.0,36.0,60.0
5100,1,163,218,12.0,0.0,72.0,58.0,80.55555555555556
1124,2,23,58,8.0,2.0,67.0,38.0,56.71641791044776
3739,1,32,64,0.0,0.0,56.0,34.0,60.71428571428571
231,1,147,31,4.0,2.0,63.0,43.0,68.25396825396825
2160,1,137,18,2.0,1.0,62.0,35.0,56.451612903225815
2812,1,14,24,7.0,0.0,38.0,25.0,65.78947368421053
3804,1,39,18,10.0,4.0,113.0,71.0,62.83185840707964
5858,1,154,203,7.0,2.0,84.0,59.0,70.23809523809523
3127,1,139,19,10.0,2.0,104.0,62.0,59.61538461538461
4810,3,50,78,12.0,1.0,150.0,86.0,57.333333333333336
2007,1,204,228,10.0,2.0,63.0,43.0,68.25396825396825
1945,1,1,1,33.0,2.0,123.0,90.0,73.17073170731707
1119,3,183,78,14.0,6.0,182.0,122.0,67.03296703296702
48,2,40,69,1.0,3.0,56.0,32.0,57.14285714285714
2788,1,121,64,1.0,4.0,57.0,40.0,70.17543859649122
5182,2,58,91,1.0,0.0,105.0,70.0,66.66666666666666
412,1,185,79,5.0,0.0,57.0,39.0,68.42105263157895
4655,1,163,178,9.0,3.0,80.0,60.0,75.0
4641,3,132,78,6.0,10.0,104.0,61.0,58.65384615384615
579,2,185,20,2.0,0.0,78.0,56.0,71.7948717948718
1195,2,119,17,5.0,5.0,76.0,42.0,55.26315789473685
283,2,174,66,3.0,4.0,71.0,30.0,42.25352112676056
4095,2,12,22,1.0,1.0,59.0,36.0,61.016949152542374
6425,1,121,64,2.0,0.0,56.0,25.0,44.642857142857146
2518,1,120,65,2.0,2.0,67.0,36.0,53.73134328358209
2497,1,3,5,2.0,1.0,70.0,46.0,65.71428571428571
5174,3,181,73,21.0,8.0,106.0,63.0,59.43396226415094
2160,2,134,72,6.0,6.0,107.0,57.0,53.271028037383175
2899,1,169,82,4.0,1.0,52.0,36.0,69.23076923076923
1260,2,4,6,2.0,2.0,37.0,21.0,56.75675675675676
4542,2,173,149,4.0,1.0,50.0,37.0,74.0
3509,1,44,15,8.0,3.0,81.0,53.0,65.4320987654321
298,1,117,11,7.0,1.0,75.0,39.0,52.0
2848,1,137,18,5.0,7.0,89.0,52.0,58.42696629213483
2941,3,93,75,3.0,3.0,102.0,60.0,58.82352941176471
1550,1,15,27,2.0,1.0,79.0,42.0,53.16455696202531
641,1,32,64,4.0,1.0,88.0,50.0,56.81818181818182
1901,1,112,165,11.0,0.0,73.0,47.0,64.38356164383562
2847,2,175,69,3.0,2.0,75.0,53.0,70.66666666666667
5647,3,47,85,3.0,5.0,57.0,36.0,63.1578947368421
2186,1,6,12,0.0,3.0,66.0,46.0,69.6969696969697
2831,1,6,13,7.0,3.0,85.0,58.0,68.23529411764706
2514,2,133,60,3.0,1.0,70.0,40.0,57.14285714285714
349,2,175,56,4.0,1.0,52.0,35.0,67.3076923076923
3022,2,11,21,8.0,10.0,91.0,51.0,56.043956043956044
1012,2,128,23,6.0,1.0,75.0,58.0,77.33333333333333
5516,2,35,66,1.0,2.0,41.0,30.0,73.17073170731707
2506,3,181,73,16.0,0.0,52.0,38.0,73.07692307692307
3700,1,172,64,9.0,5.0,112.0,70.0,62.5
1439,1,143,184,2.0,4.0,107.0,59.0,55.140186915887845
6100,1,5,11,12.0,2.0,119.0,71.0,59.66386554621849
4618,3,91,61,19.0,8.0,125.0,76.0,60.8
4914,2,7,17,5.0,4.0,69.0,45.0,65.21739130434783
2726,1,7,16,4.0,2.0,55.0,30.0,54.54545454545454
3427,1,4,8,9.0,3.0,75.0,43.0,57.333333333333336
2596,1,145,29,10.0,0.0,79.0,51.0,64.55696202531645
5926,2,40,69,6.0,7.0,70.0,45.0,64.28571428571429
790,2,173,81,1.0,3.0,88.0,60.0,68.18181818181817
1692,2,184,58,11.0,3.0,76.0,48.0,63.1578947368421
6438,1,105,155,4.0,1.0,62.0,34.0,54.83870967741935
6237,2,49,23,3.0,6.0,106.0,60.0,56.60377358490566
1554,1,57,87,2.0,4.0,77.0,42.0,54.54545454545454
2230,2,179,23,2.0,4.0,96.0,63.0,65.625
3182,2,124,69,0.0,3.0,61.0,40.0,65.57377049180327
2300,1,74,142,8.0,1.0,78.0,55.0,70.51282051282051
1799,2,125,76,1.0,0.0,41.0,26.0,63.41463414634146
1973,1,53,80,3.0,1.0,58.0,37.0,63.793103448275865
428,2,128,23,4.0,7.0,92.0,60.0,65.21739130434783
5460,2,23,72,0.0,2.0,69.0,43.0,62.31884057971014
4004,1,57,87,4.0,1.0,39.0,23.0,58.97435897435898
862,2,79,147,1.0,2.0,51.0,34.0,66.66666666666666
5644,1,41,84,2.0,0.0,57.0,40.0,70.17543859649122
2682,1,170,15,7.0,3.0,83.0,62.0,74.69879518072288
2718,2,176,76,3.0,4.0,103.0,54.0,52.42718446601942
2529,3,129,151,9.0,6.0,77.0,45.0,58.44155844155844
2468,3,92,73,22.0,10.0,111.0,67.0,60.36036036036037
2935,1,81,65,13.0,1.0,53.0,38.0,71.69811320754717
179,1,80,16,8.0,6.0,94.0,60.0,63.829787234042556
2426,1,16,29,6.0,3.0,72.0,53.0,73.61111111111111
2946,1,7,15,10.0,0.0,47.0,30.0,63.829787234042556
1755,1,139,19,4.0,1.0,89.0,57.0,64.04494382022472
5395,1,100,18,6.0,4.0,68.0,44.0,64.70588235294117
954,1,29,28,1.0,3.0,96.0,64.0,66.66666666666666
5929,1,195,184,1.0,2.0,51.0,27.0,52.94117647058824
4570,2,58,91,0.0,5.0,65.0,39.0,60.0
1951,2,14,25,0.0,3.0,87.0,50.0,57.47126436781609
1832,1,185,79,19.0,1.0,65.0,44.0,67.6923076923077
200,1,74,1,8.0,2.0,63.0,46.0,73.01587301587301
340,2,13,23,8.0,5.0,168.0,103.0,61.30952380952381
921,1,28,29,3.0,1.0,57.0,39.0,68.42105263157895
3952,1,57,87,2.0,4.0,69.0,47.0,68.11594202898551
2269,2,170,17,0.0,2.0,86.0,61.0,70.93023255813954
5421,1,165,5,8.0,1.0,150.0,98.0,65.33333333333333
1034,1,165,5,3.0,1.0,34.0,19.0,55.88235294117647
4182,1,145,159,3.0,4.0,77.0,43.0,55.84415584415584
2028,3,130,57,7.0,1.0,54.0,36.0,66.66666666666666
605,1,115,5,31.0,1.0,155.0,108.0,69.6774193548387
909,3,22,57,2.0,5.0,66.0,39.0,59.09090909090909
860,1,115,5,15.0,5.0,138.0,77.0,55.79710144927537
3615,3,50,78,15.0,1.0,78.0,54.0,69.23076923076923
1292,2,134,22,2.0,0.0,72.0,43.0,59.72222222222222
2249,1,186,67,18.0,3.0,74.0,45.0,60.810810810810814
1143,2,127,83,2.0,4.0,54.0,36.0,66.66666666666666
4553,1,137,18,3.0,5.0,78.0,38.0,48.717948717948715
4511,1,29,63,6.0,1.0,58.0,43.0,74.13793103448276
1597,1,31,89,0.0,0.0,50.0,36.0,72.0
2941,1,56,88,5.0,1.0,71.0,42.0,59.154929577464785
809,1,197,159,8.0,2.0,79.0,51.0,64.55696202531645
2146,1,39,18,6.0,4.0,62.0,33.0,53.2258064516129
3851,1,76,5,3.0,0.0,86.0,56.0,65.11627906976744
652,2,126,21,2.0,3.0,68.0,44.0,64.70588235294117
4194,1,189,80,0.0,5.0,52.0,21.0,40.38461538461539
5283,1,164,4,12.0,1.0,85.0,59.0,69.41176470588235
3581,1,146,30,19.0,0.0,51.0,38.0,74.50980392156863
500,2,80,17,2.0,1.0,80.0,60.0,75.0
2463,1,117,12,1.0,2.0,61.0,40.0,65.57377049180327
1442,2,88,21,13.0,0.0,70.0,42.0,60.0
947,1,170,16,5.0,1.0,52.0,29.0,55.769230769230774
1123,1,108,159,1.0,2.0,91.0,70.0,76.92307692307693
2109,2,133,58,5.0,5.0,97.0,61.0,62.88659793814433
1993,3,94,78,22.0,11.0,86.0,51.0,59.30232558139535
3873,1,8,18,8.0,1.0,55.0,28.0,50.90909090909091
4016,3,131,85,2.0,2.0,62.0,43.0,69.35483870967742
799,2,126,21,4.0,3.0,77.0,47.0,61.038961038961034
3942,1,168,12,1.0,2.0,47.0,30.0,63.829787234042556
448,2,184,58,11.0,2.0,99.0,54.0,54.54545454545454
3536,1,56,86,23.0,12.0,108.0,61.0,56.481481481481474
758,2,58,90,0.0,2.0,59.0,36.0,61.016949152542374
707,1,44,16,2.0,3.0,58.0,38.0,65.51724137931035
1801,2,125,76,3.0,1.0,72.0,57.0,79.16666666666666
3111,1,101,80,1.0,2.0,77.0,51.0,66.23376623376623
2127,1,197,159,16.0,11.0,86.0,42.0,48.837209302325576
1829,1,102,19,3.0,5.0,155.0,94.0,60.64516129032258
6233,1,5,11,11.0,2.0,116.0,79.0,68.10344827586206
4655,1,136,68,7.0,2.0,62.0,41.0,66.12903225806451
2,3,50,78,3.0,4.0,97.0,67.0,69.0721649484536
2359,1,188,18,2.0,2.0,85.0,49.0,57.647058823529406
1884,1,188,18,5.0,2.0,58.0,28.0,48.275862068965516
3192,1,9,19,9.0,2.0,99.0,66.0,66.66666666666666
796,2,84,66,5.0,6.0,90.0,50.0,55.55555555555556
869,1,136,68,5.0,6.0,69.0,41.0,59.42028985507246
3588,3,183,78,7.0,12.0,152.0,95.0,62.5
1369,3,132,78,11.0,4.0,87.0,52.0,59.77011494252874
3040,2,119,17,6.0,4.0,108.0,80.0,74.07407407407408
548,3,24,59,18.0,2.0,64.0,31.0,48.4375
3238,1,165,5,6.0,0.0,70.0,45.0,64.28571428571429
3337,3,130,73,14.0,8.0,113.0,68.0,60.17699115044248
1158,1,29,63,4.0,0.0,70.0,50.0,71.42857142857143
910,1,16,29,7.0,3.0,107.0,56.0,52.336448598130836
1449,1,165,5,12.0,4.0,86.0,53.0,61.627906976744185
2692,2,128,23,1.0,4.0,86.0,60.0,69.76744186046511
4845,1,53,80,3.0,2.0,44.0,30.0,68.18181818181817
554,1,103,63,15.0,10.0,96.0,59.0,61.458333333333336
1717,1,2,4,16.0,3.0,91.0,72.0,79.12087912087912
441,2,126,21,1.0,0.0,60.0,36.0,60.0
2003,1,39,18,4.0,6.0,61.0,36.0,59.01639344262295
4493,1,43,13,8.0,3.0,84.0,47.0,55.952380952380956
779,1,7,15,11.0,4.0,117.0,71.0,60.68376068376068
834,1,61,108,11.0,1.0,96.0,59.0,61.458333333333336
6132,1,82,64,3.0,1.0,81.0,39.0,48.148148148148145
5640,1,80,16,2.0,0.0,73.0,42.0,57.534246575342465
4024,1,118,13,5.0,2.0,40.0,23.0,57.49999999999999
2373,3,93,85,0.0,0.0,55.0,43.0,78.18181818181819
1916,2,186,221,1.0,1.0,42.0,33.0,78.57142857142857
2784,1,195,184,9.0,2.0,101.0,50.0,49.504950495049506
517,3,93,75,5.0,4.0,49.0,26.0,53.06122448979592
2136,1,46,32,5.0,0.0,69.0,47.0,68.11594202898551
338,3,129,61,28.0,8.0,117.0,72.0,61.53846153846154
761,2,173,81,1.0,1.0,61.0,40.0,65.57377049180327
857,1,34,11,1.0,0.0,105.0,58.0,55.23809523809524
2573,1,54,94,3.0,2.0,83.0,47.0,56.62650602409639
677,1,75,144,11.0,0.0,45.0,27.0,60.0
3126,2,13,23,4.0,4.0,178.0,113.0,63.48314606741573
3409,2,119,17,2.0,6.0,104.0,58.0,55.769230769230774
1098,1,9,19,11.0,2.0,86.0,56.0,65.11627906976744
916,2,83,149,1.0,4.0,54.0,34.0,62.96296296296296
440,3,129,61,7.0,3.0,45.0,26.0,57.77777777777777
598,1,52,5,4.0,5.0,98.0,56.0,57.14285714285714
4533,2,174,66,2.0,0.0,49.0,30.0,61.224489795918366
1569,3,92,57,1.0,4.0,79.0,44.0,55.69620253164557
794,1,31,7,3.0,3.0,62.0,44.0,70.96774193548387
360,1,51,19,16.0,8.0,124.0,77.0,62.096774193548384
5408,1,189,80,6.0,1.0,45.0,28.0,62.22222222222222
2047,2,175,220,0.0,3.0,108.0,71.0,65.74074074074075
1271,1,80,16,7.0,1.0,48.0,30.0,62.5
1120,2,118,179,5.0,3.0,104.0,58.0,55.769230769230774
292,1,114,144,11.0,3.0,96.0,64.0,66.66666666666666
37,1,199,77,13.0,3.0,54.0,34.0,62.96296296296296
3460,2,125,76,5.0,2.0,114.0,78.0,68.42105263157895
4497,1,28,29,1.0,1.0,51.0,31.0,60.78431372549019
2963,1,165,5,11.0,4.0,118.0,79.0,66.94915254237289
3617,1,121,64,8.0,0.0,46.0,28.0,60.86956521739131
5272,2,43,17,3.0,0.0,60.0,30.0,50.0
643,1,6,12,6.0,1.0,50.0,32.0,64.0
6024,3,92,57,11.0,6.0,67.0,37.0,55.223880597014926
767,1,76,5,23.0,5.0,182.0,126.0,69.23076923076923
3257,1,101,80,8.0,3.0,145.0,83.0,57.24137931034483
212,2,167,6,3.0,5.0,72.0,48.0,66.66666666666666
1577,1,137,18,3.0,5.0,91.0,58.0,63.73626373626373
3727,1,190,19,10.0,7.0,151.0,98.0,64.90066225165563
2535,2,125,76,3.0,2.0,80.0,51.0,63.74999999999999
628,2,59,93,3.0,6.0,77.0,44.0,57.14285714285714
1037,1,44,15,2.0,1.0,50.0,29.0,57.99999999999999
3532,2,36,21,5.0,4.0,95.0,63.0,66.3157894736842
1447,1,46,32,12.0,2.0,75.0,47.0,62.66666666666667
5446,3,94,78,11.0,4.0,163.0,100.0,61.34969325153374
2781,1,79,2,7.0,4.0,41.0,25.0,60.97560975609756
2259,1,190,19,6.0,6.0,90.0,59.0,65.55555555555556
6362,1,171,65,13.0,10.0,104.0,53.0,50.96153846153846
245,1,33,65,4.0,2.0,48.0,37.0,77.08333333333334
2881,2,58,90,5.0,1.0,60.0,28.0,46.666666666666664
38,1,57,87,2.0,0.0,69.0,39.0,56.52173913043478
1589,3,24,59,11.0,7.0,66.0,33.0,50.0
2821,1,165,5,5.0,0.0,125.0,76.0,60.8
3209,1,141,154,5.0,2.0,77.0,47.0,61.038961038961034
1374,1,146,30,5.0,2.0,61.0,37.0,60.65573770491803
2,3,182,85,6.0,1.0,37.0,24.0,64.86486486486487
3361,2,119,17,4.0,4.0,97.0,69.0,71.1340206185567
2391,1,135,67,4.0,3.0,54.0,25.0,46.2962962962963
1034,3,50,78,2.0,5.0,82.0,55.0,67.07317073170732
5920,2,43,17,6.0,2.0,90.0,46.0,51.11111111111111
3850,1,199,77,14.0,0.0,93.0,69.0,74.19354838709677
431,3,92,73,0.0,3.0,57.0,39.0,68.42105263157895
5874,1,105,154,10.0,6.0,75.0,48.0,64.0
2231,1,117,12,8.0,1.0,68.0,42.0,61.76470588235294
935,1,51,19,0.0,3.0,92.0,60.0,65.21739130434783
623,1,34,11,6.0,0.0,56.0,36.0,64.28571428571429
2844,1,198,30,7.0,5.0,75.0,46.0,61.33333333333333
6007,1,8,18,15.0,3.0,97.0,69.0,71.1340206185567
970,1,3,5,5.0,3.0,171.0,112.0,65.49707602339181
1965,1,8,18,8.0,0.0,51.0,33.0,64.70588235294117
4942,2,43,17,7.0,1.0,64.0,38.0,59.375
1637,2,179,23,16.0,3.0,137.0,96.0,70.07299270072993
1564,1,112,168,9.0,3.0,86.0,51.0,59.30232558139535
3671,3,183,78,7.0,4.0,137.0,90.0,65.69343065693431
2781,1,113,142,7.0,2.0,44.0,25.0,56.81818181818182
2824,1,135,67,6.0,3.0,49.0,31.0,63.26530612244898
6198,2,87,76,1.0,2.0,106.0,71.0,66.98113207547169
6264,1,196,55,15.0,3.0,110.0,74.0,67.27272727272727
5564,1,7,15,11.0,2.0,46.0,29.0,63.04347826086957
5102,1,103,94,5.0,2.0,82.0,48.0,58.536585365853654
2342,1,98,82,0.0,3.0,54.0,33.0,61.111111111111114
1863,3,130,57,8.0,1.0,64.0,43.0,67.1875
1506,2,173,81,15.0,0.0,51.0,35.0,68.62745098039215
169,1,81,65,9.0,0.0,56.0,33.0,58.92857142857143
5833,2,23,72,5.0,8.0,73.0,47.0,64.38356164383562
3672,2,4,6,6.0,1.0,69.0,45.0,65.21739130434783
1527,1,52,5,11.0,1.0,98.0,64.0,65.3061224489796
715,1,74,1,3.0,3.0,61.0,35.0,57.377049180327866
300,2,179,23,6.0,2.0,183.0,123.0,67.21311475409836
47,3,91,61,10.0,6.0,98.0,57.0,58.16326530612245
1649,2,7,17,5.0,5.0,70.0,43.0,61.42857142857143
2476,3,130,73,1.0,1.0,46.0,26.0,56.52173913043478
5898,1,108,159,6.0,2.0,99.0,66.0,66.66666666666666
4833,1,121,64,2.0,7.0,61.0,40.0,65.57377049180327
5405,3,92,57,1.0,5.0,48.0,28.0,58.333333333333336
35,1,34,11,6.0,2.0,83.0,62.0,74.69879518072288
817,2,83,149,10.0,5.0,86.0,35.0,40.69767441860465
4752,2,48,76,8.0,4.0,47.0,24.0,51.06382978723404
5739,1,151,204,14.0,2.0,66.0,60.0,90.9090909090909
895,2,90,23,1.0,10.0,162.0,103.0,63.580246913580254
3871,1,189,80,5.0,2.0,79.0,52.0,65.82278481012658
1586,3,132,78,5.0,0.0,149.0,100.0,67.11409395973155
1753,1,165,5,6.0,4.0,137.0,76.0,55.47445255474452
786,3,131,75,5.0,4.0,76.0,48.0,63.1578947368421
1425,2,36,21,0.0,1.0,64.0,44.0,68.75
715,1,143,184,8.0,0.0,85.0,49.0,57.647058823529406
1292,2,185,72,1.0,0.0,90.0,66.0,73.33333333333333
298,2,176,76,5.0,3.0,85.0,59.0,69.41176470588235
2099,1,165,5,10.0,0.0,79.0,60.0,75.9493670886076
1427,3,92,73,8.0,4.0,78.0,53.0,67.94871794871796
6237,1,74,142,14.0,2.0,68.0,48.0,70.58823529411765
1543,2,36,21,8.0,6.0,75.0,38.0,50.66666666666667
2781,1,54,94,6.0,4.0,65.0,41.0,63.07692307692307
4714,1,112,174,7.0,5.0,99.0,60.0,60.60606060606061
3083,2,185,72,5.0,2.0,61.0,37.0,60.65573770491803
2269,1,108,159,0.0,0.0,42.0,31.0,73.80952380952381
2833,1,139,19,8.0,0.0,103.0,58.0,56.310679611650485
2706,2,27,83,5.0,3.0,90.0,58.0,64.44444444444444
886,1,43,13,2.0,2.0,92.0,59.0,64.13043478260869
1442,1,60,109,7.0,3.0,54.0,33.0,61.111111111111114
788,2,176,76,3.0,3.0,86.0,66.0,76.74418604651163
2219,1,15,27,3.0,1.0,55.0,38.0,69.0909090909091
3327,1,163,219,2.0,6.0,129.0,70.0,54.263565891472865
5952,1,119,15,3.0,1.0,93.0,54.0,58.06451612903226
6180,1,1,2,8.0,3.0,110.0,68.0,61.81818181818181
3103,2,96,22,2.0,1.0,112.0,82.0,73.21428571428571
1557,1,191,181,8.0,2.0,89.0,60.0,67.41573033707866
4089,1,98,67,9.0,4.0,61.0,44.0,72.1311475409836
2811,2,86,56,1.0,3.0,101.0,77.0,76.23762376237624
200,1,44,15,6.0,2.0,57.0,42.0,73.68421052631578
5445,2,186,221,7.0,2.0,88.0,57.0,64.77272727272727
1238,2,175,56,0.0,2.0,41.0,26.0,63.41463414634146
5828,2,178,83,0.0,0.0,37.0,25.0,67.56756756756756
4492,1,147,63,6.0,13.0,99.0,47.0,47.474747474747474
3986,1,52,5,23.0,2.0,94.0,66.0,70.2127659574468
3316,2,176,76,7.0,2.0,57.0,37.0,64.91228070175438
2582,1,172,64,4.0,5.0,83.0,58.0,69.87951807228916
5805,2,123,66,1.0,1.0,60.0,29.0,48.333333333333336
331,1,80,16,0.0,2.0,68.0,37.0,54.41176470588235
4376,1,134,79,18.0,5.0,87.0,51.0,58.620689655172406
3633,2,13,23,2.0,6.0,148.0,99.0,66.8918918918919
517,1,6,13,4.0,2.0,70.0,40.0,57.14285714285714
1236,1,74,142,16.0,2.0,91.0,53.0,58.24175824175825
4089,1,30,30,4.0,3.0,85.0,45.0,52.94117647058824
3125,2,87,76,3.0,0.0,69.0,45.0,65.21739130434783
2442,1,44,15,4.0,8.0,81.0,49.0,60.49382716049383
2128,2,24,60,3.0,7.0,97.0,57.0,58.76288659793815
233,1,78,11,4.0,3.0,55.0,36.0,65.45454545454545
3556,1,193,155,8.0,3.0,66.0,43.0,65.15151515151516
1510,1,3,5,8.0,1.0,89.0,61.0,68.53932584269663
769,2,11,21,3.0,5.0,83.0,45.0,54.21686746987952
5680,1,51,19,8.0,3.0,69.0,41.0,59.42028985507246
1045,2,170,17,3.0,3.0,93.0,57.0,61.29032258064516
3038,1,34,11,5.0,3.0,108.0,63.0,58.333333333333336
637,2,185,72,0.0,2.0,86.0,59.0,68.6046511627907
648,1,195,184,6.0,5.0,84.0,49.0,58.333333333333336
162,1,114,144,10.0,4.0,90.0,55.0,61.111111111111114
3320,1,37,67,9.0,1.0,95.0,68.0,71.57894736842105
424,1,195,184,4.0,4.0,83.0,52.0,62.65060240963856
3617,2,84,66,3.0,3.0,76.0,41.0,53.94736842105263
102,2,116,6,5.0,5.0,84.0,45.0,53.57142857142857
1718,2,43,17,4.0,0.0,59.0,42.0,71.1864406779661
494,1,194,183,3.0,1.0,82.0,53.0,64.63414634146342
5421,2,84,66,11.0,1.0,67.0,39.0,58.2089552238806
1870,3,183,78,14.0,6.0,182.0,122.0,67.03296703296702
6373,1,171,65,2.0,0.0,94.0,67.0,71.27659574468085
3363,1,119,15,6.0,3.0,118.0,64.0,54.23728813559322
64,1,15,55,8.0,2.0,100.0,58.0,57.99999999999999
360,1,17,30,13.0,1.0,60.0,43.0,71.66666666666667
3509,2,59,92,4.0,2.0,50.0,34.0,68.0
3791,1,80,16,15.0,4.0,77.0,46.0,59.74025974025974
2771,1,17,30,8.0,4.0,82.0,48.0,58.536585365853654
415,1,56,86,2.0,2.0,80.0,46.0,57.49999999999999
736,1,150,185,8.0,0.0,67.0,48.0,71.64179104477611
3551,2,6,14,4.0,1.0,86.0,49.0,56.97674418604651
533,2,58,90,8.0,6.0,118.0,79.0,66.94915254237289
4770,1,77,8,10.0,2.0,70.0,49.0,70.0
3015,1,54,31,6.0,4.0,87.0,49.0,56.32183908045977
1445,2,49,23,3.0,3.0,94.0,59.0,62.76595744680851
6410,2,127,83,0.0,3.0,93.0,66.0,70.96774193548387
2967,2,128,23,7.0,1.0,101.0,56.0,55.44554455445545
1310,3,132,78,25.0,5.0,158.0,90.0,56.9620253164557
159,2,86,56,4.0,1.0,120.0,92.0,76.66666666666667
2957,2,5,9,10.0,9.0,85.0,55.0,64.70588235294117
329,2,96,22,11.0,4.0,110.0,73.0,66.36363636363637
625,2,127,62,2.0,0.0,43.0,24.0,55.81395348837209
1408,1,8,18,0.0,4.0,70.0,40.0,57.14285714285714
1607,1,197,159,2.0,4.0,80.0,62.0,77.5
5417,2,123,66,4.0,1.0,110.0,67.0,60.909090909090914
3356,1,3,5,3.0,3.0,106.0,71.0,66.98113207547169
2882,1,115,5,15.0,4.0,116.0,69.0,59.48275862068966
643,1,120,65,6.0,0.0,52.0,37.0,71.15384615384616
6355,3,47,75,6.0,8.0,108.0,68.0,62.96296296296296
1012,1,213,254,11.0,1.0,51.0,29.0,56.86274509803921
4228,2,89,62,14.0,2.0,73.0,47.0,64.38356164383562
5301,1,104,152,6.0,1.0,96.0,63.0,65.625
1372,1,55,1,11.0,3.0,71.0,43.0,60.56338028169014
711,1,19,32,1.0,1.0,52.0,32.0,61.53846153846154
1208,1,171,65,3.0,1.0,58.0,40.0,68.96551724137932
192,2,96,22,2.0,1.0,53.0,40.0,75.47169811320755
768,3,93,85,8.0,6.0,87.0,48.0,55.172413793103445
2055,1,163,218,4.0,4.0,57.0,34.0,59.64912280701754
5497,2,168,9,5.0,3.0,75.0,42.0,56.00000000000001
687,1,30,30,3.0,4.0,69.0,45.0,65.21739130434783
3344,1,3,5,15.0,3.0,134.0,85.0,63.43283582089553
2467,1,25,79,12.0,2.0,105.0,55.0,52.38095238095239
1805,1,172,64,15.0,3.0,110.0,62.0,56.36363636363636
401,1,190,19,22.0,10.0,151.0,81.0,53.64238410596026
6026,2,133,58,3.0,4.0,55.0,29.0,52.72727272727272
1527,1,144,70,3.0,0.0,50.0,31.0,62.0
2416,1,82,64,10.0,1.0,78.0,49.0,62.82051282051282
2806,2,176,76,7.0,1.0,65.0,46.0,70.76923076923077
461,3,50,78,8.0,5.0,94.0,71.0,75.53191489361703
705,1,103,63,5.0,0.0,64.0,43.0,67.1875
2048,1,99,68,13.0,5.0,94.0,60.0,63.829787234042556
6311,1,172,64,5.0,5.0,59.0,35.0,59.32203389830508
697,1,116,146,5.0,1.0,46.0,33.0,71.73913043478261
5516,1,121,64,6.0,2.0,82.0,53.0,64.63414634146342
2842,2,79,147,5.0,0.0,64.0,52.0,81.25
5637,2,88,21,1.0,1.0,96.0,53.0,55.208333333333336
142,2,11,21,6.0,0.0,75.0,48.0,64.0
1175,2,174,66,2.0,1.0,46.0,27.0,58.69565217391305
3866,1,104,153,6.0,4.0,56.0,33.0,58.92857142857143
912,1,107,158,10.0,2.0,86.0,62.0,72.09302325581395
511,1,30,30,6.0,4.0,57.0,38.0,66.66666666666666
2184,1,43,2,4.0,1.0,62.0,35.0,56.451612903225815
2973,1,197,29,5.0,0.0,70.0,49.0,70.0
4717,1,51,19,11.0,2.0,95.0,68.0,71.57894736842105
322,1,8,18,2.0,4.0,110.0,73.0,66.36363636363637
1447,2,177,21,5.0,7.0,103.0,71.0,68.93203883495146
1963,3,132,78,13.0,7.0,105.0,60.0,57.14285714285714
589,2,89,62,2.0,1.0,49.0,31.0,63.26530612244898
4409,2,169,179,4.0,4.0,103.0,52.0,50.48543689320388
3081,1,55,1,7.0,2.0,51.0,32.0,62.745098039215684
433,2,27,83,1.0,5.0,59.0,28.0,47.45762711864407
834,1,171,65,1.0,5.0,69.0,35.0,50.72463768115942
6115,1,101,80,1.0,1.0,43.0,29.0,67.44186046511628
2155,1,54,94,1.0,0.0,54.0,43.0,79.62962962962963
6126,2,173,148,3.0,3.0,59.0,35.0,59.32203389830508
889,1,46,32,15.0,1.0,89.0,65.0,73.03370786516854
1169,1,30,30,4.0,2.0,46.0,26.0,56.52173913043478
3626,2,127,83,2.0,2.0,38.0,26.0,68.42105263157895
4752,1,169,2,7.0,2.0,70.0,48.0,68.57142857142857
338,1,121,64,10.0,2.0,107.0,56.0,52.336448598130836
417,3,93,75,3.0,2.0,58.0,37.0,63.793103448275865
1814,1,114,144,2.0,1.0,44.0,27.0,61.36363636363637
53,2,14,25,2.0,2.0,43.0,27.0,62.7906976744186
4158,2,48,76,5.0,2.0,52.0,41.0,78.84615384615384
1003,1,108,159,10.0,2.0,36.0,24.0,66.66666666666666
2373,1,28,74,2.0,1.0,52.0,34.0,65.38461538461539
1244,1,42,71,2.0,1.0,79.0,52.0,65.82278481012658
3967,2,133,60,5.0,3.0,72.0,48.0,66.66666666666666
2579,1,105,155,11.0,1.0,59.0,37.0,62.71186440677966
682,1,196,70,4.0,0.0,51.0,35.0,68.62745098039215
4551,1,29,28,6.0,2.0,71.0,47.0,66.19718309859155
861,1,25,79,30.0,0.0,104.0,80.0,76.92307692307693
1931,2,127,83,4.0,2.0,69.0,45.0,65.21739130434783
499,1,29,28,2.0,0.0,99.0,57.0,57.57575757575758
2512,3,132,78,13.0,2.0,174.0,105.0,60.3448275862069
3379,1,195,184,6.0,1.0,65.0,34.0,52.307692307692314
1290,1,2,4,13.0,4.0,79.0,54.0,68.35443037974683
2416,2,87,76,7.0,1.0,48.0,33.0,68.75
3735,1,103,63,15.0,10.0,96.0,59.0,61.458333333333336
4159,1,32,64,2.0,3.0,58.0,35.0,60.3448275862069
2997,2,71,124,1.0,1.0,54.0,39.0,72.22222222222221
4084,1,167,13,7.0,1.0,50.0,34.0,68.0
3714,1,134,79,8.0,0.0,68.0,44.0,64.70588235294117
3322,2,24,22,6.0,1.0,88.0,48.0,54.54545454545454
1238,3,132,78,8.0,11.0,111.0,66.0,59.45945945945946
868,2,11,21,1.0,3.0,66.0,43.0,65.15151515151516
1514,1,9,19,8.0,6.0,141.0,81.0,57.446808510638306
3244,2,23,72,1.0,2.0,71.0,36.0,50.70422535211267
4409,1,6,12,2.0,2.0,67.0,44.0,65.67164179104478
5964,2,36,21,1.0,0.0,52.0,41.0,78.84615384615384
6093,1,98,82,1.0,3.0,49.0,29.0,59.183673469387756
5410,2,86,56,3.0,0.0,86.0,49.0,56.97674418604651
873,1,32,64,8.0,1.0,73.0,44.0,60.273972602739725
434,1,136,68,13.0,4.0,93.0,58.0,62.365591397849464
1704,1,139,19,3.0,5.0,87.0,46.0,52.87356321839081
738,1,31,7,2.0,4.0,101.0,63.0,62.37623762376238
4353,2,119,17,1.0,1.0,57.0,31.0,54.385964912280706
3679,1,167,13,7.0,1.0,60.0,46.0,76.66666666666667
365,1,51,19,5.0,5.0,166.0,93.0,56.024096385542165
2991,2,124,69,4.0,4.0,87.0,48.0,55.172413793103445
2590,1,139,19,8.0,9.0,100.0,55.0,55.00000000000001
5786,2,123,66,3.0,1.0,67.0,38.0,56.71641791044776
268,1,46,32,10.0,1.0,54.0,39.0,72.22222222222221
758,2,175,69,2.0,0.0,67.0,50.0,74.6268656716418
5827,2,119,17,4.0,4.0,81.0,46.0,56.79012345679012
2529,2,12,22,8.0,3.0,85.0,45.0,52.94117647058824
233,1,44,15,5.0,5.0,68.0,35.0,51.470588235294116
1173,2,125,76,7.0,1.0,51.0,39.0,76.47058823529412
339,1,82,64,5.0,3.0,54.0,29.0,53.70370370370371
1531,1,99,68,3.0,2.0,74.0,45.0,60.810810810810814
5270,2,78,9,0.0,0.0,63.0,40.0,63.49206349206349
3987,2,128,23,8.0,5.0,157.0,105.0,66.87898089171973
2133,1,14,24,0.0,0.0,51.0,31.0,60.78431372549019
6095,1,34,11,8.0,2.0,80.0,46.0,57.49999999999999
1623,1,196,55,6.0,0.0,98.0,64.0,65.3061224489796
2473,1,74,143,17.0,6.0,98.0,71.0,72.44897959183673
795,1,164,3,5.0,2.0,57.0,36.0,63.1578947368421
2339,2,49,23,4.0,1.0,97.0,72.0,74.22680412371135
2614,1,45,12,4.0,2.0,75.0,51.0,68.0
2362,1,19,32,12.0,3.0,110.0,66.0,60.0
3774,2,13,23,5.0,2.0,58.0,45.0,77.58620689655173
3558,2,5,9,3.0,0.0,48.0,32.0,66.66666666666666
2694,1,108,29,1.0,1.0,63.0,41.0,65.07936507936508
2683,2,179,23,11.0,3.0,119.0,65.0,54.621848739495796
5825,1,193,155,5.0,3.0,71.0,38.0,53.52112676056338
2982,1,99,68,2.0,2.0,66.0,43.0,65.15151515151516
6180,1,120,65,4.0,0.0,53.0,38.0,71.69811320754717
344,1,170,16,9.0,1.0,42.0,30.0,71.42857142857143
1570,1,39,18,1.0,2.0,65.0,46.0,70.76923076923077
3956,1,118,2,11.0,2.0,104.0,71.0,68.26923076923077
1691,2,84,66,5.0,6.0,113.0,80.0,70.79646017699115
1758,1,170,16,6.0,1.0,39.0,31.0,79.48717948717949
76,2,13,23,6.0,9.0,199.0,129.0,64.82412060301507
3880,2,12,22,8.0,3.0,105.0,49.0,46.666666666666664
3617,2,40,69,5.0,0.0,49.0,32.0,65.3061224489796
3470,1,98,82,15.0,6.0,73.0,42.0,57.534246575342465
2249,1,138,80,8.0,1.0,54.0,32.0,59.25925925925925
1980,1,139,19,3.0,2.0,96.0,60.0,62.5
1997,1,167,13,2.0,0.0,46.0,28.0,60.86956521739131
825,1,30,30,6.0,0.0,62.0,42.0,67.74193548387096
1076,2,124,69,1.0,2.0,69.0,42.0,60.86956521739131
1115,2,77,6,3.0,3.0,57.0,35.0,61.40350877192983
3217,1,2,3,8.0,0.0,32.0,21.0,65.625
3026,1,38,68,7.0,4.0,91.0,54.0,59.34065934065934
5373,2,97,72,5.0,7.0,92.0,49.0,53.2608695652174
1520,1,100,18,6.0,3.0,62.0,35.0,56.451612903225815
5788,2,118,179,1.0,1.0,58.0,37.0,63.793103448275865
191,1,33,65,3.0,6.0,67.0,41.0,61.19402985074627
2276,3,93,75,0.0,2.0,91.0,53.0,58.24175824175825
3319,1,200,32,7.0,0.0,64.0,38.0,59.375
3035,1,9,19,14.0,11.0,116.0,73.0,62.93103448275862
2881,2,127,62,6.0,3.0,60.0,29.0,48.333333333333336
3893,2,167,6,6.0,2.0,69.0,42.0,60.86956521739131
1620,2,123,66,1.0,0.0,15.0,9.0,60.0
1520,2,84,66,3.0,1.0,61.0,45.0,73.77049180327869
1337,1,56,86,6.0,6.0,58.0,36.0,62.06896551724138
4430,2,179,23,2.0,1.0,97.0,62.0,63.91752577319587
1133,1,80,16,5.0,0.0,51.0,30.0,58.82352941176471
2413,1,45,12,5.0,4.0,81.0,49.0,60.49382716049383
6410,1,144,70,2.0,0.0,81.0,56.0,69.1358024691358
2552,1,119,16,7.0,3.0,79.0,51.0,64.55696202531645
2355,1,142,183,8.0,7.0,109.0,63.0,57.798165137614674
1947,1,52,5,2.0,1.0,84.0,48.0,57.14285714285714
877,2,135,20,8.0,1.0,71.0,45.0,63.38028169014085
4506,3,47,75,9.0,1.0,50.0,33.0,66.0
1753,3,132,78,8.0,11.0,111.0,66.0,59.45945945945946
5736,3,131,75,1.0,3.0,55.0,29.0,52.72727272727272
2247,1,135,67,7.0,5.0,88.0,48.0,54.54545454545454
5695,1,104,153,7.0,2.0,74.0,35.0,47.2972972972973
3089,1,139,19,9.0,4.0,100.0,54.0,54.0
3701,1,198,30,5.0,2.0,51.0,23.0,45.09803921568628
5415,1,143,184,1.0,2.0,75.0,44.0,58.666666666666664
3200,1,143,184,6.0,1.0,85.0,55.0,64.70588235294117
2946,1,7,15,4.0,1.0,56.0,34.0,60.71428571428571
3040,3,50,78,3.0,3.0,163.0,114.0,69.93865030674846
3206,1,147,63,19.0,13.0,129.0,78.0,60.46511627906976
2654,3,50,78,3.0,3.0,96.0,65.0,67.70833333333334
1515,3,94,78,9.0,3.0,116.0,74.0,63.793103448275865
3997,1,196,55,6.0,2.0,50.0,28.0,56.00000000000001
3689,1,195,184,11.0,2.0,124.0,87.0,70.16129032258065
2525,1,190,19,9.0,12.0,153.0,92.0,60.130718954248366
2421,2,126,21,1.0,1.0,81.0,48.0,59.25925925925925
665,3,94,78,7.0,1.0,85.0,47.0,55.294117647058826
619,1,114,144,2.0,1.0,50.0,26.0,52.0
2199,1,195,184,2.0,5.0,40.0,23.0,57.49999999999999
1742,1,106,157,0.0,0.0,57.0,40.0,70.17543859649122
4172,2,125,76,5.0,6.0,87.0,63.0,72.41379310344827
2566,1,187,68,4.0,0.0,100.0,59.0,59.0
2104,3,94,78,4.0,3.0,87.0,52.0,59.77011494252874
1943,1,200,32,9.0,0.0,46.0,27.0,58.69565217391305
3950,2,20,33,3.0,2.0,42.0,28.0,66.66666666666666
3403,1,139,19,8.0,7.0,129.0,73.0,56.58914728682171
4152,3,130,57,5.0,0.0,109.0,76.0,69.72477064220183
3286,1,163,219,9.0,1.0,88.0,60.0,68.18181818181817
1238,1,104,31,7.0,5.0,102.0,66.0,64.70588235294117
3509,2,21,56,1.0,5.0,55.0,32.0,58.18181818181818
2179,2,90,23,3.0,1.0,71.0,50.0,70.4225352112676
1329,2,90,23,3.0,4.0,155.0,100.0,64.51612903225806
902,1,56,86,4.0,5.0,106.0,66.0,62.264150943396224
835,1,78,146,17.0,7.0,101.0,49.0,48.51485148514851
3373,2,84,66,0.0,2.0,51.0,30.0,58.82352941176471
3402,1,113,8,0.0,3.0,77.0,54.0,70.12987012987013
3714,3,184,59,4.0,0.0,56.0,28.0,50.0
3940,1,106,157,8.0,2.0,70.0,41.0,58.57142857142858
200,1,142,183,1.0,1.0,51.0,38.0,74.50980392156863
1130,1,115,5,7.0,4.0,154.0,90.0,58.44155844155844
2311,2,58,91,2.0,3.0,75.0,41.0,54.666666666666664
3020,1,143,184,2.0,2.0,78.0,44.0,56.41025641025641
413,1,74,143,7.0,1.0,109.0,71.0,65.13761467889908
3675,1,139,19,4.0,1.0,115.0,87.0,75.65217391304347
3371,2,173,148,14.0,3.0,106.0,70.0,66.0377358490566
5388,2,124,69,2.0,5.0,58.0,35.0,60.3448275862069
3220,3,180,151,3.0,1.0,57.0,33.0,57.89473684210527
3324,2,11,21,7.0,2.0,87.0,40.0,45.97701149425287
517,3,180,61,13.0,6.0,58.0,31.0,53.44827586206896
511,2,177,21,10.0,5.0,81.0,56.0,69.1358024691358
2174,1,137,18,3.0,1.0,29.0,19.0,65.51724137931035
4795,1,168,12,7.0,2.0,65.0,37.0,56.92307692307692
2449,2,23,72,2.0,2.0,84.0,53.0,63.095238095238095
2670,3,132,78,6.0,0.0,92.0,39.0,42.391304347826086
1710,1,195,184,6.0,0.0,85.0,61.0,71.76470588235294
2800,2,186,221,0.0,1.0,76.0,64.0,84.21052631578947
2415,1,108,29,7.0,0.0,49.0,37.0,75.51020408163265
6163,1,17,30,3.0,3.0,86.0,50.0,58.139534883720934
4862,1,185,79,7.0,4.0,91.0,54.0,59.34065934065934
1811,1,14,26,10.0,1.0,43.0,28.0,65.11627906976744
1574,1,76,5,18.0,4.0,168.0,116.0,69.04761904761905
2488,2,173,149,9.0,2.0,83.0,55.0,66.26506024096386
1576,2,90,23,10.0,4.0,129.0,74.0,57.36434108527132
6093,1,170,15,3.0,2.0,53.0,27.0,50.943396226415096
1025,1,191,181,3.0,1.0,73.0,52.0,71.23287671232876
6198,1,205,245,2.0,2.0,56.0,33.0,58.92857142857143
2657,1,52,5,21.0,5.0,126.0,81.0,64.28571428571429
3471,1,139,19,1.0,3.0,57.0,32.0,56.14035087719298
2579,1,141,154,12.0,5.0,126.0,79.0,62.698412698412696
2204,1,56,86,6.0,2.0,69.0,52.0,75.36231884057972
1269,1,9,19,13.0,15.0,145.0,72.0,49.6551724137931
884,2,125,76,10.0,3.0,82.0,56.0,68.29268292682927
1801,3,94,78,5.0,2.0,76.0,45.0,59.210526315789465
708,1,120,65,6.0,6.0,59.0,29.0,49.152542372881356
5399,2,13,23,12.0,2.0,149.0,97.0,65.1006711409396
759,3,26,61,14.0,3.0,55.0,34.0,61.81818181818181
5769,1,104,31,10.0,1.0,46.0,28.0,60.86956521739131
216,2,128,23,11.0,5.0,132.0,78.0,59.09090909090909
2866,2,90,23,0.0,0.0,78.0,55.0,70.51282051282051
3464,1,146,30,16.0,2.0,112.0,77.0,68.75
2363,1,33,65,0.0,3.0,90.0,56.0,62.22222222222222
1579,1,16,28,1.0,2.0,58.0,35.0,60.3448275862069
4186,2,175,69,5.0,0.0,69.0,36.0,52.17391304347826
2493,1,136,68,5.0,3.0,60.0,33.0,55.00000000000001
2155,1,76,5,6.0,2.0,67.0,39.0,58.2089552238806
4357,1,3,5,3.0,3.0,72.0,41.0,56.94444444444444
2799,1,77,7,13.0,6.0,116.0,63.0,54.310344827586206
4236,2,184,60,8.0,5.0,126.0,78.0,61.904761904761905
1635,1,45,12,22.0,1.0,66.0,48.0,72.72727272727273
2598,3,22,57,11.0,10.0,67.0,38.0,56.71641791044776
4842,2,185,20,3.0,2.0,61.0,40.0,65.57377049180327
4093,1,113,142,8.0,3.0,53.0,34.0,64.15094339622641
2844,3,50,78,2.0,5.0,82.0,55.0,67.07317073170732
401,1,31,89,10.0,2.0,44.0,30.0,68.18181818181817
1166,1,145,159,6.0,2.0,81.0,48.0,59.25925925925925
3273,1,108,159,12.0,3.0,103.0,60.0,58.252427184466015
5101,1,121,64,4.0,4.0,77.0,59.0,76.62337662337663
790,2,83,148,3.0,2.0,82.0,58.0,70.73170731707317
4162,1,197,29,6.0,4.0,75.0,43.0,57.333333333333336
2118,1,98,67,1.0,5.0,94.0,58.0,61.702127659574465
1990,1,135,82,5.0,0.0,40.0,21.0,52.5
1493,1,76,5,0.0,2.0,88.0,64.0,72.72727272727273
3208,1,171,65,7.0,2.0,87.0,51.0,58.620689655172406
4656,1,105,154,1.0,0.0,60.0,39.0,65.0
4190,1,9,19,8.0,3.0,76.0,44.0,57.89473684210527
47,2,48,76,2.0,3.0,69.0,35.0,50.72463768115942
3169,2,13,23,4.0,0.0,112.0,87.0,77.67857142857143
3610,1,190,19,2.0,4.0,96.0,37.0,38.54166666666667
3769,2,79,147,3.0,1.0,81.0,50.0,61.72839506172839
2679,2,179,23,2.0,4.0,110.0,68.0,61.81818181818181
1293,2,96,58,3.0,3.0,88.0,51.0,57.95454545454546
1470,1,117,11,0.0,5.0,63.0,38.0,60.317460317460316
5220,2,119,17,9.0,1.0,52.0,33.0,63.46153846153846
2047,2,5,9,1.0,2.0,78.0,55.0,70.51282051282051
2114,2,36,21,1.0,0.0,54.0,34.0,62.96296296296296
1849,3,91,151,3.0,1.0,52.0,38.0,73.07692307692307
4581,1,195,184,0.0,1.0,57.0,40.0,70.17543859649122
1571,2,78,9,1.0,2.0,52.0,31.0,59.61538461538461
795,1,145,29,1.0,0.0,17.0,10.0,58.82352941176471
3191,2,96,22,0.0,2.0,68.0,54.0,79.41176470588235
2814,1,1,2,2.0,1.0,101.0,68.0,67.32673267326733
2788,1,28,29,1.0,0.0,79.0,52.0,65.82278481012658
2005,1,31,7,9.0,4.0,134.0,90.0,67.16417910447761
3316,2,84,66,0.0,5.0,93.0,66.0,70.96774193548387
3521,2,4,6,1.0,1.0,61.0,35.0,57.377049180327866
1324,1,44,15,2.0,5.0,66.0,39.0,59.09090909090909
1424,2,128,23,0.0,10.0,87.0,49.0,56.32183908045977
1178,1,98,67,2.0,5.0,88.0,55.0,62.5
5710,2,122,149,9.0,20.0,97.0,56.0,57.73195876288659
3049,1,113,8,4.0,1.0,72.0,42.0,58.333333333333336
3587,1,107,55,5.0,0.0,42.0,35.0,83.33333333333334
4050,1,38,68,6.0,0.0,48.0,35.0,72.91666666666666
503,2,125,76,1.0,2.0,47.0,22.0,46.808510638297875
3770,1,6,12,7.0,3.0,82.0,50.0,60.97560975609756
225,1,114,4,1.0,0.0,53.0,32.0,60.37735849056604
5513,1,19,32,12.0,3.0,110.0,66.0,60.0
746,2,27,62,2.0,0.0,61.0,33.0,54.09836065573771
2241,3,180,61,13.0,6.0,58.0,31.0,53.44827586206896
4078,1,114,4,8.0,7.0,54.0,35.0,64.81481481481481
3297,1,109,30,6.0,7.0,109.0,69.0,63.30275229357798
2071,1,195,184,5.0,0.0,68.0,43.0,63.23529411764706
1144,1,136,68,9.0,6.0,55.0,35.0,63.63636363636363
5595,1,52,5,5.0,5.0,89.0,50.0,56.17977528089888
2340,1,145,29,14.0,3.0,76.0,51.0,67.10526315789474
853,1,74,143,9.0,4.0,64.0,41.0,64.0625
3468,2,13,23,3.0,6.0,121.0,67.0,55.371900826446286
3144,1,120,65,3.0,3.0,64.0,42.0,65.625
239,2,96,58,3.0,2.0,60.0,39.0,65.0
5874,1,77,7,20.0,6.0,82.0,49.0,59.756097560975604
82,2,175,56,18.0,0.0,96.0,75.0,78.125
396,1,3,5,35.0,4.0,168.0,118.0,70.23809523809523
5202,1,101,80,10.0,7.0,77.0,38.0,49.35064935064935
692,1,25,79,9.0,1.0,98.0,71.0,72.44897959183673
1664,2,178,62,2.0,2.0,77.0,49.0,63.63636363636363
1500,2,84,66,2.0,4.0,97.0,73.0,75.25773195876289
265,1,51,19,6.0,2.0,113.0,66.0,58.4070796460177
4151,2,13,23,3.0,3.0,90.0,59.0,65.55555555555556
245,2,88,21,4.0,5.0,95.0,59.0,62.10526315789474
2405,1,41,70,10.0,0.0,103.0,66.0,64.07766990291263
770,1,147,63,10.0,0.0,48.0,27.0,56.25
5828,1,17,30,4.0,1.0,120.0,73.0,60.83333333333333
3175,1,56,86,8.0,3.0,74.0,48.0,64.86486486486487
985,1,171,65,9.0,4.0,113.0,53.0,46.902654867256636
5528,2,112,163,3.0,4.0,86.0,49.0,56.97674418604651
3156,2,78,9,2.0,6.0,102.0,66.0,64.70588235294117
3696,2,179,23,7.0,2.0,71.0,38.0,53.52112676056338
2903,1,78,11,5.0,2.0,40.0,20.0,50.0
3366,2,13,23,5.0,1.0,60.0,33.0,55.00000000000001
3139,1,5,11,5.0,0.0,82.0,53.0,64.63414634146342
2493,2,186,221,2.0,0.0,61.0,40.0,65.57377049180327
3764,1,14,24,0.0,3.0,79.0,56.0,70.88607594936708
1607,1,115,5,10.0,2.0,133.0,95.0,71.42857142857143
975,1,51,19,3.0,2.0,64.0,43.0,67.1875
2026,1,7,15,11.0,5.0,104.0,57.0,54.807692307692314
404,1,78,11,2.0,1.0,52.0,29.0,55.769230769230774
1857,1,77,7,3.0,1.0,65.0,37.0,56.92307692307692
5806,3,132,78,3.0,3.0,106.0,62.0,58.490566037735846
1858,1,119,16,7.0,5.0,86.0,57.0,66.27906976744185
1362,1,120,65,11.0,1.0,98.0,68.0,69.38775510204081
2600,2,174,66,6.0,1.0,62.0,44.0,70.96774193548387
6405,1,119,15,2.0,3.0,66.0,42.0,63.63636363636363
151,1,6,12,4.0,1.0,58.0,40.0,68.96551724137932
162,1,51,19,25.0,7.0,144.0,88.0,61.111111111111114
854,1,52,5,4.0,4.0,116.0,71.0,61.206896551724135
88,1,146,30,10.0,6.0,84.0,46.0,54.761904761904766
1620,1,145,29,10.0,1.0,80.0,48.0,60.0
1662,2,174,66,2.0,0.0,43.0,27.0,62.7906976744186
35,2,35,66,1.0,0.0,37.0,21.0,56.75675675675676
2304,2,48,76,4.0,4.0,92.0,56.0,60.86956521739131
5837,1,154,203,18.0,2.0,115.0,79.0,68.69565217391305
5140,2,31,6,1.0,2.0,70.0,49.0,70.0
1284,2,31,6,4.0,0.0,91.0,66.0,72.52747252747253
3246,1,199,77,12.0,2.0,66.0,41.0,62.121212121212125
6119,1,98,67,5.0,7.0,124.0,79.0,63.70967741935484
5406,2,78,9,3.0,2.0,103.0,78.0,75.72815533980582
1302,1,147,31,13.0,4.0,89.0,63.0,70.78651685393258
298,1,37,67,7.0,1.0,51.0,29.0,56.86274509803921
2073,1,113,178,10.0,7.0,72.0,48.0,66.66666666666666
5100,1,188,18,12.0,8.0,89.0,43.0,48.31460674157304
5964,2,49,23,4.0,1.0,97.0,72.0,74.22680412371135
6339,2,86,56,3.0,0.0,67.0,48.0,71.64179104477611
2582,1,190,19,8.0,2.0,61.0,45.0,73.77049180327869
930,1,4,7,14.0,0.0,29.0,20.0,68.96551724137932
2551,3,91,61,8.0,2.0,79.0,63.0,79.74683544303798
3662,3,91,151,8.0,4.0,66.0,39.0,59.09090909090909
3336,1,215,263,8.0,3.0,65.0,35.0,53.84615384615385
1574,1,115,5,20.0,7.0,130.0,84.0,64.61538461538461
2401,1,79,2,13.0,2.0,116.0,87.0,75.0
1603,1,171,65,4.0,5.0,58.0,40.0,68.96551724137932
3514,1,56,88,1.0,2.0,54.0,38.0,70.37037037037037
5131,2,176,76,2.0,0.0,24.0,16.0,66.66666666666666
3292,1,107,70,4.0,0.0,59.0,40.0,67.79661016949152
857,3,92,73,8.0,2.0,74.0,48.0,64.86486486486487
2587,1,198,30,5.0,4.0,55.0,27.0,49.09090909090909
3805,1,34,11,12.0,8.0,79.0,45.0,56.9620253164557
4564,2,10,20,7.0,7.0,88.0,47.0,53.40909090909091
2911,1,116,146,8.0,0.0,63.0,37.0,58.730158730158735
4957,1,187,68,1.0,3.0,88.0,56.0,63.63636363636363
1518,1,119,15,6.0,3.0,118.0,64.0,54.23728813559322
1374,1,197,159,11.0,5.0,87.0,51.0,58.620689655172406
851,1,34,11,4.0,2.0,46.0,33.0,71.73913043478261
866,1,103,63,2.0,0.0,9.0,5.0,55.55555555555556
3505,2,177,21,7.0,4.0,120.0,65.0,54.166666666666664
3117,2,35,66,2.0,2.0,52.0,25.0,48.07692307692308
3578,2,88,21,5.0,2.0,96.0,65.0,67.70833333333334
717,1,114,4,28.0,2.0,109.0,73.0,66.97247706422019
1907,1,17,30,4.0,0.0,92.0,68.0,73.91304347826086
1133,2,122,149,4.0,2.0,44.0,26.0,59.09090909090909
1561,3,24,59,3.0,3.0,86.0,47.0,54.65116279069767
2507,1,19,32,8.0,4.0,79.0,45.0,56.9620253164557
1704,1,187,68,7.0,0.0,60.0,37.0,61.66666666666667
3143,1,52,5,14.0,0.0,122.0,82.0,67.21311475409836
4224,1,202,226,7.0,0.0,92.0,68.0,73.91304347826086
244,1,109,30,4.0,4.0,80.0,49.0,61.25000000000001
1360,1,145,29,7.0,0.0,39.0,29.0,74.35897435897436
770,1,188,18,5.0,2.0,53.0,30.0,56.60377358490566
2580,1,8,18,4.0,6.0,59.0,32.0,54.23728813559322
3218,1,147,63,4.0,0.0,45.0,29.0,64.44444444444444
2223,2,134,22,2.0,1.0,93.0,59.0,63.44086021505376
3799,1,9,19,5.0,10.0,126.0,71.0,56.34920634920635
270,1,105,154,1.0,2.0,59.0,42.0,71.1864406779661
1808,1,135,67,1.0,2.0,63.0,38.0,60.317460317460316
2099,1,115,5,10.0,1.0,81.0,51.0,62.96296296296296
3052,3,180,61,8.0,3.0,67.0,44.0,65.67164179104478
4099,1,143,184,3.0,4.0,91.0,55.0,60.43956043956044
128,1,191,181,18.0,4.0,84.0,51.0,60.71428571428571
3856,1,118,2,3.0,2.0,108.0,73.0,67.5925925925926
2304,3,47,75,1.0,3.0,104.0,71.0,68.26923076923077
1088,1,98,67,4.0,4.0,91.0,41.0,45.05494505494506
1603,1,100,18,2.0,2.0,61.0,35.0,57.377049180327866
6294,1,146,30,3.0,3.0,101.0,63.0,62.37623762376238
509,2,90,23,7.0,1.0,142.0,102.0,71.83098591549296
2066,1,109,30,4.0,4.0,80.0,49.0,61.25000000000001
2087,1,136,68,5.0,1.0,76.0,41.0,53.94736842105263
2641,1,44,15,1.0,0.0,56.0,39.0,69.64285714285714
3232,2,124,180,3.0,1.0,41.0,29.0,70.73170731707317
2170,1,142,183,8.0,2.0,100.0,52.0,52.0
2566,1,79,12,1.0,2.0,60.0,35.0,58.333333333333336
664,1,170,16,5.0,0.0,85.0,58.0,68.23529411764706
2584,2,179,23,9.0,4.0,125.0,70.0,56.00000000000001
2026,2,40,77,3.0,2.0,80.0,55.0,68.75
135,2,123,66,0.0,1.0,61.0,30.0,49.18032786885246
3424,3,91,151,0.0,3.0,90.0,56.0,62.22222222222222
1178,3,47,75,0.0,2.0,62.0,40.0,64.51612903225806
1173,2,13,23,3.0,8.0,196.0,127.0,64.79591836734694
5092,2,90,23,3.0,6.0,99.0,54.0,54.54545454545454
3523,2,128,23,6.0,1.0,75.0,58.0,77.33333333333333
85,1,30,30,1.0,1.0,14.0,11.0,78.57142857142857
3951,1,121,64,3.0,3.0,89.0,52.0,58.42696629213483
2953,1,81,65,15.0,5.0,97.0,62.0,63.91752577319587
6111,3,133,59,3.0,2.0,57.0,26.0,45.614035087719294
2946,1,3,5,17.0,0.0,69.0,45.0,65.21739130434783
4532,3,92,57,3.0,2.0,68.0,40.0,58.82352941176471
3800,1,46,32,5.0,2.0,104.0,64.0,61.53846153846154
507,2,123,66,1.0,3.0,80.0,49.0,61.25000000000001
2782,1,163,219,4.0,2.0,63.0,42.0,66.66666666666666
4986,1,99,68,2.0,0.0,53.0,36.0,67.9245283018868
3025,1,143,184,17.0,5.0,119.0,75.0,63.02521008403361
5427,1,2,3,28.0,3.0,95.0,65.0,68.42105263157895
3558,2,7,17,5.0,3.0,84.0,55.0,65.47619047619048
6035,2,23,58,1.0,1.0,45.0,33.0,73.33333333333333
4874,1,75,145,9.0,4.0,110.0,64.0,58.18181818181818
2823,1,119,15,2.0,4.0,90.0,42.0,46.666666666666664
1220,2,10,20,4.0,5.0,98.0,50.0,51.02040816326531
2576,1,9,19,11.0,2.0,86.0,56.0,65.11627906976744
889,1,145,29,14.0,4.0,91.0,54.0,59.34065934065934
1124,1,41,70,7.0,3.0,91.0,55.0,60.43956043956044
1078,1,78,11,5.0,3.0,41.0,25.0,60.97560975609756
4043,2,58,91,8.0,1.0,55.0,29.0,52.72727272727272
21,1,171,65,4.0,5.0,58.0,40.0,68.96551724137932
5485,2,128,23,8.0,5.0,121.0,74.0,61.15702479338842
3279,1,104,153,20.0,3.0,102.0,55.0,53.92156862745098
6338,1,167,13,1.0,4.0,76.0,42.0,55.26315789473685
1577,1,6,12,6.0,8.0,99.0,65.0,65.65656565656566
4735,1,119,15,4.0,5.0,112.0,67.0,59.82142857142857
2586,1,3,5,1.0,4.0,89.0,50.0,56.17977528089888
1948,1,16,29,4.0,4.0,75.0,49.0,65.33333333333333
2831,1,53,80,11.0,15.0,71.0,33.0,46.478873239436616
2642,1,139,19,18.0,3.0,131.0,81.0,61.832061068702295
5290,2,49,23,10.0,5.0,84.0,55.0,65.47619047619048
1210,1,54,94,13.0,4.0,79.0,43.0,54.43037974683544
4734,1,28,74,5.0,2.0,51.0,35.0,68.62745098039215
3437,2,84,66,2.0,6.0,89.0,47.0,52.80898876404494
3541,1,101,80,9.0,1.0,99.0,72.0,72.72727272727273
292,1,115,5,20.0,1.0,170.0,105.0,61.76470588235294
1802,1,8,18,5.0,2.0,75.0,44.0,58.666666666666664
4812,1,114,4,1.0,0.0,53.0,32.0,60.37735849056604
1832,1,39,18,17.0,3.0,91.0,67.0,73.62637362637363
6319,1,168,11,14.0,2.0,79.0,46.0,58.22784810126582
264,1,2,4,4.0,3.0,74.0,47.0,63.51351351351351
1311,2,170,17,1.0,2.0,42.0,22.0,52.38095238095239
630,1,120,65,1.0,5.0,46.0,26.0,56.52173913043478
993,1,53,80,4.0,0.0,30.0,18.0,60.0
6051,2,127,83,5.0,4.0,140.0,98.0,70.0
2591,1,1,1,8.0,2.0,48.0,31.0,64.58333333333334
3963,1,170,16,1.0,2.0,73.0,49.0,67.12328767123287
1638,2,25,20,2.0,0.0,35.0,27.0,77.14285714285715
2729,1,105,155,11.0,1.0,59.0,37.0,62.71186440677966
2715,1,16,29,11.0,2.0,63.0,39.0,61.904761904761905
1094,3,183,78,6.0,2.0,113.0,64.0,56.63716814159292
5035,1,1,1,1.0,1.0,68.0,41.0,60.29411764705882
3469,2,124,69,2.0,5.0,58.0,35.0,60.3448275862069
1453,1,196,70,10.0,2.0,74.0,40.0,54.054054054054056
3996,2,179,23,0.0,3.0,68.0,43.0,63.23529411764706
3654,2,168,9,1.0,1.0,43.0,29.0,67.44186046511628
1099,1,103,94,4.0,2.0,106.0,74.0,69.81132075471697
2867,1,106,156,3.0,2.0,71.0,41.0,57.74647887323944
4986,3,182,75,9.0,2.0,77.0,48.0,62.33766233766234
717,1,119,15,9.0,3.0,79.0,50.0,63.29113924050633
3894,3,130,57,10.0,2.0,82.0,61.0,74.39024390243902
982,2,85,69,3.0,0.0,57.0,42.0,73.68421052631578
664,1,167,13,5.0,1.0,68.0,35.0,51.470588235294116
159,1,196,55,12.0,0.0,82.0,56.0,68.29268292682927
3382,1,113,178,11.0,0.0,62.0,32.0,51.61290322580645
3892,1,108,29,4.0,1.0,48.0,22.0,45.83333333333333
1087,2,77,6,6.0,1.0,58.0,34.0,58.620689655172406
5617,1,135,82,6.0,4.0,59.0,34.0,57.6271186440678
5593,2,177,21,5.0,2.0,73.0,46.0,63.013698630136986
134,2,85,69,0.0,5.0,58.0,28.0,48.275862068965516
5348,2,13,23,10.0,1.0,107.0,63.0,58.87850467289719
4406,1,16,28,4.0,1.0,66.0,43.0,65.15151515151516
525,1,143,184,6.0,2.0,54.0,34.0,62.96296296296296
3074,2,174,66,2.0,1.0,43.0,21.0,48.837209302325576
2067,1,32,64,2.0,0.0,57.0,39.0,68.42105263157895
1490,2,79,147,0.0,0.0,43.0,25.0,58.139534883720934
1208,1,168,11,10.0,2.0,48.0,31.0,64.58333333333334
1142,2,173,149,3.0,5.0,102.0,62.0,60.78431372549019
3894,1,109,30,6.0,7.0,109.0,69.0,63.30275229357798
1868,2,90,23,3.0,1.0,86.0,46.0,53.48837209302325
951,1,2,4,3.0,0.0,90.0,65.0,72.22222222222221
2904,3,94,78,7.0,3.0,140.0,72.0,51.42857142857142
1250,1,76,5,10.0,6.0,149.0,94.0,63.08724832214765
4156,1,100,18,12.0,7.0,109.0,63.0,57.798165137614674
26,1,99,68,10.0,3.0,96.0,55.0,57.291666666666664
4149,1,78,11,13.0,4.0,70.0,42.0,60.0
466,2,40,69,6.0,7.0,70.0,45.0,64.28571428571429
813,1,37,67,5.0,2.0,76.0,52.0,68.42105263157895
1097,1,99,68,3.0,3.0,59.0,36.0,61.016949152542374
1312,2,175,220,0.0,0.0,45.0,30.0,66.66666666666666
2304,1,102,19,6.0,6.0,79.0,35.0,44.303797468354425
2562,2,79,147,0.0,3.0,76.0,52.0,68.42105263157895
112,2,23,72,0.0,0.0,48.0,31.0,64.58333333333334
441,3,182,75,3.0,1.0,48.0,27.0,56.25
3166,1,141,154,0.0,0.0,75.0,63.0,84.0
3861,1,137,18,0.0,4.0,58.0,34.0,58.620689655172406
5885,3,130,73,5.0,0.0,64.0,35.0,54.6875
898,1,167,146,5.0,1.0,53.0,32.0,60.37735849056604
2589,1,30,30,11.0,2.0,96.0,53.0,55.208333333333336
5485,1,102,19,13.0,3.0,121.0,80.0,66.11570247933885
1036,1,146,30,14.0,4.0,89.0,62.0,69.66292134831461
4190,1,163,219,14.0,4.0,131.0,76.0,58.01526717557252
4812,1,57,87,4.0,1.0,39.0,23.0,58.97435897435898
2899,1,193,155,3.0,2.0,64.0,48.0,75.0
1245,1,8,18,4.0,6.0,59.0,32.0,54.23728813559322
981,2,85,150,3.0,0.0,61.0,44.0,72.1311475409836
1557,1,190,19,12.0,9.0,153.0,100.0,65.359477124183
504,2,34,9,4.0,4.0,64.0,37.0,57.8125
4365,1,52,5,3.0,8.0,114.0,74.0,64.91228070175438
1818,1,102,19,6.0,5.0,136.0,71.0,52.20588235294118
3167,3,129,61,4.0,6.0,74.0,43.0,58.108108108108105
1867,2,31,6,1.0,3.0,70.0,49.0,70.0
583,1,140,181,5.0,0.0,43.0,24.0,55.81395348837209
362,3,50,78,8.0,7.0,121.0,74.0,61.15702479338842
2204,1,82,64,5.0,2.0,50.0,29.0,57.99999999999999
51,2,23,72,2.0,2.0,92.0,64.0,69.56521739130434
898,1,168,12,11.0,2.0,81.0,45.0,55.55555555555556
1023,2,49,23,1.0,3.0,75.0,53.0,70.66666666666667
889,1,68,117,7.0,0.0,50.0,35.0,70.0
3071,1,79,12,1.0,1.0,82.0,59.0,71.95121951219512
4420,1,136,68,7.0,4.0,69.0,39.0,56.52173913043478
2745,1,120,65,12.0,1.0,102.0,58.0,56.86274509803921
4770,1,77,8,3.0,2.0,57.0,36.0,63.1578947368421
762,2,176,76,7.0,5.0,91.0,61.0,67.03296703296702
2179,1,3,5,4.0,1.0,189.0,123.0,65.07936507936508
1095,1,16,29,3.0,3.0,51.0,28.0,54.90196078431373
402,2,86,56,1.0,2.0,124.0,85.0,68.54838709677419
1744,1,121,64,1.0,4.0,57.0,40.0,70.17543859649122
1920,3,24,59,9.0,5.0,97.0,50.0,51.546391752577314
1048,1,78,146,17.0,7.0,101.0,49.0,48.51485148514851
1291,1,102,19,9.0,7.0,125.0,74.0,59.199999999999996
590,2,88,21,5.0,3.0,126.0,71.0,56.34920634920635
600,2,21,56,3.0,2.0,61.0,36.0,59.01639344262295
1346,2,119,17,7.0,5.0,113.0,70.0,61.94690265486725
3752,1,6,13,17.0,2.0,87.0,59.0,67.81609195402298
808,2,95,60,2.0,2.0,56.0,35.0,62.5
3147,3,130,57,0.0,4.0,43.0,16.0,37.2093023255814
5042,1,77,7,3.0,1.0,65.0,37.0,56.92307692307692
3962,2,128,23,14.0,4.0,192.0,108.0,56.25
5395,3,94,78,5.0,2.0,76.0,45.0,59.210526315789465
3699,1,163,178,3.0,2.0,80.0,49.0,61.25000000000001
2217,2,123,66,1.0,1.0,90.0,40.0,44.44444444444444
5013,1,80,16,12.0,2.0,70.0,44.0,62.857142857142854
2259,2,184,60,2.0,1.0,51.0,32.0,62.745098039215684
1002,1,108,29,8.0,1.0,49.0,27.0,55.10204081632652
1461,2,80,17,5.0,1.0,65.0,49.0,75.38461538461539
2131,1,75,145,4.0,0.0,54.0,39.0,72.22222222222221
1075,2,78,9,2.0,2.0,77.0,48.0,62.33766233766234
2871,1,33,65,5.0,0.0,56.0,34.0,60.71428571428571
263,2,128,23,3.0,2.0,87.0,57.0,65.51724137931035
4676,1,101,80,7.0,2.0,87.0,58.0,66.66666666666666
3313,1,80,16,27.0,1.0,103.0,72.0,69.90291262135922
1849,1,115,5,10.0,6.0,138.0,84.0,60.86956521739131
3140,1,100,18,7.0,4.0,66.0,38.0,57.57575757575758
3115,1,140,182,0.0,0.0,62.0,44.0,70.96774193548387
1001,2,25,20,3.0,3.0,70.0,41.0,58.57142857142858
3118,1,203,242,5.0,1.0,57.0,35.0,61.40350877192983
2737,1,172,64,5.0,1.0,92.0,62.0,67.3913043478261
1506,3,132,78,33.0,4.0,146.0,106.0,72.6027397260274
5685,1,4,7,4.0,2.0,69.0,40.0,57.971014492753625
5153,1,113,142,2.0,3.0,61.0,36.0,59.01639344262295
3818,2,184,22,3.0,1.0,48.0,27.0,56.25
1257,1,114,4,3.0,4.0,115.0,69.0,60.0
3266,1,199,77,2.0,1.0,62.0,42.0,67.74193548387096
3305,2,177,21,1.0,0.0,49.0,35.0,71.42857142857143
3798,1,78,146,8.0,1.0,108.0,67.0,62.03703703703704
144,1,56,86,5.0,3.0,72.0,46.0,63.888888888888886
619,1,76,5,7.0,3.0,107.0,72.0,67.28971962616822
3411,2,86,81,3.0,2.0,67.0,45.0,67.16417910447761
1559,3,92,73,5.0,2.0,118.0,80.0,67.79661016949152
2948,2,13,23,1.0,2.0,102.0,65.0,63.725490196078425
6373,2,173,81,8.0,6.0,108.0,59.0,54.629629629629626
5184,2,27,83,3.0,3.0,63.0,32.0,50.79365079365079
2703,2,85,150,5.0,3.0,148.0,99.0,66.8918918918919
541,1,119,15,7.0,4.0,103.0,66.0,64.07766990291263
1929,1,31,89,6.0,4.0,65.0,43.0,66.15384615384615
1666,1,190,19,0.0,5.0,93.0,57.0,61.29032258064516
1507,1,80,15,2.0,3.0,70.0,43.0,61.42857142857143
821,1,53,80,6.0,2.0,40.0,20.0,50.0
3660,2,175,220,11.0,2.0,104.0,65.0,62.5
2163,3,184,59,0.0,1.0,51.0,30.0,58.82352941176471
1613,2,184,22,8.0,1.0,119.0,69.0,57.98319327731093
5197,2,169,179,3.0,2.0,83.0,57.0,68.67469879518072
1739,2,124,69,2.0,2.0,55.0,35.0,63.63636363636363
1848,1,171,65,4.0,3.0,63.0,37.0,58.730158730158735
1607,2,175,69,1.0,1.0,54.0,36.0,66.66666666666666
4926,2,84,66,4.0,2.0,57.0,32.0,56.14035087719298
1819,1,137,18,2.0,6.0,84.0,45.0,53.57142857142857
56,1,38,68,4.0,5.0,86.0,47.0,54.65116279069767
646,1,80,16,3.0,2.0,50.0,34.0,68.0
6382,3,181,57,6.0,6.0,71.0,48.0,67.6056338028169
6164,3,130,57,2.0,2.0,93.0,58.0,62.365591397849464
2099,3,130,73,12.0,1.0,71.0,41.0,57.74647887323944
1325,1,172,64,1.0,4.0,76.0,43.0,56.57894736842105
275,3,132,78,14.0,3.0,143.0,78.0,54.54545454545454
3964,2,179,23,3.0,7.0,122.0,109.0,89.34426229508196
1730,2,24,22,1.0,2.0,76.0,54.0,71.05263157894737
3205,2,23,58,5.0,0.0,61.0,38.0,62.295081967213115
1748,1,78,11,2.0,1.0,87.0,56.0,64.36781609195403
5665,3,94,78,4.0,3.0,87.0,52.0,59.77011494252874
3156,1,143,184,5.0,1.0,68.0,51.0,75.0
3605,2,31,6,1.0,2.0,44.0,33.0,75.0
3966,2,175,56,18.0,0.0,96.0,75.0,78.125
4701,2,87,76,7.0,4.0,105.0,73.0,69.52380952380952
5792,2,184,22,3.0,4.0,109.0,60.0,55.04587155963303
3801,1,82,64,17.0,0.0,63.0,50.0,79.36507936507937
2714,2,179,23,19.0,4.0,82.0,56.0,68.29268292682927
4332,2,23,72,1.0,2.0,58.0,33.0,56.896551724137936
2077,1,166,7,8.0,4.0,107.0,63.0,58.87850467289719
6183,1,172,64,3.0,2.0,42.0,27.0,64.28571428571429
4034,1,98,67,0.0,2.0,94.0,58.0,61.702127659574465
568,2,126,21,2.0,2.0,56.0,31.0,55.35714285714286
3100,3,130,73,7.0,0.0,55.0,34.0,61.81818181818181
5382,1,144,55,4.0,1.0,71.0,47.0,66.19718309859155
28,1,81,65,13.0,6.0,115.0,55.0,47.82608695652174
5410,1,196,55,5.0,2.0,65.0,40.0,61.53846153846154
5044,2,122,81,2.0,0.0,51.0,32.0,62.745098039215684
3201,1,108,29,5.0,3.0,103.0,62.0,60.19417475728155
1415,1,108,159,7.0,0.0,69.0,37.0,53.62318840579711
679,2,35,66,10.0,10.0,108.0,55.0,50.92592592592593
345,2,36,21,1.0,2.0,61.0,40.0,65.57377049180327
3849,1,165,5,13.0,2.0,128.0,81.0,63.28125
525,1,101,80,6.0,1.0,55.0,30.0,54.54545454545454
6276,1,215,257,2.0,4.0,76.0,47.0,61.8421052631579
3206,1,197,159,16.0,11.0,86.0,42.0,48.837209302325576
5490,2,97,20,6.0,1.0,56.0,35.0,62.5
3084,2,128,23,7.0,7.0,103.0,53.0,51.45631067961165
1543,1,113,178,7.0,2.0,59.0,42.0,71.1864406779661
3031,3,93,75,11.0,3.0,87.0,63.0,72.41379310344827
5183,2,48,76,6.0,3.0,60.0,36.0,60.0
1168,1,117,12,1.0,2.0,75.0,43.0,57.333333333333336
2142,1,103,63,12.0,2.0,54.0,39.0,72.22222222222221
4418,2,169,179,7.0,1.0,81.0,50.0,61.72839506172839
2787,1,188,18,5.0,0.0,44.0,27.0,61.36363636363637
4562,2,83,148,2.0,2.0,105.0,63.0,60.0
826,2,49,23,9.0,0.0,116.0,65.0,56.03448275862068
2108,1,74,143,5.0,1.0,54.0,29.0,53.70370370370371
3002,1,168,11,4.0,2.0,50.0,38.0,76.0
4672,1,34,11,5.0,0.0,43.0,27.0,62.7906976744186
3259,3,47,85,9.0,2.0,58.0,30.0,51.724137931034484
2270,2,168,9,3.0,2.0,106.0,74.0,69.81132075471697
426,1,4,7,5.0,3.0,42.0,31.0,73.80952380952381
2143,1,102,19,5.0,13.0,166.0,102.0,61.44578313253012
1829,1,79,12,1.0,2.0,60.0,35.0,58.333333333333336
2479,1,74,1,1.0,1.0,13.0,4.0,30.76923076923077
2831,3,95,59,15.0,2.0,42.0,26.0,61.904761904761905
3793,1,146,30,15.0,5.0,96.0,61.0,63.541666666666664
5434,3,24,59,7.0,4.0,83.0,55.0,66.26506024096386
1943,1,108,29,9.0,1.0,43.0,26.0,60.46511627906976
1488,1,114,144,6.0,3.0,65.0,40.0,61.53846153846154
2192,1,143,184,13.0,1.0,64.0,44.0,68.75
831,2,49,23,4.0,2.0,73.0,49.0,67.12328767123287
3140,1,113,142,5.0,2.0,70.0,45.0,64.28571428571429
1574,1,14,24,4.0,3.0,47.0,28.0,59.57446808510638
3873,1,1,1,9.0,3.0,79.0,54.0,68.35443037974683
2110,1,114,144,2.0,2.0,56.0,34.0,60.71428571428571
756,1,108,29,10.0,1.0,81.0,51.0,62.96296296296296
1891,1,3,5,26.0,4.0,112.0,68.0,60.71428571428571
5135,1,18,31,1.0,2.0,60.0,37.0,61.66666666666667
3571,2,124,69,2.0,3.0,87.0,50.0,57.47126436781609
3382,1,102,19,13.0,5.0,122.0,68.0,55.73770491803278
4582,3,47,75,4.0,5.0,81.0,46.0,56.79012345679012
1034,1,139,19,3.0,3.0,97.0,55.0,56.70103092783505
3458,3,50,78,8.0,5.0,122.0,77.0,63.114754098360656
1317,1,80,15,3.0,1.0,47.0,30.0,63.829787234042556
1745,1,190,19,4.0,1.0,97.0,51.0,52.57731958762887
5021,1,190,19,17.0,9.0,132.0,81.0,61.36363636363637
633,2,11,21,4.0,3.0,58.0,29.0,50.0
1661,2,40,77,10.0,2.0,77.0,52.0,67.53246753246754
2855,3,131,85,6.0,1.0,48.0,35.0,72.91666666666666
2200,1,43,13,6.0,1.0,130.0,88.0,67.6923076923077
28,3,92,57,18.0,6.0,87.0,51.0,58.620689655172406
4216,1,76,5,23.0,5.0,182.0,126.0,69.23076923076923
1576,2,126,21,18.0,2.0,110.0,68.0,61.81818181818181
2720,2,168,9,2.0,0.0,51.0,44.0,86.27450980392157
1886,1,30,30,7.0,3.0,76.0,56.0,73.68421052631578
2480,2,24,60,12.0,4.0,81.0,49.0,60.49382716049383
2185,1,139,19,8.0,5.0,81.0,48.0,59.25925925925925
1811,1,100,18,3.0,10.0,82.0,48.0,58.536585365853654
3213,1,101,80,1.0,0.0,28.0,15.0,53.57142857142857
3709,1,52,5,1.0,3.0,74.0,43.0,58.108108108108105
4048,1,78,11,10.0,7.0,103.0,63.0,61.165048543689316
817,1,31,7,7.0,4.0,90.0,56.0,62.22222222222222
5495,1,74,142,3.0,2.0,76.0,46.0,60.526315789473685
2219,1,141,154,6.0,3.0,53.0,32.0,60.37735849056604
716,2,24,22,3.0,5.0,79.0,43.0,54.43037974683544
3206,2,174,66,2.0,8.0,52.0,25.0,48.07692307692308
275,3,50,78,4.0,1.0,117.0,79.0,67.52136752136752
5758,2,85,69,2.0,3.0,54.0,36.0,66.66666666666666
1843,1,190,19,2.0,5.0,84.0,33.0,39.285714285714285
4345,2,34,9,1.0,2.0,76.0,64.0,84.21052631578947
2773,2,87,76,6.0,3.0,108.0,55.0,50.92592592592593
887,1,51,19,27.0,5.0,159.0,95.0,59.74842767295597
5694,1,144,155,17.0,1.0,116.0,67.0,57.758620689655174
5291,1,28,29,1.0,1.0,74.0,53.0,71.62162162162163
3320,2,21,81,6.0,0.0,110.0,73.0,66.36363636363637
1518,1,32,64,6.0,3.0,44.0,29.0,65.9090909090909
3864,3,132,78,8.0,5.0,128.0,81.0,63.28125
1151,3,132,78,20.0,3.0,111.0,76.0,68.46846846846847
4029,1,194,183,5.0,4.0,71.0,37.0,52.112676056338024
41,1,2,3,10.0,6.0,126.0,75.0,59.523809523809526
360,3,183,78,19.0,3.0,153.0,115.0,75.16339869281046
754,2,134,22,3.0,0.0,44.0,36.0,81.81818181818183
61,1,138,80,6.0,4.0,64.0,38.0,59.375
2342,1,113,178,4.0,1.0,56.0,30.0,53.57142857142857
698,1,172,64,3.0,1.0,58.0,42.0,72.41379310344827
6029,1,185,79,21.0,1.0,98.0,64.0,65.3061224489796
1515,1,121,64,2.0,1.0,53.0,32.0,60.37735849056604
2666,1,196,224,1.0,6.0,47.0,26.0,55.319148936170215
40,1,18,31,4.0,0.0,44.0,24.0,54.54545454545454
4873,1,1,1,4.0,1.0,44.0,27.0,61.36363636363637
710,1,77,7,8.0,0.0,42.0,25.0,59.523809523809526
3295,1,98,82,4.0,1.0,63.0,31.0,49.2063492063492
2550,1,1,1,10.0,1.0,74.0,55.0,74.32432432432432
3035,1,52,5,19.0,6.0,75.0,51.0,68.0
4105,1,109,30,3.0,1.0,60.0,38.0,63.33333333333333
4401,1,74,143,9.0,3.0,73.0,46.0,63.013698630136986
3693,1,56,86,13.0,4.0,79.0,59.0,74.68354430379746
2096,1,32,64,15.0,1.0,82.0,57.0,69.51219512195121
1801,1,108,29,8.0,0.0,54.0,39.0,72.22222222222221
2095,1,6,13,0.0,0.0,53.0,30.0,56.60377358490566
2406,2,49,23,4.0,7.0,83.0,48.0,57.831325301204814
2961,1,33,65,1.0,0.0,59.0,40.0,67.79661016949152
1139,1,97,79,3.0,2.0,65.0,29.0,44.61538461538462
409,3,47,75,2.0,3.0,56.0,35.0,62.5
2146,1,9,19,9.0,2.0,87.0,58.0,66.66666666666666
2404,1,54,31,2.0,0.0,47.0,29.0,61.702127659574465
4892,1,169,82,5.0,5.0,65.0,34.0,52.307692307692314
581,1,78,146,5.0,0.0,41.0,23.0,56.09756097560976
2678,2,177,21,4.0,5.0,101.0,59.0,58.415841584158414
3428,1,62,112,2.0,4.0,74.0,41.0,55.4054054054054
3031,2,128,23,10.0,1.0,83.0,49.0,59.036144578313255
2916,1,115,5,15.0,0.0,178.0,109.0,61.23595505617978
2862,3,133,59,4.0,10.0,113.0,70.0,61.94690265486725
5305,2,13,23,13.0,4.0,201.0,139.0,69.15422885572139
312,1,32,64,3.0,2.0,101.0,67.0,66.33663366336634
2825,2,88,21,1.0,2.0,79.0,48.0,60.75949367088608
4613,2,97,72,1.0,4.0,68.0,36.0,52.94117647058824
1001,2,96,58,4.0,1.0,57.0,28.0,49.122807017543856
354,1,17,30,12.0,2.0,80.0,53.0,66.25
2107,1,37,67,7.0,1.0,63.0,36.0,57.14285714285714
94,1,139,19,11.0,1.0,88.0,54.0,61.36363636363637
5415,1,2,4,4.0,3.0,56.0,38.0,67.85714285714286
1093,3,91,61,10.0,1.0,59.0,35.0,59.32203389830508
5842,1,154,188,3.0,3.0,61.0,33.0,54.09836065573771
2849,3,131,75,3.0,2.0,49.0,33.0,67.3469387755102
3993,2,134,22,2.0,2.0,52.0,39.0,75.0
2845,2,85,69,0.0,0.0,50.0,21.0,42.0
1432,1,190,19,10.0,1.0,98.0,48.0,48.97959183673469
1037,1,136,68,1.0,5.0,87.0,45.0,51.724137931034484
227,1,142,183,2.0,2.0,70.0,46.0,65.71428571428571
2714,1,140,181,8.0,2.0,80.0,50.0,62.5
2848,3,94,78,19.0,4.0,169.0,112.0,66.27218934911244
5332,2,133,58,11.0,2.0,78.0,50.0,64.1025641025641
10,1,75,144,11.0,6.0,70.0,34.0,48.57142857142857
5467,3,129,151,9.0,2.0,64.0,38.0,59.375
712,1,82,64,5.0,2.0,50.0,31.0,62.0
3294,2,88,21,5.0,2.0,96.0,65.0,67.70833333333334
888,3,50,78,13.0,2.0,69.0,50.0,72.46376811594203
6426,1,105,154,9.0,2.0,64.0,37.0,57.8125
4064,3,183,78,11.0,3.0,148.0,100.0,67.56756756756756
327,1,6,13,13.0,4.0,124.0,92.0,74.19354838709677
6032,1,18,31,1.0,3.0,90.0,56.0,62.22222222222222
244,1,56,88,3.0,1.0,37.0,21.0,56.75675675675676
4098,1,43,2,6.0,0.0,82.0,57.0,69.51219512195121
2562,1,41,84,7.0,0.0,37.0,25.0,67.56756756756756
5812,2,116,6,6.0,2.0,64.0,41.0,64.0625
1345,1,171,65,0.0,0.0,46.0,35.0,76.08695652173914
1850,1,52,5,15.0,5.0,159.0,105.0,66.0377358490566
6415,1,187,68,2.0,1.0,56.0,34.0,60.71428571428571
4726,1,135,67,1.0,2.0,46.0,31.0,67.3913043478261
3685,2,80,17,6.0,2.0,41.0,29.0,70.73170731707317
2596,1,6,13,6.0,0.0,42.0,24.0,57.14285714285714
3499,1,108,159,8.0,2.0,65.0,45.0,69.23076923076923
3460,1,103,94,5.0,1.0,100.0,59.0,59.0
163,3,93,75,3.0,2.0,58.0,37.0,63.793103448275865
1454,1,31,7,1.0,3.0,39.0,25.0,64.1025641025641
1570,2,118,179,1.0,1.0,58.0,37.0,63.793103448275865
534,1,80,15,4.0,3.0,77.0,37.0,48.05194805194805
2887,1,136,68,15.0,2.0,51.0,29.0,56.86274509803921
3052,1,25,79,14.0,1.0,85.0,51.0,60.0
1174,1,119,16,6.0,3.0,62.0,37.0,59.67741935483871
697,1,44,15,9.0,8.0,108.0,61.0,56.481481481481474
2285,3,180,61,8.0,3.0,77.0,46.0,59.74025974025974
530,2,169,179,4.0,0.0,70.0,49.0,70.0
602,2,87,76,6.0,1.0,103.0,58.0,56.310679611650485
242,1,1,1,1.0,1.0,68.0,41.0,60.29411764705882
3640,1,166,7,0.0,4.0,68.0,51.0,75.0
3726,1,54,94,3.0,2.0,49.0,31.0,63.26530612244898
3513,3,182,85,6.0,1.0,59.0,36.0,61.016949152542374
2836,1,108,29,21.0,1.0,113.0,70.0,61.94690265486725
3199,2,48,76,0.0,1.0,45.0,25.0,55.55555555555556
3559,1,140,182,9.0,1.0,84.0,49.0,58.333333333333336
345,2,135,20,2.0,0.0,43.0,24.0,55.81395348837209
107,1,114,4,0.0,1.0,22.0,17.0,77.27272727272727
7,1,41,70,3.0,2.0,70.0,46.0,65.71428571428571
2512,1,82,64,1.0,1.0,51.0,26.0,50.98039215686274
6176,1,3,5,22.0,4.0,116.0,80.0,68.96551724137932
1251,1,148,32,15.0,3.0,109.0,70.0,64.22018348623854
2360,3,132,78,2.0,3.0,184.0,118.0,64.13043478260869
2306,1,215,276,2.0,0.0,34.0,22.0,64.70588235294117
894,1,9,19,2.0,6.0,109.0,78.0,71.55963302752293
2957,1,144,70,14.0,0.0,70.0,46.0,65.71428571428571
2427,2,126,21,3.0,1.0,71.0,45.0,63.38028169014085
2992,3,94,78,7.0,2.0,81.0,55.0,67.90123456790124
5871,1,197,159,12.0,3.0,57.0,42.0,73.68421052631578
5596,1,164,4,10.0,1.0,90.0,53.0,58.88888888888889
3053,1,78,11,7.0,0.0,77.0,51.0,66.23376623376623
2694,1,101,80,3.0,7.0,61.0,36.0,59.01639344262295
5327,3,92,57,18.0,3.0,85.0,65.0,76.47058823529412
4030,1,28,29,3.0,1.0,57.0,39.0,68.42105263157895
6209,1,105,155,2.0,0.0,52.0,32.0,61.53846153846154
4344,1,7,16,2.0,3.0,46.0,21.0,45.65217391304348
4127,1,196,55,5.0,0.0,68.0,50.0,73.52941176470588
3595,3,47,85,8.0,2.0,60.0,36.0,60.0
3967,2,122,81,2.0,3.0,59.0,40.0,67.79661016949152
1941,2,90,23,22.0,7.0,143.0,80.0,55.94405594405595
3611,1,107,55,7.0,3.0,77.0,41.0,53.246753246753244
689,2,90,23,5.0,3.0,80.0,47.0,58.75
6146,1,1,1,1.0,3.0,90.0,48.0,53.333333333333336
2212,1,74,143,9.0,2.0,45.0,33.0,73.33333333333333
788,1,2,4,2.0,3.0,73.0,47.0,64.38356164383562
5102,2,173,148,9.0,0.0,70.0,41.0,58.57142857142858
3602,1,163,218,22.0,4.0,91.0,66.0,72.52747252747253
775,1,45,12,2.0,4.0,83.0,55.0,66.26506024096386
2936,2,186,221,3.0,0.0,54.0,37.0,68.51851851851852
2012,1,110,84,4.0,1.0,57.0,46.0,80.7017543859649
2656,1,198,30,6.0,2.0,53.0,35.0,66.0377358490566
1744,2,49,23,3.0,2.0,71.0,41.0,57.74647887323944
3753,1,3,5,4.0,3.0,89.0,58.0,65.1685393258427
3534,1,74,142,3.0,2.0,92.0,56.0,60.86956521739131
3186,2,85,150,4.0,0.0,63.0,37.0,58.730158730158735
31,1,16,29,5.0,6.0,61.0,34.0,55.73770491803278
3422,1,143,184,6.0,0.0,77.0,49.0,63.63636363636363
3364,2,185,20,5.0,2.0,68.0,34.0,50.0
2811,1,8,18,9.0,4.0,95.0,62.0,65.26315789473685
3191,1,53,80,3.0,1.0,58.0,37.0,63.793103448275865
2063,1,1,1,0.0,2.0,69.0,51.0,73.91304347826086
493,1,52,5,4.0,3.0,84.0,43.0,51.19047619047619
2457,1,31,7,3.0,1.0,70.0,44.0,62.857142857142854
2667,1,104,31,1.0,2.0,132.0,92.0,69.6969696969697
1501,1,137,18,2.0,0.0,91.0,60.0,65.93406593406593
3482,1,135,67,5.0,6.0,92.0,56.0,60.86956521739131
6347,1,148,32,1.0,1.0,15.0,10.0,66.66666666666666
2758,2,175,69,8.0,1.0,66.0,42.0,63.63636363636363
3437,1,32,64,4.0,6.0,81.0,54.0,66.66666666666666
455,1,74,142,3.0,3.0,53.0,37.0,69.81132075471697
694,2,49,23,11.0,2.0,168.0,118.0,70.23809523809523
4448,1,171,65,2.0,1.0,50.0,28.0,56.00000000000001
3215,2,83,149,1.0,4.0,65.0,45.0,69.23076923076923
998,1,105,155,3.0,1.0,42.0,25.0,59.523809523809526
1777,2,86,56,10.0,0.0,68.0,45.0,66.17647058823529
6416,3,132,78,4.0,4.0,119.0,69.0,57.98319327731093
769,2,123,66,15.0,8.0,115.0,60.0,52.17391304347826
1808,1,144,70,5.0,3.0,66.0,34.0,51.515151515151516
643,1,81,65,1.0,3.0,98.0,62.0,63.26530612244898
1885,1,51,19,18.0,10.0,107.0,55.0,51.4018691588785
416,2,176,76,8.0,1.0,43.0,33.0,76.74418604651163
5999,1,171,65,1.0,2.0,68.0,46.0,67.64705882352942
4019,1,147,31,1.0,5.0,70.0,36.0,51.42857142857142
1027,1,6,12,4.0,2.0,46.0,31.0,67.3913043478261
3733,1,139,19,19.0,5.0,147.0,94.0,63.94557823129252
3971,3,50,78,16.0,3.0,156.0,93.0,59.61538461538461
5818,1,144,55,6.0,2.0,56.0,37.0,66.07142857142857
2181,1,117,11,3.0,1.0,53.0,29.0,54.71698113207547
5433,3,22,57,2.0,2.0,44.0,22.0,50.0
4610,1,171,65,9.0,3.0,100.0,56.0,56.00000000000001
2413,1,106,157,7.0,1.0,84.0,49.0,58.333333333333336
4407,1,55,1,2.0,3.0,42.0,18.0,42.857142857142854
1734,1,5,11,1.0,5.0,55.0,32.0,58.18181818181818
6177,1,169,2,6.0,3.0,76.0,43.0,56.57894736842105
1936,1,113,178,4.0,2.0,72.0,43.0,59.72222222222222
2760,1,193,155,15.0,6.0,86.0,53.0,61.627906976744185
1847,3,50,78,14.0,9.0,144.0,83.0,57.638888888888886
1883,1,107,158,3.0,3.0,71.0,44.0,61.97183098591549
3243,2,184,22,10.0,4.0,110.0,66.0,60.0
4211,1,167,13,1.0,4.0,76.0,42.0,55.26315789473685
2219,2,36,21,6.0,6.0,90.0,53.0,58.88888888888889
6131,2,10,20,7.0,7.0,88.0,47.0,53.40909090909091
698,1,31,89,11.0,1.0,52.0,35.0,67.3076923076923
4996,1,37,67,3.0,3.0,69.0,39.0,56.52173913043478
3766,1,30,30,1.0,4.0,114.0,67.0,58.77192982456141
2843,1,39,18,7.0,3.0,89.0,55.0,61.79775280898876
3742,1,137,18,4.0,3.0,108.0,75.0,69.44444444444444
1186,2,128,23,5.0,3.0,155.0,122.0,78.70967741935485
5416,2,176,76,7.0,1.0,65.0,46.0,70.76923076923077
5403,1,109,30,4.0,1.0,57.0,40.0,70.17543859649122
596,1,165,5,5.0,6.0,146.0,80.0,54.794520547945204
5020,3,47,85,3.0,5.0,57.0,36.0,63.1578947368421
4097,1,144,70,4.0,1.0,70.0,46.0,65.71428571428571
1806,1,1,1,4.0,1.0,100.0,72.0,72.0
1103,2,90,23,11.0,6.0,135.0,77.0,57.03703703703704
680,1,170,16,10.0,1.0,38.0,25.0,65.78947368421053
2589,1,198,30,9.0,3.0,96.0,47.0,48.95833333333333
3996,2,126,21,2.0,0.0,64.0,40.0,62.5
428,2,48,76,7.0,6.0,67.0,40.0,59.70149253731343
3800,1,42,55,2.0,1.0,53.0,25.0,47.16981132075472
2100,3,180,151,7.0,3.0,75.0,44.0,58.666666666666664
2525,1,113,8,1.0,3.0,44.0,26.0,59.09090909090909
1488,1,97,79,9.0,1.0,82.0,62.0,75.60975609756098
4026,1,144,55,4.0,2.0,68.0,40.0,58.82352941176471
1644,2,134,72,0.0,2.0,46.0,23.0,50.0
1740,1,71,131,6.0,4.0,75.0,47.0,62.66666666666667
6400,2,169,179,3.0,1.0,69.0,50.0,72.46376811594203
2199,1,109,30,5.0,1.0,47.0,37.0,78.72340425531915
1535,2,79,147,5.0,0.0,64.0,52.0,81.25
4695,1,170,15,11.0,4.0,50.0,28.0,56.00000000000001
3378,2,58,90,3.0,5.0,108.0,65.0,60.18518518518518
1939,1,197,159,12.0,3.0,57.0,42.0,73.68421052631578
704,2,123,66,2.0,2.0,102.0,63.0,61.76470588235294
1981,1,44,16,3.0,2.0,58.0,36.0,62.06896551724138
2886,1,198,30,9.0,3.0,96.0,47.0,48.95833333333333
652,1,55,1,8.0,4.0,64.0,43.0,67.1875
4087,1,143,184,18.0,1.0,74.0,50.0,67.56756756756756
3141,1,3,5,13.0,5.0,168.0,121.0,72.02380952380952
3930,1,39,18,6.0,4.0,83.0,47.0,56.62650602409639
3970,1,163,219,21.0,0.0,57.0,43.0,75.43859649122807
705,2,128,23,8.0,3.0,149.0,90.0,60.40268456375839
2241,2,126,21,11.0,11.0,74.0,47.0,63.51351351351351
4110,2,177,21,2.0,1.0,66.0,37.0,56.060606060606055
4070,2,184,22,3.0,1.0,50.0,30.0,60.0
1958,2,43,17,14.0,2.0,105.0,68.0,64.76190476190476
1670,3,130,57,0.0,1.0,43.0,29.0,67.44186046511628
1474,1,44,16,3.0,1.0,78.0,46.0,58.97435897435898
2039,1,187,68,5.0,3.0,48.0,25.0,52.083333333333336
5944,2,23,72,0.0,3.0,70.0,48.0,68.57142857142857
3204,1,23,82,5.0,3.0,34.0,20.0,58.82352941176471
542,1,31,89,6.0,4.0,65.0,43.0,66.15384615384615
2851,1,52,5,0.0,1.0,60.0,41.0,68.33333333333333
1980,2,35,66,1.0,0.0,54.0,30.0,55.55555555555556
2667,1,120,65,1.0,4.0,68.0,46.0,67.64705882352942
5043,1,144,70,0.0,0.0,82.0,63.0,76.82926829268293
5708,2,13,23,5.0,2.0,58.0,45.0,77.58620689655173
6046,2,179,23,4.0,1.0,111.0,67.0,60.36036036036037
5,1,19,32,12.0,3.0,110.0,66.0,60.0
1372,1,51,19,18.0,1.0,118.0,70.0,59.32203389830508
3352,2,173,148,6.0,2.0,94.0,70.0,74.46808510638297
923,2,124,180,0.0,2.0,47.0,29.0,61.702127659574465
1126,3,180,151,6.0,8.0,92.0,51.0,55.434782608695656
2731,1,37,67,3.0,0.0,49.0,20.0,40.816326530612244
3612,2,133,58,2.0,2.0,59.0,37.0,62.71186440677966
2175,1,44,16,13.0,1.0,56.0,32.0,57.14285714285714
844,1,53,80,11.0,3.0,58.0,37.0,63.793103448275865
6339,2,177,21,7.0,3.0,64.0,40.0,62.5
192,2,176,76,2.0,1.0,46.0,31.0,67.3913043478261
1149,1,15,27,9.0,0.0,95.0,60.0,63.1578947368421
565,1,121,64,6.0,0.0,54.0,31.0,57.407407407407405
3715,2,10,20,1.0,6.0,45.0,20.0,44.44444444444444
4115,2,80,17,5.0,3.0,91.0,62.0,68.13186813186813
3351,1,76,5,12.0,2.0,98.0,57.0,58.16326530612245
1147,1,144,55,11.0,11.0,63.0,37.0,58.730158730158735
4684,1,79,2,4.0,0.0,53.0,32.0,60.37735849056604
62,3,95,59,2.0,5.0,38.0,15.0,39.473684210526315
616,2,49,23,3.0,1.0,102.0,66.0,64.70588235294117
3239,1,146,30,6.0,2.0,71.0,47.0,66.19718309859155
5277,3,132,78,14.0,9.0,115.0,61.0,53.04347826086957
91,3,22,73,1.0,2.0,61.0,32.0,52.459016393442624
1553,1,119,15,4.0,6.0,91.0,45.0,49.45054945054945
4216,1,105,154,8.0,4.0,49.0,35.0,71.42857142857143
2089,3,182,85,15.0,6.0,94.0,52.0,55.319148936170215
2045,2,170,17,1.0,1.0,98.0,66.0,67.3469387755102
6294,2,13,23,3.0,3.0,90.0,59.0,65.55555555555556
969,1,137,18,2.0,2.0,47.0,34.0,72.3404255319149
1497,1,5,11,12.0,3.0,63.0,34.0,53.96825396825397
4546,2,125,76,6.0,1.0,78.0,60.0,76.92307692307693
2714,2,184,22,10.0,2.0,45.0,33.0,73.33333333333333
5220,2,185,20,2.0,0.0,78.0,56.0,71.7948717948718
2275,1,74,143,17.0,6.0,98.0,71.0,72.44897959183673
1061,1,77,7,5.0,7.0,52.0,26.0,50.0
5147,2,23,58,10.0,1.0,50.0,33.0,66.0
4192,1,189,80,8.0,2.0,111.0,79.0,71.17117117117117
4656,1,172,64,8.0,2.0,88.0,54.0,61.36363636363637
3831,1,51,19,21.0,4.0,165.0,95.0,57.57575757575758
3945,2,179,23,13.0,5.0,154.0,95.0,61.68831168831169
867,2,23,58,2.0,5.0,66.0,39.0,59.09090909090909
1246,1,142,183,1.0,1.0,51.0,38.0,74.50980392156863
5788,2,127,62,0.0,2.0,55.0,28.0,50.90909090909091
1564,2,96,58,3.0,4.0,84.0,49.0,58.333333333333336
2000,2,40,69,5.0,0.0,78.0,50.0,64.1025641025641
3464,1,61,96,13.0,5.0,74.0,52.0,70.27027027027027
1098,1,139,19,3.0,1.0,32.0,15.0,46.875
4155,1,44,15,0.0,6.0,95.0,59.0,62.10526315789474
871,1,187,68,4.0,5.0,62.0,27.0,43.54838709677419
743,1,139,19,14.0,2.0,94.0,60.0,63.829787234042556
3085,1,41,70,2.0,3.0,73.0,48.0,65.75342465753424
3389,2,48,76,5.0,7.0,95.0,66.0,69.47368421052632
2405,1,41,70,6.0,1.0,52.0,32.0,61.53846153846154
5912,1,104,31,1.0,2.0,132.0,92.0,69.6969696969697
2269,2,95,60,1.0,3.0,79.0,60.0,75.9493670886076
4037,1,143,184,2.0,4.0,107.0,59.0,55.140186915887845
4763,1,6,13,4.0,0.0,74.0,37.0,50.0
631,3,50,78,10.0,3.0,88.0,52.0,59.09090909090909
1947,1,102,19,14.0,3.0,132.0,85.0,64.39393939393939
3870,3,183,78,16.0,4.0,95.0,60.0,63.1578947368421
257,1,54,31,16.0,9.0,126.0,80.0,63.49206349206349
4354,3,132,78,28.0,4.0,117.0,89.0,76.06837606837607
3268,1,82,64,5.0,3.0,106.0,79.0,74.52830188679245
2288,1,44,15,7.0,3.0,74.0,51.0,68.91891891891892
1829,1,80,15,3.0,0.0,44.0,24.0,54.54545454545454
1858,1,138,80,4.0,5.0,58.0,33.0,56.896551724137936
2442,1,121,64,5.0,1.0,44.0,27.0,61.36363636363637
2675,1,77,8,8.0,1.0,68.0,46.0,67.64705882352942
305,1,108,29,8.0,1.0,49.0,27.0,55.10204081632652
3369,1,102,19,7.0,1.0,172.0,104.0,60.46511627906976
854,2,48,76,3.0,1.0,62.0,33.0,53.2258064516129
4199,1,186,67,2.0,5.0,48.0,26.0,54.166666666666664
3807,3,183,78,9.0,4.0,173.0,100.0,57.80346820809249
4140,1,163,218,6.0,2.0,89.0,61.0,68.53932584269663
1237,1,41,84,0.0,1.0,63.0,50.0,79.36507936507937
679,1,191,222,19.0,5.0,102.0,59.0,57.84313725490197
995,2,86,56,0.0,1.0,51.0,34.0,66.66666666666666
4795,1,106,157,0.0,2.0,57.0,33.0,57.89473684210527
5465,1,33,65,1.0,0.0,62.0,44.0,70.96774193548387
1858,1,147,63,13.0,1.0,109.0,71.0,65.13761467889908
1062,2,177,21,1.0,0.0,52.0,29.0,55.769230769230774
2089,3,182,85,13.0,4.0,62.0,39.0,62.903225806451616
4986,2,88,21,2.0,0.0,93.0,56.0,60.215053763440864
826,1,187,68,7.0,4.0,81.0,42.0,51.85185185185185
3216,1,119,15,1.0,3.0,44.0,27.0,61.36363636363637
5612,1,170,16,17.0,2.0,118.0,80.0,67.79661016949152
1186,2,169,179,4.0,0.0,39.0,21.0,53.84615384615385
945,1,80,15,7.0,2.0,46.0,25.0,54.347826086956516
4387,2,40,77,6.0,6.0,104.0,58.0,55.769230769230774
4674,1,43,13,14.0,4.0,69.0,40.0,57.971014492753625
1586,2,179,23,9.0,2.0,152.0,95.0,62.5
6087,1,196,224,8.0,3.0,58.0,44.0,75.86206896551724
3407,1,33,65,0.0,0.0,6.0,4.0,66.66666666666666
3587,1,107,55,3.0,0.0,78.0,55.0,70.51282051282051
237,1,168,12,5.0,2.0,74.0,43.0,58.108108108108105
1009,1,197,29,5.0,1.0,61.0,38.0,62.295081967213115
382,3,22,73,4.0,5.0,83.0,56.0,67.46987951807229
948,1,99,68,4.0,3.0,79.0,51.0,64.55696202531645
2769,3,91,61,17.0,3.0,99.0,63.0,63.63636363636363
1374,1,111,32,14.0,3.0,93.0,65.0,69.89247311827957
4334,1,25,79,36.0,1.0,86.0,66.0,76.74418604651163
1440,2,21,56,11.0,6.0,105.0,58.0,55.23809523809524
784,2,21,81,4.0,4.0,48.0,32.0,66.66666666666666
1220,1,138,80,6.0,4.0,64.0,38.0,59.375
2000,1,115,5,12.0,0.0,75.0,50.0,66.66666666666666
3987,1,17,30,2.0,1.0,51.0,30.0,58.82352941176471
5875,2,90,23,14.0,3.0,120.0,75.0,62.5
5244,1,37,67,1.0,4.0,54.0,36.0,66.66666666666666
3226,1,163,219,5.0,0.0,58.0,40.0,68.96551724137932
6025,1,116,146,3.0,0.0,47.0,27.0,57.446808510638306
1616,2,173,149,5.0,1.0,66.0,47.0,71.21212121212122
6185,1,185,79,14.0,4.0,91.0,60.0,65.93406593406593
2133,2,123,66,1.0,7.0,95.0,46.0,48.421052631578945
2507,2,48,76,4.0,1.0,45.0,32.0,71.11111111111111
4610,1,191,181,12.0,1.0,61.0,39.0,63.934426229508205
4183,2,174,66,7.0,3.0,52.0,32.0,61.53846153846154
87,1,9,19,13.0,4.0,125.0,80.0,64.0
169,1,170,15,4.0,3.0,78.0,43.0,55.12820512820513
5404,2,186,221,4.0,1.0,52.0,38.0,73.07692307692307
2788,2,119,17,0.0,5.0,121.0,91.0,75.20661157024794
2462,2,128,23,9.0,10.0,175.0,92.0,52.57142857142857
2949,1,102,19,24.0,7.0,112.0,74.0,66.07142857142857
3696,2,84,66,2.0,6.0,89.0,47.0,52.80898876404494
363,2,13,23,8.0,11.0,116.0,59.0,50.86206896551724
1749,1,163,219,10.0,3.0,69.0,38.0,55.072463768115945
668,3,130,73,5.0,3.0,70.0,44.0,62.857142857142854
1679,2,90,23,4.0,4.0,130.0,96.0,73.84615384615385
2947,1,51,19,2.0,6.0,182.0,128.0,70.32967032967034
1535,1,154,188,7.0,0.0,56.0,47.0,83.92857142857143
437,2,124,69,0.0,5.0,57.0,27.0,47.368421052631575
1508,2,123,66,2.0,1.0,49.0,29.0,59.183673469387756
370,1,139,19,8.0,1.0,152.0,89.0,58.55263157894737
1011,1,44,16,18.0,2.0,99.0,58.0,58.58585858585859
765,3,183,78,1.0,0.0,25.0,14.0,56.00000000000001
5551,2,177,21,7.0,4.0,78.0,44.0,56.41025641025641
5121,2,24,22,12.0,3.0,87.0,51.0,58.620689655172406
658,2,21,81,1.0,5.0,91.0,63.0,69.23076923076923
1646,1,43,13,1.0,0.0,42.0,23.0,54.761904761904766
5445,1,115,5,7.0,5.0,107.0,65.0,60.747663551401864
810,1,43,13,6.0,1.0,130.0,88.0,67.6923076923077
4480,1,53,80,6.0,2.0,40.0,20.0,50.0
3619,2,24,60,4.0,0.0,71.0,45.0,63.38028169014085
2537,1,52,5,24.0,1.0,153.0,98.0,64.05228758169935
5161,1,165,5,18.0,5.0,173.0,97.0,56.06936416184971
2166,1,119,16,4.0,0.0,55.0,39.0,70.9090909090909
2355,1,52,5,9.0,4.0,101.0,58.0,57.42574257425742
4554,1,44,15,5.0,5.0,68.0,35.0,51.470588235294116
2089,1,99,68,4.0,3.0,79.0,51.0,64.55696202531645
6071,2,35,66,10.0,10.0,108.0,55.0,50.92592592592593
5595,1,79,13,2.0,0.0,67.0,42.0,62.68656716417911
1530,1,102,19,8.0,1.0,82.0,51.0,62.19512195121951
4108,1,107,70,4.0,2.0,45.0,28.0,62.22222222222222
276,1,172,64,11.0,4.0,77.0,44.0,57.14285714285714
4760,1,3,5,8.0,2.0,78.0,47.0,60.256410256410255
3994,1,81,65,9.0,1.0,68.0,36.0,52.94117647058824
2219,1,14,26,5.0,3.0,74.0,36.0,48.64864864864865
2065,1,8,18,7.0,6.0,58.0,27.0,46.55172413793103
2362,1,195,184,6.0,3.0,68.0,44.0,64.70588235294117
1070,2,27,62,2.0,7.0,71.0,42.0,59.154929577464785
2196,1,80,16,7.0,4.0,84.0,52.0,61.904761904761905
4196,3,130,73,7.0,4.0,67.0,36.0,53.73134328358209
4868,1,107,158,6.0,0.0,80.0,53.0,66.25
4936,1,143,184,7.0,5.0,86.0,54.0,62.7906976744186
241,2,49,23,0.0,2.0,96.0,65.0,67.70833333333334
1812,1,114,144,4.0,1.0,70.0,45.0,64.28571428571429
179,1,14,26,9.0,8.0,88.0,50.0,56.81818181818182
971,1,54,31,1.0,1.0,55.0,37.0,67.27272727272727
3229,2,49,23,9.0,8.0,108.0,62.0,57.407407407407405
4059,2,178,83,10.0,4.0,53.0,29.0,54.71698113207547
2567,2,177,21,4.0,1.0,87.0,50.0,57.47126436781609
423,1,82,64,13.0,0.0,86.0,57.0,66.27906976744185
3843,2,87,76,6.0,1.0,40.0,29.0,72.5
3645,1,120,65,16.0,5.0,92.0,48.0,52.17391304347826
2195,2,96,58,4.0,6.0,94.0,67.0,71.27659574468085
657,2,59,92,1.0,1.0,52.0,39.0,75.0
2926,1,108,29,3.0,4.0,50.0,28.0,56.00000000000001
3366,1,80,15,5.0,2.0,34.0,19.0,55.88235294117647
175,1,143,184,5.0,0.0,91.0,65.0,71.42857142857143
6373,2,27,62,6.0,1.0,79.0,51.0,64.55696202531645
1514,1,190,19,5.0,7.0,99.0,52.0,52.52525252525253
3676,2,36,21,6.0,3.0,51.0,27.0,52.94117647058824
794,1,78,11,5.0,2.0,40.0,20.0,50.0
637,1,75,145,2.0,1.0,53.0,42.0,79.24528301886792
1723,1,15,55,10.0,1.0,59.0,44.0,74.57627118644068
2810,2,133,58,5.0,0.0,91.0,69.0,75.82417582417582
1962,1,99,68,0.0,7.0,93.0,65.0,69.89247311827957
1529,1,100,18,7.0,6.0,48.0,26.0,54.166666666666664
1847,1,14,24,5.0,2.0,61.0,34.0,55.73770491803278
3205,2,35,66,2.0,1.0,70.0,45.0,64.28571428571429
3928,2,126,21,3.0,3.0,106.0,60.0,56.60377358490566
3019,3,50,78,12.0,1.0,74.0,43.0,58.108108108108105
5003,2,86,81,5.0,3.0,96.0,48.0,50.0
1520,2,27,83,5.0,2.0,49.0,24.0,48.97959183673469
3728,1,196,224,8.0,4.0,54.0,29.0,53.70370370370371
1538,2,58,90,3.0,4.0,66.0,42.0,63.63636363636363
445,2,36,21,0.0,1.0,49.0,29.0,59.183673469387756
884,2,124,69,6.0,2.0,42.0,27.0,64.28571428571429
1689,2,31,6,3.0,6.0,97.0,72.0,74.22680412371135
3018,3,183,78,14.0,5.0,148.0,95.0,64.1891891891892
4755,2,124,69,3.0,1.0,50.0,33.0,66.0
4154,1,109,30,4.0,0.0,57.0,38.0,66.66666666666666
452,1,6,12,6.0,0.0,72.0,39.0,54.166666666666664
2043,2,118,179,2.0,1.0,80.0,51.0,63.74999999999999
1974,1,99,68,6.0,3.0,43.0,24.0,55.81395348837209
208,2,35,66,0.0,1.0,57.0,35.0,61.40350877192983
1653,1,213,254,11.0,1.0,51.0,29.0,56.86274509803921
3085,1,1,2,2.0,1.0,101.0,68.0,67.32673267326733
4473,1,16,28,1.0,3.0,97.0,58.0,59.79381443298969
928,2,88,21,2.0,5.0,73.0,35.0,47.94520547945205
2919,1,163,218,3.0,3.0,49.0,28.0,57.14285714285714
4656,1,137,18,2.0,2.0,62.0,26.0,41.935483870967744
4446,1,52,5,6.0,3.0,147.0,103.0,70.06802721088435
3202,1,170,15,5.0,9.0,72.0,37.0,51.388888888888886
1923,2,86,56,2.0,0.0,50.0,31.0,62.0
2552,2,49,23,5.0,6.0,163.0,97.0,59.50920245398773
228,1,80,15,3.0,2.0,49.0,31.0,63.26530612244898
5734,1,172,64,0.0,1.0,45.0,27.0,60.0
4684,2,21,56,6.0,0.0,71.0,47.0,66.19718309859155
2670,2,95,60,10.0,1.0,63.0,30.0,47.61904761904761
1831,2,59,92,4.0,2.0,50.0,27.0,54.0
1321,1,1,2,1.0,3.0,64.0,40.0,62.5
1132,2,122,81,2.0,4.0,63.0,37.0,58.730158730158735
2829,1,97,79,12.0,3.0,81.0,54.0,66.66666666666666
2432,2,87,76,9.0,7.0,61.0,40.0,65.57377049180327
4834,1,74,142,2.0,1.0,84.0,47.0,55.952380952380956
2812,2,128,23,4.0,7.0,92.0,60.0,65.21739130434783
4183,1,109,30,9.0,1.0,89.0,61.0,68.53932584269663
3202,1,144,155,4.0,5.0,54.0,28.0,51.85185185185185
3508,1,172,64,3.0,0.0,54.0,37.0,68.51851851851852
1734,1,41,70,2.0,2.0,60.0,25.0,41.66666666666667
1884,2,124,180,3.0,2.0,103.0,62.0,60.19417475728155
1566,2,117,9,0.0,1.0,80.0,55.0,68.75
445,1,42,55,4.0,1.0,45.0,29.0,64.44444444444444
1043,2,78,9,0.0,3.0,69.0,51.0,73.91304347826086
2430,1,23,82,7.0,7.0,124.0,74.0,59.67741935483871
2388,2,23,58,4.0,1.0,111.0,67.0,60.36036036036037
3306,2,185,72,6.0,2.0,55.0,39.0,70.9090909090909
3087,2,13,23,3.0,1.0,108.0,71.0,65.74074074074075
2877,1,17,30,8.0,2.0,62.0,46.0,74.19354838709677
2142,1,187,68,14.0,5.0,102.0,55.0,53.92156862745098
4175,1,102,19,16.0,4.0,95.0,56.0,58.94736842105262
3413,1,76,5,12.0,3.0,84.0,63.0,75.0
1034,2,58,90,1.0,1.0,62.0,44.0,70.96774193548387
5103,3,50,78,7.0,4.0,99.0,59.0,59.59595959595959
901,2,175,69,2.0,2.0,50.0,26.0,52.0
6095,1,112,162,6.0,3.0,82.0,54.0,65.85365853658537
1443,1,45,12,7.0,1.0,70.0,44.0,62.857142857142854
5408,1,144,55,9.0,0.0,37.0,24.0,64.86486486486487
5732,2,124,180,1.0,2.0,40.0,27.0,67.5
4443,1,97,79,2.0,1.0,58.0,40.0,68.96551724137932
2157,1,109,30,6.0,7.0,109.0,69.0,63.30275229357798
3851,2,83,149,1.0,2.0,61.0,42.0,68.85245901639344
4129,3,94,78,7.0,2.0,97.0,65.0,67.0103092783505
1654,3,22,57,14.0,1.0,90.0,64.0,71.11111111111111
3533,1,76,5,6.0,2.0,67.0,39.0,58.2089552238806
3065,1,74,143,5.0,2.0,58.0,43.0,74.13793103448276
3593,2,128,23,4.0,5.0,142.0,99.0,69.71830985915493
6368,2,95,60,0.0,4.0,78.0,47.0,60.256410256410255
2839,2,13,23,6.0,6.0,115.0,60.0,52.17391304347826
3332,1,165,5,9.0,4.0,176.0,124.0,70.45454545454545
227,2,85,150,7.0,0.0,59.0,42.0,71.1864406779661
345,2,126,21,0.0,3.0,134.0,111.0,82.83582089552239
3795,1,113,178,7.0,2.0,89.0,58.0,65.1685393258427
5700,1,113,178,1.0,5.0,86.0,52.0,60.46511627906976
1936,2,186,221,4.0,2.0,52.0,38.0,73.07692307692307
2295,2,89,83,5.0,2.0,62.0,35.0,56.451612903225815
6166,2,83,149,3.0,8.0,95.0,44.0,46.31578947368421
1561,1,165,5,3.0,3.0,75.0,52.0,69.33333333333334
2178,1,143,184,18.0,1.0,74.0,50.0,67.56756756756756
3034,1,193,155,17.0,3.0,89.0,56.0,62.92134831460674
2103,3,50,78,6.0,5.0,96.0,59.0,61.458333333333336
3783,3,181,57,8.0,0.0,82.0,54.0,65.85365853658537
4439,1,171,65,5.0,2.0,86.0,47.0,54.65116279069767
1425,1,81,65,0.0,3.0,44.0,30.0,68.18181818181817
3247,2,184,22,10.0,3.0,93.0,53.0,56.98924731182796
3206,1,144,55,11.0,6.0,52.0,30.0,57.692307692307686
3987,1,29,63,3.0,1.0,49.0,26.0,53.06122448979592
5355,2,174,66,9.0,5.0,96.0,49.0,51.041666666666664
5794,1,19,32,12.0,5.0,120.0,77.0,64.16666666666667
3994,1,55,1,2.0,3.0,56.0,24.0,42.857142857142854
3067,2,127,83,2.0,1.0,70.0,36.0,51.42857142857142
634,1,143,184,9.0,2.0,58.0,35.0,60.3448275862069
2306,2,175,69,2.0,0.0,67.0,50.0,74.6268656716418
5938,1,107,55,7.0,2.0,106.0,63.0,59.43396226415094
2169,2,40,77,4.0,0.0,82.0,46.0,56.09756097560976
2601,1,186,67,11.0,4.0,87.0,55.0,63.2183908045977
1523,1,108,159,12.0,2.0,106.0,65.0,61.32075471698113
5163,1,4,8,1.0,0.0,42.0,25.0,59.523809523809526
177,1,105,154,10.0,2.0,73.0,49.0,67.12328767123287
4755,1,168,12,0.0,0.0,79.0,53.0,67.08860759493672
5518,1,121,64,6.0,0.0,63.0,35.0,55.55555555555556
2728,1,139,19,15.0,6.0,106.0,70.0,66.0377358490566
1947,2,90,23,1.0,1.0,81.0,51.0,62.96296296296296
2405,1,168,12,8.0,1.0,42.0,31.0,73.80952380952381
1524,1,102,19,9.0,7.0,86.0,47.0,54.65116279069767
2182,3,93,85,3.0,4.0,59.0,39.0,66.10169491525424
654,2,35,66,3.0,4.0,65.0,37.0,56.92307692307692
322,1,100,18,1.0,1.0,47.0,30.0,63.829787234042556
3315,2,126,21,1.0,2.0,45.0,33.0,73.33333333333333
777,1,17,30,2.0,1.0,50.0,33.0,66.0
255,3,91,61,16.0,14.0,113.0,75.0,66.3716814159292
3201,1,2,3,6.0,1.0,49.0,27.0,55.10204081632652
3318,1,172,64,8.0,1.0,65.0,41.0,63.07692307692307
5895,1,119,16,3.0,1.0,52.0,34.0,65.38461538461539
1866,1,52,5,10.0,6.0,146.0,84.0,57.534246575342465
1666,1,56,86,4.0,5.0,106.0,66.0,62.264150943396224
1769,1,28,74,3.0,0.0,49.0,35.0,71.42857142857143
1068,1,9,19,7.0,2.0,112.0,77.0,68.75
315,1,169,2,4.0,1.0,63.0,44.0,69.84126984126983
3944,1,168,12,5.0,1.0,60.0,33.0,55.00000000000001
3373,1,158,210,4.0,2.0,101.0,60.0,59.4059405940594
624,1,31,7,4.0,1.0,49.0,18.0,36.734693877551024
2283,1,98,67,1.0,2.0,51.0,25.0,49.01960784313725
5117,2,11,21,13.0,2.0,59.0,33.0,55.932203389830505
979,2,58,91,0.0,1.0,51.0,25.0,49.01960784313725
2178,1,16,29,7.0,3.0,83.0,48.0,57.831325301204814
3359,3,50,78,14.0,11.0,168.0,107.0,63.69047619047619
1237,2,116,6,5.0,4.0,60.0,39.0,65.0
3667,2,184,22,13.0,3.0,51.0,35.0,68.62745098039215
823,2,49,23,23.0,2.0,89.0,62.0,69.66292134831461
3081,1,2,3,12.0,2.0,79.0,45.0,56.9620253164557
2219,1,117,12,3.0,4.0,76.0,47.0,61.8421052631579
3428,2,34,9,2.0,2.0,79.0,48.0,60.75949367088608
2982,3,94,78,10.0,3.0,134.0,97.0,72.38805970149254
3705,1,99,68,2.0,2.0,51.0,35.0,68.62745098039215
1820,2,186,221,4.0,0.0,34.0,18.0,52.94117647058824
3165,1,76,5,12.0,2.0,117.0,77.0,65.8119658119658
287,3,50,78,18.0,4.0,102.0,70.0,68.62745098039215
3746,2,86,81,4.0,1.0,72.0,57.0,79.16666666666666
1668,1,195,184,13.0,1.0,109.0,71.0,65.13761467889908
3537,3,182,75,12.0,1.0,90.0,57.0,63.33333333333333
3676,2,48,76,7.0,2.0,104.0,71.0,68.26923076923077
3480,1,136,68,12.0,0.0,65.0,48.0,73.84615384615385
3508,1,188,18,3.0,6.0,85.0,54.0,63.52941176470588
2045,1,172,64,0.0,3.0,53.0,33.0,62.264150943396224
2591,1,196,224,5.0,1.0,67.0,42.0,62.68656716417911
2092,2,49,23,5.0,3.0,160.0,100.0,62.5
4164,2,14,25,3.0,0.0,60.0,34.0,56.666666666666664
3469,1,113,178,2.0,1.0,49.0,33.0,67.3469387755102
5588,1,3,5,15.0,3.0,134.0,85.0,63.43283582089553
2022,1,109,30,7.0,3.0,88.0,57.0,64.77272727272727
1696,1,43,2,4.0,1.0,39.0,27.0,69.23076923076923
3404,2,79,147,9.0,6.0,124.0,55.0,44.354838709677416
3271,2,173,81,3.0,4.0,85.0,47.0,55.294117647058826
6198,1,107,55,1.0,0.0,42.0,22.0,52.38095238095239
647,1,82,64,1.0,0.0,36.0,24.0,66.66666666666666
1693,1,74,142,4.0,2.0,58.0,41.0,70.6896551724138
5861,2,126,21,0.0,0.0,48.0,34.0,70.83333333333334
4970,1,56,86,5.0,1.0,78.0,54.0,69.23076923076923
4614,2,12,22,0.0,2.0,83.0,46.0,55.42168674698795
3629,1,9,19,12.0,5.0,97.0,60.0,61.855670103092784
1065,1,51,19,10.0,3.0,136.0,82.0,60.29411764705882
293,3,130,73,7.0,4.0,67.0,36.0,53.73134328358209
4137,1,143,184,6.0,2.0,67.0,44.0,65.67164179104478
3804,1,171,65,8.0,2.0,41.0,24.0,58.536585365853654
3551,1,165,5,12.0,2.0,118.0,80.0,67.79661016949152
2691,1,113,142,3.0,2.0,57.0,40.0,70.17543859649122
2026,1,44,16,3.0,1.0,55.0,36.0,65.45454545454545
2986,1,32,64,1.0,0.0,57.0,28.0,49.122807017543856
3527,1,76,5,11.0,2.0,73.0,42.0,57.534246575342465
8,3,91,61,18.0,4.0,70.0,47.0,67.14285714285714
467,2,49,23,10.0,3.0,85.0,53.0,62.35294117647059
3695,1,117,12,1.0,3.0,69.0,42.0,60.86956521739131
4000,1,190,19,0.0,1.0,42.0,32.0,76.19047619047619
4678,2,169,179,4.0,0.0,70.0,49.0,70.0
3661,1,194,183,6.0,0.0,60.0,37.0,61.66666666666667
368,1,103,63,3.0,1.0,72.0,43.0,59.72222222222222
186,2,135,20,6.0,4.0,62.0,46.0,74.19354838709677
4419,2,13,23,2.0,3.0,79.0,51.0,64.55696202531645
4690,2,175,220,2.0,2.0,109.0,74.0,67.88990825688074
3144,2,86,56,4.0,1.0,57.0,35.0,61.40350877192983
2600,2,40,77,1.0,2.0,51.0,30.0,58.82352941176471
558,2,80,17,2.0,2.0,44.0,27.0,61.36363636363637
1849,1,154,198,5.0,3.0,61.0,32.0,52.459016393442624
445,1,44,16,10.0,4.0,109.0,62.0,56.88073394495413
3000,1,141,154,11.0,5.0,77.0,47.0,61.038961038961034
2481,2,96,22,0.0,2.0,68.0,54.0,79.41176470588235
3359,2,12,22,0.0,3.0,56.0,33.0,58.92857142857143
1943,1,146,30,4.0,2.0,83.0,48.0,57.831325301204814
3661,1,163,219,5.0,0.0,58.0,40.0,68.96551724137932
4030,1,102,19,14.0,3.0,132.0,85.0,64.39393939393939
6359,1,118,2,8.0,5.0,86.0,56.0,65.11627906976744
1161,1,144,155,2.0,4.0,63.0,36.0,57.14285714285714
4188,3,24,59,14.0,6.0,54.0,26.0,48.148148148148145
825,1,120,65,7.0,3.0,59.0,32.0,54.23728813559322
1279,1,25,79,10.0,4.0,94.0,52.0,55.319148936170215
1003,1,118,2,8.0,1.0,65.0,43.0,66.15384615384615
2572,1,34,11,1.0,0.0,105.0,58.0,55.23809523809524
3880,1,55,1,9.0,4.0,86.0,49.0,56.97674418604651
3978,2,40,69,2.0,2.0,71.0,41.0,57.74647887323944
1810,3,182,85,12.0,6.0,84.0,49.0,58.333333333333336
1749,2,126,21,3.0,1.0,54.0,34.0,62.96296296296296
535,2,71,130,0.0,2.0,78.0,47.0,60.256410256410255
5651,1,74,1,4.0,2.0,70.0,43.0,61.42857142857143
909,1,105,155,5.0,2.0,43.0,31.0,72.09302325581395
5360,2,169,179,0.0,0.0,6.0,3.0,50.0
2373,1,163,219,0.0,2.0,68.0,50.0,73.52941176470588
2107,1,117,12,9.0,5.0,82.0,50.0,60.97560975609756
1305,1,146,30,11.0,5.0,52.0,34.0,65.38461538461539
4020,1,17,30,1.0,3.0,102.0,73.0,71.56862745098039
6339,2,80,17,1.0,0.0,40.0,23.0,57.49999999999999
2400,1,79,2,1.0,4.0,92.0,59.0,64.13043478260869
172,1,41,70,2.0,0.0,68.0,35.0,51.470588235294116
1288,1,193,155,3.0,5.0,85.0,51.0,60.0
4501,2,25,20,1.0,8.0,110.0,65.0,59.09090909090909
4175,1,109,30,2.0,2.0,57.0,36.0,63.1578947368421
2228,1,187,68,7.0,4.0,81.0,42.0,51.85185185185185
2957,3,50,78,8.0,5.0,122.0,77.0,63.114754098360656
2464,1,4,7,12.0,3.0,85.0,53.0,62.35294117647059
4071,3,181,57,7.0,0.0,93.0,53.0,56.98924731182796
284,1,101,80,11.0,3.0,67.0,38.0,56.71641791044776
794,2,124,69,8.0,5.0,81.0,51.0,62.96296296296296
4439,1,39,18,6.0,3.0,69.0,44.0,63.76811594202898
1918,1,102,19,6.0,6.0,79.0,35.0,44.303797468354425
2844,1,41,84,7.0,0.0,37.0,25.0,67.56756756756756
2417,3,129,151,5.0,2.0,91.0,54.0,59.34065934065934
1986,2,21,81,8.0,3.0,96.0,62.0,64.58333333333334
714,1,102,19,11.0,6.0,122.0,69.0,56.557377049180324
160,1,196,55,1.0,3.0,50.0,30.0,60.0
1983,2,135,20,5.0,2.0,52.0,32.0,61.53846153846154
1816,2,40,69,0.0,4.0,102.0,70.0,68.62745098039215
1866,1,3,5,7.0,6.0,163.0,104.0,63.80368098159509
4109,1,188,18,6.0,3.0,61.0,32.0,52.459016393442624
5691,2,24,60,2.0,0.0,75.0,47.0,62.66666666666667
3432,3,180,61,11.0,2.0,64.0,44.0,68.75
4111,2,175,69,0.0,0.0,44.0,29.0,65.9090909090909
1610,2,48,76,7.0,2.0,45.0,21.0,46.666666666666664
2282,1,9,19,8.0,3.0,135.0,83.0,61.48148148148148
854,1,144,155,6.0,2.0,41.0,22.0,53.65853658536586
2727,2,43,17,0.0,3.0,45.0,28.0,62.22222222222222
3484,1,99,68,3.0,4.0,94.0,60.0,63.829787234042556
4755,2,27,83,1.0,6.0,106.0,70.0,66.0377358490566
1212,2,88,21,9.0,3.0,78.0,48.0,61.53846153846154
2113,1,44,16,6.0,4.0,51.0,26.0,50.98039215686274
242,1,115,5,9.0,3.0,171.0,116.0,67.83625730994152
1970,1,114,144,10.0,1.0,78.0,57.0,73.07692307692307
2846,2,34,9,4.0,2.0,79.0,59.0,74.68354430379746
6373,3,94,78,6.0,9.0,122.0,76.0,62.295081967213115
1643,1,56,88,7.0,4.0,57.0,38.0,66.66666666666666
3926,1,139,19,15.0,3.0,65.0,36.0,55.38461538461539
5031,1,164,4,2.0,0.0,46.0,26.0,56.52173913043478
3336,2,175,56,3.0,4.0,105.0,74.0,70.47619047619048
2759,3,183,78,1.0,0.0,25.0,14.0,56.00000000000001
4528,2,112,163,2.0,1.0,77.0,52.0,67.53246753246754
654,1,80,16,6.0,3.0,69.0,46.0,66.66666666666666
6336,1,8,18,2.0,2.0,52.0,30.0,57.692307692307686
4115,2,80,17,2.0,2.0,58.0,36.0,62.06896551724138
53,1,113,8,6.0,3.0,66.0,40.0,60.60606060606061
2755,2,133,60,5.0,6.0,112.0,68.0,60.71428571428571
1690,3,92,73,8.0,4.0,78.0,53.0,67.94871794871796
1112,2,83,148,21.0,0.0,51.0,31.0,60.78431372549019
5660,2,88,21,2.0,2.0,56.0,35.0,62.5
35,1,80,15,9.0,0.0,52.0,36.0,69.23076923076923
2912,1,171,65,4.0,1.0,95.0,57.0,60.0
1064,1,57,87,0.0,1.0,51.0,41.0,80.3921568627451
616,1,107,70,3.0,0.0,64.0,45.0,70.3125
3879,2,184,58,6.0,4.0,85.0,57.0,67.05882352941175
6111,1,120,65,1.0,3.0,48.0,29.0,60.416666666666664
1531,2,170,17,1.0,6.0,66.0,40.0,60.60606060606061
5471,1,141,154,16.0,1.0,121.0,80.0,66.11570247933885
5667,2,80,17,4.0,0.0,92.0,63.0,68.47826086956522
2665,2,35,66,0.0,2.0,64.0,40.0,62.5
3807,3,94,78,10.0,5.0,118.0,73.0,61.86440677966102
2090,1,51,19,18.0,6.0,138.0,80.0,57.971014492753625
2023,1,139,19,13.0,5.0,109.0,70.0,64.22018348623854
1561,2,122,81,2.0,1.0,67.0,36.0,53.73134328358209
4499,1,101,80,8.0,3.0,145.0,83.0,57.24137931034483
2527,1,121,64,6.0,4.0,114.0,78.0,68.42105263157895
113,2,87,76,2.0,1.0,81.0,55.0,67.90123456790124
1997,1,145,29,2.0,0.0,64.0,42.0,65.625
610,2,24,60,1.0,2.0,48.0,33.0,68.75
372,1,16,28,9.0,1.0,86.0,52.0,60.46511627906976
3921,2,48,76,14.0,9.0,73.0,41.0,56.16438356164384
2714,1,142,183,1.0,1.0,51.0,38.0,74.50980392156863
1676,1,100,18,3.0,1.0,74.0,52.0,70.27027027027027
339,1,14,24,3.0,3.0,122.0,68.0,55.73770491803278
3893,1,197,29,6.0,2.0,64.0,40.0,62.5
801,2,124,180,1.0,1.0,123.0,80.0,65.04065040650406
5134,2,24,22,4.0,5.0,34.0,13.0,38.23529411764706
2988,2,184,58,11.0,3.0,76.0,48.0,63.1578947368421
947,1,146,30,11.0,1.0,98.0,66.0,67.3469387755102
2812,1,117,11,10.0,0.0,81.0,61.0,75.30864197530865
2397,1,146,30,14.0,4.0,108.0,73.0,67.5925925925926
899,1,8,18,3.0,2.0,49.0,31.0,63.26530612244898
6232,2,135,20,10.0,2.0,92.0,59.0,64.13043478260869
3528,1,74,143,11.0,5.0,94.0,58.0,61.702127659574465
2365,1,32,64,5.0,1.0,47.0,30.0,63.829787234042556
1809,1,99,68,5.0,2.0,54.0,27.0,50.0
2464,3,129,151,1.0,1.0,78.0,42.0,53.84615384615385
979,2,168,9,5.0,2.0,65.0,39.0,60.0
3742,1,148,32,16.0,2.0,97.0,75.0,77.31958762886599
3760,2,78,9,1.0,1.0,71.0,52.0,73.23943661971832
5327,2,127,62,8.0,10.0,131.0,70.0,53.43511450381679
603,2,175,69,3.0,2.0,88.0,59.0,67.04545454545455
667,1,185,79,0.0,2.0,94.0,64.0,68.08510638297872
587,3,183,78,22.0,8.0,169.0,111.0,65.68047337278107
1080,1,76,5,3.0,2.0,109.0,66.0,60.550458715596335
1693,1,210,255,18.0,1.0,97.0,66.0,68.04123711340206
6218,2,10,20,7.0,8.0,110.0,56.0,50.90909090909091
2140,2,88,21,5.0,2.0,96.0,65.0,67.70833333333334
635,3,47,85,1.0,0.0,54.0,41.0,75.92592592592592
2956,2,179,23,9.0,4.0,141.0,80.0,56.73758865248227
840,3,180,151,2.0,5.0,85.0,57.0,67.05882352941175
1609,2,23,58,11.0,1.0,52.0,32.0,61.53846153846154
2927,2,169,179,0.0,0.0,97.0,61.0,62.88659793814433
1756,2,176,76,2.0,3.0,67.0,44.0,65.67164179104478
542,1,134,79,7.0,5.0,44.0,27.0,61.36363636363637
433,1,100,18,1.0,9.0,70.0,43.0,61.42857142857143
1060,2,84,66,1.0,2.0,84.0,51.0,60.71428571428571
3817,1,191,181,34.0,10.0,106.0,73.0,68.86792452830188
4153,2,86,56,6.0,3.0,106.0,66.0,62.264150943396224
961,1,116,7,4.0,6.0,60.0,29.0,48.333333333333336
946,1,56,86,2.0,0.0,76.0,49.0,64.47368421052632
5583,2,122,81,1.0,3.0,76.0,46.0,60.526315789473685
4523,1,3,5,14.0,6.0,134.0,100.0,74.6268656716418
82,1,25,79,20.0,6.0,94.0,61.0,64.8936170212766
1234,3,50,78,3.0,4.0,124.0,77.0,62.096774193548384
4525,2,126,21,3.0,3.0,106.0,60.0,56.60377358490566
3499,1,139,19,2.0,4.0,108.0,66.0,61.111111111111114
2433,1,193,155,7.0,4.0,88.0,56.0,63.63636363636363
853,2,35,66,2.0,2.0,52.0,33.0,63.46153846153846
618,1,198,30,7.0,3.0,77.0,48.0,62.33766233766234
4407,1,28,29,2.0,6.0,66.0,41.0,62.121212121212125
1195,1,2,4,2.0,1.0,62.0,40.0,64.51612903225806
3100,1,195,184,7.0,2.0,51.0,36.0,70.58823529411765
3072,1,144,155,4.0,3.0,73.0,50.0,68.4931506849315
1942,2,83,148,21.0,0.0,51.0,31.0,60.78431372549019
1918,1,55,1,1.0,0.0,61.0,33.0,54.09836065573771
3230,3,181,57,2.0,6.0,75.0,34.0,45.33333333333333
353,1,143,184,1.0,2.0,83.0,60.0,72.28915662650603
4240,1,113,178,1.0,5.0,86.0,52.0,60.46511627906976
1978,1,197,159,9.0,3.0,111.0,70.0,63.06306306306306
3166,2,169,179,2.0,2.0,68.0,46.0,67.64705882352942
887,2,36,21,6.0,0.0,64.0,27.0,42.1875
526,1,9,19,2.0,2.0,95.0,52.0,54.736842105263165
230,3,130,57,2.0,1.0,52.0,28.0,53.84615384615385
1729,1,108,159,4.0,0.0,59.0,45.0,76.27118644067797
979,3,129,151,6.0,6.0,58.0,35.0,60.3448275862069
1437,2,178,83,8.0,5.0,82.0,43.0,52.4390243902439
4956,2,31,6,0.0,4.0,80.0,57.0,71.25
395,2,96,22,7.0,3.0,89.0,46.0,51.68539325842697
2503,1,32,64,4.0,6.0,81.0,54.0,66.66666666666666
2796,1,98,82,1.0,1.0,52.0,31.0,59.61538461538461
1804,2,176,76,5.0,1.0,75.0,55.0,73.33333333333333
3095,3,94,78,19.0,3.0,172.0,109.0,63.372093023255815
3042,1,111,32,14.0,3.0,59.0,38.0,64.40677966101694
2304,1,30,30,1.0,3.0,45.0,25.0,55.55555555555556
3230,2,122,148,5.0,1.0,41.0,23.0,56.09756097560976
362,1,9,19,4.0,1.0,83.0,51.0,61.44578313253012
1880,2,58,90,2.0,2.0,57.0,34.0,59.64912280701754
3445,1,121,64,6.0,2.0,80.0,54.0,67.5
1588,2,175,69,4.0,1.0,50.0,27.0,54.0
1847,2,86,56,6.0,1.0,61.0,36.0,59.01639344262295
4142,1,187,68,6.0,3.0,69.0,38.0,55.072463768115945
2263,3,132,78,12.0,3.0,127.0,79.0,62.20472440944882
42,1,74,142,2.0,1.0,77.0,56.0,72.72727272727273
424,3,130,73,16.0,3.0,98.0,63.0,64.28571428571429
3148,1,45,12,4.0,0.0,50.0,38.0,76.0
2306,2,89,62,1.0,3.0,67.0,42.0,62.68656716417911
3487,2,173,149,0.0,1.0,107.0,86.0,80.37383177570094
5872,1,76,5,5.0,1.0,92.0,68.0,73.91304347826086
3995,1,165,5,18.0,3.0,151.0,91.0,60.264900662251655
1678,2,127,62,3.0,2.0,62.0,41.0,66.12903225806451
3859,1,190,19,10.0,6.0,144.0,86.0,59.72222222222222
1824,3,132,78,8.0,5.0,132.0,79.0,59.84848484848485
3041,1,113,142,5.0,4.0,65.0,38.0,58.46153846153847
985,1,31,7,5.0,1.0,74.0,42.0,56.75675675675676
220,2,175,56,7.0,2.0,75.0,42.0,56.00000000000001
2290,2,97,20,2.0,2.0,116.0,69.0,59.48275862068966
3216,2,175,220,3.0,4.0,111.0,83.0,74.77477477477478
5433,3,184,59,9.0,12.0,97.0,55.0,56.70103092783505
3638,2,40,69,1.0,2.0,81.0,50.0,61.72839506172839
3447,3,133,59,7.0,1.0,105.0,57.0,54.285714285714285
779,2,6,14,7.0,3.0,92.0,59.0,64.13043478260869
3259,1,57,87,10.0,6.0,113.0,69.0,61.06194690265486
4164,1,8,18,7.0,3.0,68.0,46.0,67.64705882352942
6120,2,184,60,12.0,5.0,88.0,52.0,59.09090909090909
1056,1,172,64,6.0,4.0,55.0,32.0,58.18181818181818
5415,1,43,13,7.0,2.0,50.0,32.0,64.0
560,1,101,80,3.0,1.0,52.0,31.0,59.61538461538461
1040,1,79,2,2.0,0.0,40.0,27.0,67.5
2446,2,135,20,0.0,0.0,35.0,26.0,74.28571428571429
3234,2,49,23,6.0,3.0,133.0,85.0,63.90977443609023
3986,1,136,68,2.0,1.0,55.0,30.0,54.54545454545454
42,2,27,83,0.0,1.0,61.0,52.0,85.24590163934425
2446,1,172,64,1.0,3.0,44.0,32.0,72.72727272727273
5833,2,49,23,0.0,10.0,82.0,45.0,54.87804878048781
524,1,136,68,8.0,8.0,78.0,43.0,55.12820512820513
200,2,127,62,2.0,0.0,10.0,9.0,90.0
3803,1,164,4,0.0,0.0,41.0,27.0,65.85365853658537
3676,2,86,81,1.0,5.0,63.0,37.0,58.730158730158735
3974,2,177,21,3.0,5.0,117.0,81.0,69.23076923076923
4441,1,103,63,2.0,1.0,36.0,22.0,61.111111111111114
3549,1,171,65,2.0,4.0,59.0,38.0,64.40677966101694
4499,1,18,31,10.0,5.0,92.0,53.0,57.608695652173914
2936,1,2,4,4.0,5.0,107.0,60.0,56.074766355140184
1362,3,182,75,3.0,2.0,67.0,44.0,65.67164179104478
5745,2,175,220,0.0,3.0,108.0,71.0,65.74074074074075
4220,1,116,7,6.0,2.0,70.0,48.0,68.57142857142857
3396,1,38,68,8.0,8.0,61.0,28.0,45.90163934426229
98,3,130,73,11.0,2.0,93.0,48.0,51.61290322580645
597,1,51,19,4.0,2.0,86.0,59.0,68.6046511627907
284,1,4,7,6.0,1.0,58.0,34.0,58.620689655172406
3125,1,120,65,3.0,5.0,76.0,44.0,57.89473684210527
420,2,174,66,3.0,3.0,55.0,27.0,49.09090909090909
4553,1,144,70,11.0,2.0,53.0,35.0,66.0377358490566
646,2,87,76,1.0,3.0,60.0,37.0,61.66666666666667
755,1,97,79,16.0,6.0,102.0,71.0,69.6078431372549
3963,1,53,80,3.0,5.0,101.0,66.0,65.34653465346535
1773,2,127,83,6.0,3.0,100.0,62.0,62.0
2203,1,30,30,6.0,4.0,57.0,35.0,61.40350877192983
3232,2,90,23,4.0,2.0,122.0,73.0,59.83606557377049
4952,1,202,226,10.0,4.0,97.0,61.0,62.88659793814433
1308,1,55,1,4.0,1.0,62.0,42.0,67.74193548387096
3125,1,172,64,15.0,3.0,110.0,62.0,56.36363636363636
3382,2,87,76,16.0,1.0,72.0,42.0,58.333333333333336
107,2,128,23,0.0,2.0,97.0,60.0,61.855670103092784
5124,1,98,67,6.0,6.0,96.0,58.0,60.416666666666664
2464,1,32,64,7.0,2.0,66.0,36.0,54.54545454545454
2843,1,99,68,8.0,4.0,85.0,52.0,61.1764705882353
1775,1,8,18,7.0,0.0,60.0,33.0,55.00000000000001
2228,2,176,76,7.0,0.0,47.0,26.0,55.319148936170215
4752,1,156,208,12.0,3.0,106.0,64.0,60.37735849056604
4098,1,105,154,1.0,2.0,63.0,39.0,61.904761904761905
3691,3,93,75,5.0,0.0,60.0,40.0,66.66666666666666
1726,1,167,146,4.0,2.0,63.0,33.0,52.38095238095239
2639,1,163,219,2.0,4.0,71.0,48.0,67.6056338028169
3705,2,125,76,7.0,2.0,64.0,44.0,68.75
5566,1,44,15,3.0,0.0,47.0,27.0,57.446808510638306
2436,1,171,65,2.0,2.0,78.0,38.0,48.717948717948715
891,3,94,78,17.0,5.0,94.0,51.0,54.25531914893617
5768,1,32,64,4.0,0.0,100.0,67.0,67.0
6117,2,116,6,6.0,2.0,102.0,59.0,57.84313725490197
3237,1,148,32,24.0,6.0,89.0,52.0,58.42696629213483
4128,2,87,76,0.0,0.0,53.0,31.0,58.490566037735846
5446,1,121,64,9.0,3.0,76.0,51.0,67.10526315789474
3321,1,45,12,1.0,3.0,62.0,31.0,50.0
250,1,74,142,1.0,3.0,55.0,26.0,47.27272727272727
2148,1,32,64,1.0,5.0,78.0,47.0,60.256410256410255
3507,1,113,142,6.0,5.0,51.0,33.0,64.70588235294117
2569,3,91,61,6.0,2.0,82.0,56.0,68.29268292682927
1774,3,132,78,13.0,3.0,90.0,57.0,63.33333333333333
1874,2,122,81,2.0,5.0,81.0,55.0,67.90123456790124
2573,1,195,184,5.0,1.0,56.0,41.0,73.21428571428571
2398,1,193,155,8.0,3.0,72.0,52.0,72.22222222222221
4145,1,138,80,9.0,3.0,66.0,44.0,66.66666666666666
3605,2,24,60,2.0,2.0,61.0,43.0,70.49180327868852
175,1,7,15,5.0,1.0,103.0,67.0,65.0485436893204
3993,1,198,30,16.0,2.0,86.0,58.0,67.44186046511628
3685,2,133,58,7.0,2.0,84.0,57.0,67.85714285714286
898,1,188,18,2.0,1.0,41.0,31.0,75.60975609756098
6404,1,99,68,2.0,2.0,51.0,35.0,68.62745098039215
4024,3,183,78,15.0,2.0,110.0,79.0,71.81818181818181
3018,1,118,2,6.0,6.0,77.0,48.0,62.33766233766234
1860,2,128,23,4.0,5.0,142.0,99.0,69.71830985915493
1943,1,190,19,10.0,1.0,98.0,48.0,48.97959183673469
6197,2,58,91,0.0,8.0,127.0,82.0,64.56692913385827
4052,2,185,20,1.0,6.0,105.0,74.0,70.47619047619048
3209,1,121,64,6.0,3.0,85.0,46.0,54.11764705882353
2456,1,106,156,2.0,0.0,62.0,43.0,69.35483870967742
2743,2,176,76,2.0,1.0,46.0,31.0,67.3913043478261
4170,1,115,5,11.0,6.0,168.0,111.0,66.07142857142857
2943,2,83,148,16.0,5.0,88.0,43.0,48.86363636363637
5652,2,170,17,5.0,3.0,53.0,29.0,54.71698113207547
1126,1,98,67,10.0,11.0,105.0,51.0,48.57142857142857
2745,1,117,11,2.0,1.0,40.0,22.0,55.00000000000001
4245,2,185,20,4.0,4.0,87.0,53.0,60.91954022988506
6081,1,31,7,2.0,2.0,109.0,74.0,67.88990825688074
704,1,147,63,11.0,2.0,90.0,57.0,63.33333333333333
3257,1,105,154,0.0,3.0,40.0,25.0,62.5
3727,1,115,5,11.0,3.0,133.0,87.0,65.41353383458647
3236,3,132,78,2.0,3.0,97.0,56.0,57.73195876288659
1759,2,89,62,5.0,1.0,92.0,56.0,60.86956521739131
2469,3,95,59,5.0,1.0,42.0,27.0,64.28571428571429
6346,2,95,60,2.0,1.0,59.0,44.0,74.57627118644068
3042,1,119,16,13.0,1.0,98.0,60.0,61.224489795918366
1225,1,76,5,9.0,4.0,78.0,46.0,58.97435897435898
3830,1,165,5,14.0,2.0,158.0,93.0,58.86075949367089
279,1,56,86,1.0,0.0,121.0,83.0,68.59504132231406
5928,3,133,59,2.0,4.0,50.0,31.0,62.0
4679,1,39,18,1.0,4.0,72.0,41.0,56.94444444444444
216,2,186,221,5.0,1.0,48.0,29.0,60.416666666666664
2400,1,52,5,2.0,3.0,63.0,35.0,55.55555555555556
694,1,37,67,4.0,3.0,107.0,65.0,60.747663551401864
2345,1,108,29,11.0,0.0,77.0,53.0,68.83116883116884
4138,2,90,23,4.0,3.0,93.0,61.0,65.59139784946237
5730,2,179,23,4.0,5.0,132.0,81.0,61.36363636363637
1245,3,47,85,9.0,2.0,58.0,30.0,51.724137931034484
6321,1,137,18,2.0,1.0,55.0,28.0,50.90909090909091
834,2,175,56,2.0,1.0,65.0,43.0,66.15384615384615
3330,1,105,155,9.0,2.0,74.0,39.0,52.702702702702695
3824,2,179,23,1.0,1.0,108.0,65.0,60.18518518518518
6232,2,124,56,5.0,5.0,95.0,58.0,61.05263157894737
2114,1,103,63,4.0,0.0,83.0,59.0,71.08433734939759
1530,1,121,64,9.0,5.0,71.0,44.0,61.97183098591549
1620,1,33,65,7.0,0.0,56.0,41.0,73.21428571428571
421,1,82,64,8.0,4.0,58.0,40.0,68.96551724137932
1055,2,176,76,2.0,1.0,95.0,63.0,66.3157894736842
4187,3,130,57,5.0,3.0,72.0,53.0,73.61111111111111
506,1,143,184,0.0,2.0,63.0,43.0,68.25396825396825
2954,1,103,94,8.0,0.0,58.0,38.0,65.51724137931035
4037,1,103,94,4.0,1.0,66.0,44.0,66.66666666666666
4572,1,18,31,2.0,2.0,47.0,26.0,55.319148936170215
5361,2,6,14,2.0,5.0,61.0,37.0,60.65573770491803
5740,1,39,18,11.0,5.0,104.0,55.0,52.88461538461539
2472,3,94,78,10.0,8.0,134.0,90.0,67.16417910447761
1080,1,144,155,6.0,1.0,114.0,67.0,58.77192982456141
3806,1,32,64,7.0,5.0,88.0,52.0,59.09090909090909
2064,2,49,23,0.0,3.0,106.0,71.0,66.98113207547169
2603,2,49,23,7.0,4.0,129.0,82.0,63.565891472868216
3141,1,111,32,6.0,1.0,57.0,40.0,70.17543859649122
6219,1,171,65,7.0,4.0,91.0,50.0,54.94505494505495
3023,1,9,19,2.0,3.0,86.0,54.0,62.7906976744186
1237,1,164,3,1.0,1.0,49.0,34.0,69.38775510204081
1923,2,95,60,6.0,3.0,83.0,43.0,51.80722891566265
829,1,139,19,8.0,5.0,81.0,48.0,59.25925925925925
1669,1,51,19,11.0,0.0,73.0,52.0,71.23287671232876
4546,3,183,78,13.0,9.0,142.0,78.0,54.929577464788736
1552,3,132,78,3.0,3.0,106.0,62.0,58.490566037735846
1710,1,76,5,8.0,1.0,70.0,47.0,67.14285714285714
80,1,17,30,4.0,4.0,51.0,28.0,54.90196078431373
1888,1,62,97,4.0,3.0,44.0,29.0,65.9090909090909
359,1,52,5,7.0,2.0,67.0,47.0,70.1492537313433
1905,2,124,56,5.0,5.0,72.0,44.0,61.111111111111114
727,1,29,28,3.0,9.0,100.0,64.0,64.0
4761,2,119,17,7.0,5.0,113.0,70.0,61.94690265486725
3727,2,21,56,3.0,2.0,61.0,36.0,59.01639344262295
1438,2,48,76,7.0,6.0,67.0,40.0,59.70149253731343
5036,1,61,106,6.0,3.0,54.0,31.0,57.407407407407405
4269,1,119,15,0.0,2.0,67.0,48.0,71.64179104477611
611,1,52,5,11.0,4.0,101.0,59.0,58.415841584158414
3026,1,52,5,5.0,2.0,84.0,53.0,63.095238095238095
4926,2,175,220,3.0,2.0,85.0,50.0,58.82352941176471
5002,1,115,5,6.0,3.0,90.0,66.0,73.33333333333333
4078,1,165,5,17.0,4.0,114.0,76.0,66.66666666666666
4020,2,175,220,0.0,3.0,108.0,71.0,65.74074074074075
22,1,113,178,6.0,2.0,88.0,57.0,64.77272727272727
1881,2,58,91,0.0,2.0,61.0,52.0,85.24590163934425
2239,3,131,75,9.0,1.0,47.0,28.0,59.57446808510638
3275,1,146,30,4.0,4.0,99.0,59.0,59.59595959595959
2004,3,92,73,2.0,0.0,82.0,59.0,71.95121951219512
3870,1,195,184,3.0,1.0,69.0,36.0,52.17391304347826
2238,1,81,65,8.0,8.0,118.0,61.0,51.69491525423729
2729,2,128,23,9.0,6.0,121.0,75.0,61.98347107438017
5939,3,91,61,4.0,2.0,78.0,53.0,67.94871794871796
1212,2,35,66,10.0,10.0,108.0,55.0,50.92592592592593
1754,1,171,65,3.0,0.0,66.0,44.0,66.66666666666666
5262,2,89,62,2.0,0.0,52.0,33.0,63.46153846153846
2861,2,117,9,2.0,2.0,78.0,45.0,57.692307692307686
5913,1,188,18,4.0,4.0,93.0,50.0,53.76344086021505
1705,2,27,83,6.0,1.0,87.0,52.0,59.77011494252874
3292,1,57,87,2.0,0.0,55.0,36.0,65.45454545454545
621,2,48,76,0.0,2.0,99.0,73.0,73.73737373737373
4035,3,93,75,0.0,4.0,58.0,37.0,63.793103448275865
5632,1,44,16,7.0,6.0,80.0,45.0,56.25
1200,2,85,69,10.0,5.0,99.0,56.0,56.56565656565656
3019,2,174,66,7.0,1.0,93.0,62.0,66.66666666666666
5036,1,164,4,1.0,4.0,49.0,32.0,65.3061224489796
2509,2,186,221,8.0,0.0,46.0,31.0,67.3913043478261
3160,1,146,30,10.0,1.0,71.0,46.0,64.7887323943662
3373,2,85,69,1.0,1.0,88.0,56.0,63.63636363636363
2563,1,37,67,3.0,0.0,49.0,20.0,40.816326530612244
29,2,13,23,7.0,3.0,187.0,111.0,59.35828877005348
1893,1,195,184,11.0,1.0,115.0,84.0,73.04347826086956
3639,2,178,62,6.0,3.0,93.0,60.0,64.51612903225806
859,3,22,57,14.0,5.0,102.0,60.0,58.82352941176471
1019,3,130,57,5.0,0.0,109.0,76.0,69.72477064220183
6279,2,184,22,6.0,2.0,94.0,64.0,68.08510638297872
5153,1,116,7,0.0,1.0,45.0,31.0,68.88888888888889
5567,2,126,21,0.0,2.0,67.0,47.0,70.1492537313433
910,1,14,26,4.0,2.0,113.0,78.0,69.02654867256636
869,1,28,29,5.0,1.0,75.0,51.0,68.0
4021,2,49,23,8.0,0.0,97.0,59.0,60.824742268041234
1518,1,117,12,8.0,1.0,72.0,50.0,69.44444444444444
4652,1,42,71,0.0,3.0,44.0,21.0,47.72727272727273
3178,1,52,5,4.0,1.0,116.0,65.0,56.03448275862068
2424,2,170,17,1.0,3.0,93.0,62.0,66.66666666666666
5780,1,169,82,2.0,4.0,59.0,31.0,52.54237288135594
1236,1,121,64,5.0,0.0,60.0,44.0,73.33333333333333
1899,3,95,59,8.0,2.0,65.0,42.0,64.61538461538461
1750,3,93,85,1.0,2.0,46.0,32.0,69.56521739130434
6382,1,120,65,0.0,4.0,80.0,49.0,61.25000000000001
2912,1,165,5,10.0,0.0,84.0,57.0,67.85714285714286
3826,1,144,55,6.0,1.0,78.0,44.0,56.41025641025641
2132,1,163,178,1.0,2.0,83.0,49.0,59.036144578313255
4643,2,122,81,1.0,2.0,35.0,23.0,65.71428571428571
4917,1,4,7,9.0,0.0,77.0,57.0,74.02597402597402
505,2,178,62,4.0,1.0,60.0,43.0,71.66666666666667
4343,2,90,23,6.0,4.0,132.0,93.0,70.45454545454545
774,3,129,61,4.0,6.0,74.0,43.0,58.108108108108105
5805,1,120,65,6.0,3.0,96.0,53.0,55.208333333333336
3630,1,80,15,3.0,0.0,105.0,66.0,62.857142857142854
5610,1,144,55,4.0,1.0,38.0,22.0,57.89473684210527
237,3,129,61,14.0,7.0,79.0,48.0,60.75949367088608
5802,1,1,1,13.0,1.0,55.0,38.0,69.0909090909091
3241,1,185,79,4.0,5.0,113.0,76.0,67.2566371681416
3742,1,119,16,5.0,1.0,61.0,50.0,81.9672131147541
3361,2,126,21,1.0,0.0,15.0,12.0,80.0
5800,1,51,19,27.0,5.0,159.0,95.0,59.74842767295597
2904,2,179,23,4.0,3.0,67.0,40.0,59.70149253731343
809,2,175,69,3.0,4.0,61.0,35.0,57.377049180327866
1090,1,105,154,11.0,1.0,85.0,52.0,61.1764705882353
2576,1,102,19,13.0,4.0,134.0,88.0,65.67164179104478
2675,1,120,65,2.0,1.0,42.0,28.0,66.66666666666666
546,1,37,67,1.0,1.0,53.0,32.0,60.37735849056604
2540,1,80,15,3.0,2.0,49.0,31.0,63.26530612244898
2766,1,165,5,15.0,5.0,162.0,95.0,58.64197530864198
4435,1,107,55,4.0,0.0,66.0,48.0,72.72727272727273
2211,1,187,68,1.0,0.0,11.0,6.0,54.54545454545454
71,1,37,67,2.0,1.0,83.0,49.0,59.036144578313255
2799,1,142,183,11.0,1.0,131.0,73.0,55.72519083969466
416,2,176,76,5.0,1.0,75.0,55.0,73.33333333333333
6322,3,47,75,11.0,1.0,39.0,20.0,51.28205128205128
1814,3,180,61,13.0,4.0,47.0,33.0,70.2127659574468
1013,1,118,2,6.0,6.0,77.0,48.0,62.33766233766234
3861,1,190,19,12.0,9.0,153.0,100.0,65.359477124183
41,2,11,21,7.0,1.0,62.0,39.0,62.903225806451616
3044,2,169,179,2.0,0.0,54.0,42.0,77.77777777777779
1863,1,190,19,7.0,1.0,71.0,40.0,56.33802816901409
2566,1,115,5,18.0,2.0,158.0,109.0,68.9873417721519
1025,3,183,78,13.0,4.0,141.0,105.0,74.46808510638297
1093,1,29,28,1.0,1.0,28.0,11.0,39.285714285714285
969,1,171,65,8.0,1.0,67.0,51.0,76.11940298507463
318,1,100,18,16.0,2.0,110.0,66.0,60.0
613,1,51,19,4.0,3.0,76.0,44.0,57.89473684210527
3017,1,119,15,0.0,1.0,45.0,27.0,60.0
2791,2,176,76,2.0,4.0,121.0,87.0,71.900826446281
6111,1,98,82,1.0,2.0,61.0,28.0,45.90163934426229
3708,1,121,64,4.0,5.0,58.0,40.0,68.96551724137932
5014,2,49,23,1.0,3.0,67.0,46.0,68.65671641791045
4192,1,138,80,2.0,4.0,71.0,38.0,53.52112676056338
3965,1,102,19,12.0,8.0,114.0,53.0,46.49122807017544
3072,2,176,76,1.0,3.0,71.0,51.0,71.83098591549296
819,1,51,19,5.0,1.0,132.0,86.0,65.15151515151516
2971,1,141,154,4.0,7.0,74.0,39.0,52.702702702702695
4342,1,190,19,11.0,9.0,131.0,71.0,54.19847328244275
181,1,6,13,3.0,4.0,119.0,74.0,62.18487394957983
3502,1,77,8,11.0,3.0,72.0,43.0,59.72222222222222
5561,1,25,79,19.0,2.0,74.0,51.0,68.91891891891892
1146,1,9,19,3.0,6.0,110.0,66.0,60.0
1572,2,177,21,1.0,2.0,88.0,69.0,78.4090909090909
2129,1,144,155,3.0,1.0,48.0,30.0,62.5
1216,1,81,65,2.0,1.0,101.0,55.0,54.45544554455446
506,1,137,18,3.0,1.0,29.0,19.0,65.51724137931035
2140,3,132,78,9.0,7.0,113.0,63.0,55.75221238938053
5553,1,4,7,20.0,12.0,115.0,64.0,55.65217391304348
800,2,83,149,3.0,1.0,59.0,37.0,62.71186440677966
5176,2,23,72,1.0,2.0,56.0,32.0,57.14285714285714
4030,1,137,18,2.0,0.0,91.0,60.0,65.93406593406593
1898,1,121,64,9.0,2.0,62.0,38.0,61.29032258064516
505,2,10,20,3.0,4.0,100.0,58.0,57.99999999999999
5918,1,51,19,9.0,5.0,133.0,86.0,64.66165413533834
4641,2,87,76,0.0,0.0,27.0,20.0,74.07407407407408
1177,2,124,69,4.0,0.0,51.0,33.0,64.70588235294117
1521,2,85,150,6.0,4.0,97.0,56.0,57.73195876288659
3468,1,43,2,1.0,1.0,94.0,63.0,67.02127659574468
5965,2,179,23,3.0,2.0,87.0,52.0,59.77011494252874
948,1,136,68,3.0,2.0,64.0,43.0,67.1875
3132,1,141,154,6.0,4.0,78.0,44.0,56.41025641025641
994,1,81,65,6.0,6.0,81.0,49.0,60.49382716049383
2150,2,125,76,1.0,0.0,55.0,37.0,67.27272727272727
5398,1,1,2,5.0,0.0,58.0,29.0,50.0
5637,2,90,23,8.0,2.0,113.0,60.0,53.09734513274337
5818,1,171,65,5.0,4.0,62.0,37.0,59.67741935483871
4903,2,20,38,6.0,2.0,99.0,65.0,65.65656565656566
3846,1,120,65,5.0,4.0,78.0,52.0,66.66666666666666
6072,1,145,29,4.0,1.0,63.0,43.0,68.25396825396825
3029,1,121,64,11.0,5.0,87.0,54.0,62.06896551724138
6450,1,3,5,8.0,1.0,89.0,61.0,68.53932584269663
3389,1,52,5,16.0,4.0,111.0,77.0,69.36936936936937
2209,3,132,78,8.0,0.0,94.0,65.0,69.14893617021278
3509,1,165,5,12.0,5.0,116.0,70.0,60.3448275862069
6222,1,114,4,8.0,2.0,64.0,37.0,57.8125
2336,3,182,75,15.0,1.0,54.0,44.0,81.48148148148148
792,1,121,64,6.0,0.0,65.0,38.0,58.46153846153847
2530,2,179,23,1.0,3.0,81.0,54.0,66.66666666666666
4080,1,113,178,5.0,4.0,61.0,37.0,60.65573770491803
5281,2,173,148,7.0,5.0,89.0,50.0,56.17977528089888
455,1,120,65,4.0,0.0,53.0,38.0,71.69811320754717
6252,1,23,82,4.0,1.0,44.0,28.0,63.63636363636363
2066,1,204,247,1.0,0.0,59.0,36.0,61.016949152542374
366,1,7,16,1.0,1.0,60.0,39.0,65.0
4083,1,148,32,15.0,3.0,109.0,70.0,64.22018348623854
4105,1,171,65,1.0,0.0,39.0,31.0,79.48717948717949
3182,2,78,9,4.0,0.0,61.0,46.0,75.40983606557377
5765,1,20,44,10.0,2.0,55.0,34.0,61.81818181818181
3238,1,16,29,0.0,0.0,11.0,8.0,72.72727272727273
4496,1,14,26,7.0,2.0,76.0,51.0,67.10526315789474
6178,1,165,5,13.0,5.0,98.0,57.0,58.16326530612245
960,2,135,20,19.0,5.0,90.0,54.0,60.0
2393,3,50,78,11.0,3.0,104.0,60.0,57.692307692307686
6208,1,215,263,10.0,1.0,92.0,72.0,78.26086956521739
525,3,130,57,5.0,5.0,95.0,53.0,55.78947368421052
6044,2,167,6,0.0,1.0,66.0,49.0,74.24242424242425
4054,2,177,21,1.0,0.0,42.0,26.0,61.904761904761905
742,2,13,23,14.0,7.0,186.0,112.0,60.215053763440864
3245,1,55,1,4.0,1.0,75.0,44.0,58.666666666666664
3221,1,197,159,14.0,1.0,53.0,35.0,66.0377358490566
398,1,14,26,6.0,2.0,71.0,44.0,61.97183098591549
2463,2,83,148,7.0,2.0,59.0,35.0,59.32203389830508
5406,2,59,93,2.0,1.0,66.0,43.0,65.15151515151516
2449,1,56,88,1.0,4.0,65.0,41.0,63.07692307692307
1517,1,102,19,9.0,3.0,111.0,53.0,47.74774774774775
5100,1,145,159,3.0,2.0,57.0,46.0,80.7017543859649
6338,1,30,30,1.0,1.0,61.0,33.0,54.09836065573771
313,2,116,6,2.0,0.0,31.0,25.0,80.64516129032258
186,1,115,5,4.0,0.0,88.0,52.0,59.09090909090909
264,1,167,13,9.0,2.0,51.0,32.0,62.745098039215684
1123,1,121,64,3.0,2.0,40.0,21.0,52.5
3587,2,135,20,10.0,2.0,92.0,59.0,64.13043478260869
51,2,11,21,1.0,1.0,59.0,30.0,50.847457627118644
167,1,146,30,8.0,2.0,120.0,83.0,69.16666666666667
3900,1,2,3,4.0,2.0,64.0,35.0,54.6875
4756,1,7,15,3.0,2.0,93.0,65.0,69.89247311827957
5829,1,135,82,1.0,3.0,84.0,55.0,65.47619047619048
3316,3,92,57,2.0,5.0,104.0,62.0,59.61538461538461
731,1,16,29,18.0,7.0,103.0,63.0,61.165048543689316
4052,1,115,5,0.0,4.0,84.0,61.0,72.61904761904762
3720,3,182,85,2.0,1.0,46.0,22.0,47.82608695652174
3719,1,81,65,10.0,1.0,62.0,45.0,72.58064516129032
1077,2,49,23,5.0,2.0,75.0,51.0,68.0
2517,2,175,69,0.0,3.0,92.0,62.0,67.3913043478261
3800,1,211,252,4.0,0.0,57.0,37.0,64.91228070175438
258,3,133,59,3.0,1.0,37.0,22.0,59.45945945945946
291,3,132,78,10.0,4.0,135.0,94.0,69.62962962962963
921,1,194,183,6.0,2.0,123.0,74.0,60.16260162601627
2160,2,174,66,1.0,1.0,57.0,38.0,66.66666666666666
2161,1,109,30,14.0,3.0,77.0,45.0,58.44155844155844
1269,1,56,86,7.0,3.0,60.0,35.0,58.333333333333336
3047,2,119,17,4.0,4.0,83.0,51.0,61.44578313253012
1696,3,130,73,3.0,6.0,83.0,51.0,61.44578313253012
3319,1,188,18,13.0,6.0,92.0,59.0,64.13043478260869
2423,1,198,30,3.0,2.0,101.0,55.0,54.45544554455446
615,1,170,15,4.0,3.0,78.0,43.0,55.12820512820513
1603,1,16,29,5.0,1.0,59.0,38.0,64.40677966101694
1181,1,190,19,16.0,6.0,83.0,48.0,57.831325301204814
913,1,42,71,3.0,1.0,67.0,36.0,53.73134328358209
1241,2,85,150,6.0,4.0,97.0,56.0,57.73195876288659
2054,1,23,82,6.0,6.0,70.0,38.0,54.285714285714285
798,2,177,21,9.0,3.0,54.0,38.0,70.37037037037037
605,3,50,78,22.0,1.0,103.0,65.0,63.10679611650486
2228,1,80,15,5.0,4.0,64.0,36.0,56.25
3393,1,15,27,8.0,2.0,47.0,28.0,59.57446808510638
2585,3,94,78,5.0,7.0,92.0,53.0,57.608695652173914
1614,1,7,16,10.0,1.0,96.0,56.0,58.333333333333336
3014,1,52,5,10.0,2.0,68.0,40.0,58.82352941176471
5360,1,76,5,13.0,3.0,158.0,109.0,68.9873417721519
907,3,93,75,4.0,2.0,102.0,71.0,69.6078431372549
1694,2,23,72,1.0,3.0,94.0,66.0,70.2127659574468
3748,1,51,19,25.0,7.0,144.0,88.0,61.111111111111114
2840,2,186,221,5.0,3.0,70.0,49.0,70.0
3111,1,115,5,5.0,2.0,102.0,76.0,74.50980392156863
6077,1,76,5,3.0,5.0,90.0,57.0,63.33333333333333
2106,3,91,61,9.0,3.0,66.0,40.0,60.60606060606061
786,1,137,18,6.0,2.0,75.0,44.0,58.666666666666664
3858,2,87,76,6.0,2.0,94.0,62.0,65.95744680851064
2219,1,44,15,1.0,3.0,43.0,21.0,48.837209302325576
5524,2,96,58,5.0,1.0,37.0,23.0,62.16216216216216
2957,2,24,22,4.0,1.0,42.0,22.0,52.38095238095239
3657,3,131,85,3.0,7.0,74.0,48.0,64.86486486486487
4554,1,102,19,13.0,5.0,92.0,59.0,64.13043478260869
4136,1,41,70,10.0,1.0,70.0,48.0,68.57142857142857
4206,1,113,8,2.0,0.0,39.0,21.0,53.84615384615385
1447,1,78,11,5.0,1.0,79.0,51.0,64.55696202531645
3382,1,100,18,14.0,3.0,108.0,70.0,64.81481481481481
4635,1,82,64,5.0,3.0,94.0,70.0,74.46808510638297
809,2,176,76,4.0,1.0,68.0,42.0,61.76470588235294
3372,1,2,4,6.0,2.0,80.0,52.0,65.0
2057,2,173,148,8.0,3.0,105.0,44.0,41.904761904761905
5226,1,7,16,5.0,1.0,96.0,71.0,73.95833333333334
986,1,196,55,5.0,0.0,48.0,36.0,75.0
790,2,175,56,2.0,1.0,56.0,33.0,58.92857142857143
3384,1,187,68,13.0,6.0,97.0,68.0,70.10309278350515
4443,1,41,70,5.0,2.0,99.0,63.0,63.63636363636363
2352,1,81,65,1.0,2.0,82.0,51.0,62.19512195121951
5633,1,104,31,8.0,2.0,56.0,31.0,55.35714285714286
2241,2,48,76,9.0,2.0,61.0,40.0,65.57377049180327
1640,1,137,18,3.0,2.0,29.0,12.0,41.37931034482759
6246,1,7,15,9.0,8.0,76.0,36.0,47.368421052631575
1799,1,76,5,1.0,3.0,127.0,73.0,57.48031496062992
4722,1,102,19,2.0,1.0,94.0,51.0,54.25531914893617
216,1,139,19,7.0,5.0,94.0,57.0,60.63829787234043
3026,1,165,5,10.0,8.0,156.0,100.0,64.1025641025641
5562,1,114,144,13.0,5.0,109.0,62.0,56.88073394495413
1775,1,56,86,6.0,7.0,111.0,83.0,74.77477477477478
2859,1,144,70,0.0,3.0,61.0,40.0,65.57377049180327
652,1,38,68,6.0,5.0,52.0,26.0,50.0
2670,1,107,55,15.0,2.0,91.0,52.0,57.14285714285714
1856,3,132,78,14.0,11.0,144.0,85.0,59.02777777777778
1236,3,22,73,8.0,2.0,67.0,51.0,76.11940298507463
1350,2,86,81,7.0,4.0,77.0,46.0,59.74025974025974
2411,1,30,30,7.0,2.0,74.0,43.0,58.108108108108105
5133,1,33,65,4.0,0.0,54.0,28.0,51.85185185185185
4746,2,134,72,3.0,3.0,89.0,71.0,79.7752808988764
1055,3,183,78,2.0,2.0,136.0,82.0,60.29411764705882
1937,1,32,64,10.0,3.0,63.0,45.0,71.42857142857143
4581,2,185,20,1.0,0.0,86.0,63.0,73.25581395348837
3343,1,37,67,3.0,3.0,62.0,35.0,56.451612903225815
1615,1,105,154,1.0,3.0,63.0,41.0,65.07936507936508
3258,1,188,18,5.0,7.0,91.0,48.0,52.74725274725275
2066,2,87,76,9.0,1.0,93.0,69.0,74.19354838709677
6043,1,77,8,13.0,3.0,52.0,34.0,65.38461538461539
1897,1,143,184,4.0,1.0,49.0,32.0,65.3061224489796
1824,2,49,23,10.0,2.0,98.0,57.0,58.16326530612245
1868,2,49,23,3.0,1.0,100.0,59.0,59.0
1939,2,168,9,2.0,3.0,69.0,45.0,65.21739130434783
777,1,190,19,5.0,3.0,86.0,39.0,45.348837209302324
1353,1,97,79,10.0,8.0,70.0,39.0,55.714285714285715
5941,2,126,21,8.0,1.0,94.0,65.0,69.14893617021278
3646,1,78,146,11.0,3.0,106.0,64.0,60.37735849056604
2944,3,133,59,2.0,4.0,55.0,28.0,50.90909090909091
2556,1,81,65,7.0,5.0,99.0,64.0,64.64646464646465
2589,3,50,78,8.0,5.0,141.0,91.0,64.53900709219859
616,2,174,66,3.0,1.0,73.0,35.0,47.94520547945205
3816,1,81,65,4.0,4.0,78.0,42.0,53.84615384615385
3535,1,151,204,6.0,1.0,76.0,67.0,88.1578947368421
3412,1,101,80,3.0,8.0,62.0,22.0,35.483870967741936
2156,1,76,5,1.0,3.0,92.0,57.0,61.95652173913043
1826,2,49,23,0.0,4.0,84.0,47.0,55.952380952380956
2042,2,133,58,7.0,2.0,84.0,57.0,67.85714285714286
1804,1,115,5,22.0,4.0,162.0,105.0,64.81481481481481
1698,1,135,67,8.0,4.0,113.0,54.0,47.78761061946903
4447,1,139,19,8.0,7.0,159.0,90.0,56.60377358490566
3443,1,121,64,4.0,4.0,102.0,69.0,67.64705882352942
1175,3,132,78,11.0,4.0,134.0,90.0,67.16417910447761
1690,1,165,5,14.0,6.0,156.0,94.0,60.256410256410255
2369,2,176,76,6.0,8.0,81.0,49.0,60.49382716049383
1361,1,41,70,3.0,3.0,72.0,43.0,59.72222222222222
275,1,16,29,11.0,2.0,63.0,39.0,61.904761904761905
1690,1,16,29,10.0,4.0,72.0,39.0,54.166666666666664
2094,1,105,154,8.0,0.0,103.0,69.0,66.99029126213593
2967,2,88,21,2.0,2.0,56.0,35.0,62.5
2337,1,6,12,4.0,1.0,76.0,47.0,61.8421052631579
4539,1,16,28,7.0,7.0,96.0,47.0,48.95833333333333
3572,3,22,57,11.0,3.0,128.0,74.0,57.8125
3566,2,83,149,0.0,4.0,78.0,43.0,55.12820512820513
125,1,99,68,5.0,0.0,48.0,33.0,68.75
3226,1,14,26,2.0,2.0,55.0,30.0,54.54545454545454
1000,1,115,5,6.0,2.0,97.0,62.0,63.91752577319587
4738,3,180,61,27.0,1.0,132.0,95.0,71.96969696969697
4155,2,127,62,8.0,10.0,131.0,70.0,53.43511450381679
1499,1,76,5,6.0,3.0,209.0,153.0,73.20574162679426
5969,1,98,82,8.0,3.0,57.0,32.0,56.14035087719298
923,3,91,61,2.0,3.0,79.0,53.0,67.08860759493672
3833,1,169,82,1.0,1.0,36.0,20.0,55.55555555555556
3529,1,105,155,6.0,5.0,106.0,57.0,53.77358490566038
2792,1,28,74,2.0,1.0,88.0,44.0,50.0
234,1,199,77,13.0,3.0,54.0,34.0,62.96296296296296
3724,1,44,16,2.0,0.0,50.0,31.0,62.0
506,1,115,5,14.0,2.0,95.0,63.0,66.3157894736842
6163,1,81,65,2.0,4.0,69.0,39.0,56.52173913043478
3320,3,22,57,3.0,2.0,61.0,45.0,73.77049180327869
2841,1,78,146,5.0,0.0,91.0,62.0,68.13186813186813
1311,2,97,20,2.0,2.0,77.0,46.0,59.74025974025974
1228,3,184,59,3.0,3.0,63.0,37.0,58.730158730158735
327,1,74,1,15.0,6.0,78.0,51.0,65.38461538461539
3337,1,140,182,11.0,2.0,59.0,37.0,62.71186440677966
4716,3,47,85,8.0,0.0,52.0,34.0,65.38461538461539
4090,1,9,19,17.0,1.0,87.0,59.0,67.81609195402298
422,2,134,72,3.0,5.0,78.0,45.0,57.692307692307686
3849,1,186,67,14.0,2.0,100.0,55.0,55.00000000000001
681,1,76,5,3.0,2.0,79.0,56.0,70.88607594936708
22,1,23,82,3.0,3.0,41.0,25.0,60.97560975609756
984,1,17,30,1.0,9.0,87.0,56.0,64.36781609195403
4696,1,52,5,5.0,0.0,74.0,46.0,62.16216216216216
1460,2,21,81,1.0,2.0,91.0,61.0,67.03296703296702
3100,2,176,76,5.0,1.0,43.0,32.0,74.4186046511628
2278,2,123,66,2.0,2.0,68.0,43.0,63.23529411764706
526,3,91,61,7.0,1.0,53.0,26.0,49.056603773584904
777,3,22,57,4.0,1.0,47.0,28.0,59.57446808510638
906,1,167,146,5.0,1.0,53.0,32.0,60.37735849056604
3047,2,58,91,1.0,8.0,104.0,60.0,57.692307692307686
3771,1,146,30,4.0,4.0,90.0,61.0,67.77777777777779
1161,1,33,65,3.0,1.0,39.0,23.0,58.97435897435898
3055,3,183,78,14.0,9.0,97.0,54.0,55.670103092783506
1576,2,125,76,10.0,1.0,61.0,38.0,62.295081967213115
5901,3,133,59,1.0,0.0,53.0,38.0,71.69811320754717
1030,1,77,7,3.0,2.0,43.0,26.0,60.46511627906976
3558,1,72,132,5.0,1.0,47.0,37.0,78.72340425531915
2747,1,145,29,4.0,1.0,63.0,43.0,68.25396825396825
2338,1,78,11,1.0,4.0,55.0,31.0,56.36363636363636
529,2,71,122,1.0,2.0,100.0,63.0,63.0
1068,1,1,1,1.0,1.0,67.0,48.0,71.64179104477611
6311,1,28,74,15.0,7.0,74.0,47.0,63.51351351351351
1471,1,53,80,9.0,5.0,87.0,49.0,56.32183908045977
4446,1,31,7,3.0,1.0,70.0,44.0,62.857142857142854
4217,2,176,76,3.0,4.0,131.0,83.0,63.358778625954194
1473,2,48,76,8.0,4.0,47.0,24.0,51.06382978723404
2814,1,28,29,9.0,1.0,78.0,45.0,57.692307692307686
389,1,137,18,2.0,4.0,74.0,44.0,59.45945945945946
3561,1,141,154,12.0,5.0,126.0,79.0,62.698412698412696
648,2,58,91,2.0,3.0,75.0,41.0,54.666666666666664
2850,2,125,76,4.0,0.0,51.0,35.0,68.62745098039215
5208,1,101,80,2.0,3.0,47.0,27.0,57.446808510638306
3626,2,123,66,4.0,4.0,50.0,29.0,57.99999999999999
407,1,8,18,6.0,3.0,102.0,47.0,46.07843137254902
3197,2,36,21,1.0,0.0,50.0,29.0,57.99999999999999
1317,2,90,23,0.0,3.0,67.0,42.0,62.68656716417911
4103,1,139,19,12.0,4.0,127.0,83.0,65.35433070866141
3588,3,181,73,6.0,5.0,91.0,54.0,59.34065934065934
4158,2,126,21,1.0,2.0,45.0,33.0,73.33333333333333
2845,2,49,23,9.0,6.0,101.0,59.0,58.415841584158414
122,1,99,68,7.0,3.0,74.0,42.0,56.75675675675676
4876,3,183,78,5.0,1.0,84.0,51.0,60.71428571428571
1454,1,79,13,7.0,1.0,78.0,54.0,69.23076923076923
2122,2,176,76,11.0,0.0,83.0,54.0,65.06024096385542
300,1,51,19,12.0,2.0,150.0,99.0,66.0
4098,1,34,11,2.0,0.0,59.0,36.0,61.016949152542374
1687,1,145,159,7.0,1.0,91.0,57.0,62.637362637362635
2737,1,168,11,13.0,0.0,87.0,55.0,63.2183908045977
6182,3,131,75,8.0,2.0,46.0,19.0,41.30434782608695
697,1,107,70,3.0,0.0,42.0,19.0,45.23809523809524
3382,1,33,65,14.0,1.0,104.0,62.0,59.61538461538461
3070,2,126,21,4.0,1.0,52.0,35.0,67.3076923076923
2262,1,76,5,7.0,3.0,109.0,63.0,57.798165137614674
445,1,165,5,9.0,1.0,110.0,64.0,58.18181818181818
658,1,79,2,13.0,2.0,116.0,87.0,75.0
945,1,1,1,6.0,5.0,108.0,57.0,52.77777777777778
1142,2,90,23,12.0,4.0,116.0,69.0,59.48275862068966
3754,1,191,181,8.0,2.0,89.0,60.0,67.41573033707866
5134,2,79,147,9.0,6.0,124.0,55.0,44.354838709677416
3720,2,175,69,1.0,2.0,67.0,49.0,73.13432835820896
2388,2,119,17,8.0,4.0,76.0,48.0,63.1578947368421
2582,1,186,67,12.0,4.0,92.0,62.0,67.3913043478261
1220,1,54,31,4.0,5.0,57.0,32.0,56.14035087719298
257,1,43,13,7.0,1.0,36.0,28.0,77.77777777777779
229,1,8,18,35.0,6.0,117.0,84.0,71.7948717948718
3048,3,50,78,3.0,2.0,96.0,55.0,57.291666666666664
213,2,173,149,0.0,1.0,61.0,44.0,72.1311475409836
3422,1,80,15,3.0,0.0,44.0,24.0,54.54545454545454
5841,1,5,11,1.0,3.0,61.0,27.0,44.26229508196721
2389,2,124,56,10.0,5.0,101.0,55.0,54.45544554455446
39,1,39,18,2.0,5.0,84.0,44.0,52.38095238095239
3166,1,120,65,0.0,1.0,49.0,32.0,65.3061224489796
1937,2,58,91,1.0,1.0,58.0,38.0,65.51724137931035
2659,1,195,184,6.0,2.0,79.0,50.0,63.29113924050633
6096,3,47,75,2.0,3.0,56.0,35.0,62.5
740,3,94,78,18.0,9.0,153.0,97.0,63.39869281045751
541,1,46,32,1.0,3.0,62.0,43.0,69.35483870967742
3499,1,33,65,3.0,2.0,42.0,25.0,59.523809523809526
1918,3,92,57,3.0,1.0,80.0,47.0,58.75
3666,3,181,73,22.0,4.0,89.0,57.0,64.04494382022472
1055,2,122,148,4.0,4.0,85.0,46.0,54.11764705882353
969,2,49,23,9.0,8.0,108.0,62.0,57.407407407407405
3027,3,92,73,2.0,3.0,62.0,36.0,58.06451612903226
1008,1,115,5,17.0,5.0,173.0,106.0,61.27167630057804
3439,1,119,16,6.0,4.0,94.0,56.0,59.57446808510638
2400,1,5,10,6.0,2.0,80.0,51.0,63.74999999999999
5278,1,76,5,12.0,2.0,98.0,57.0,58.16326530612245
5398,1,99,68,7.0,3.0,78.0,44.0,56.41025641025641
1487,1,16,29,9.0,0.0,57.0,33.0,57.89473684210527
508,1,52,5,4.0,4.0,109.0,68.0,62.38532110091744
106,1,32,64,2.0,3.0,73.0,50.0,68.4931506849315
4657,2,84,66,1.0,10.0,101.0,45.0,44.554455445544555
1778,2,80,17,10.0,0.0,62.0,43.0,69.35483870967742
2886,3,131,85,1.0,4.0,83.0,47.0,56.62650602409639
3236,2,86,56,3.0,1.0,40.0,28.0,70.0
1298,3,93,75,7.0,0.0,86.0,52.0,60.46511627906976
3256,1,139,19,17.0,2.0,137.0,67.0,48.9051094890511
3217,1,100,18,9.0,3.0,52.0,33.0,63.46153846153846
5832,1,115,5,2.0,3.0,127.0,83.0,65.35433070866141
5794,3,47,85,1.0,0.0,22.0,12.0,54.54545454545454
1956,3,94,78,0.0,2.0,79.0,48.0,60.75949367088608
409,1,100,18,5.0,3.0,109.0,66.0,60.550458715596335
260,2,118,179,8.0,3.0,76.0,47.0,61.8421052631579
2252,1,79,2,1.0,1.0,41.0,23.0,56.09756097560976
3686,1,190,19,4.0,8.0,144.0,86.0,59.72222222222222
2274,1,196,70,2.0,1.0,73.0,47.0,64.38356164383562
6032,1,121,64,9.0,3.0,76.0,51.0,67.10526315789474
1579,1,97,79,2.0,1.0,58.0,40.0,68.96551724137932
4096,1,1,1,6.0,1.0,65.0,46.0,70.76923076923077
3053,2,177,21,4.0,1.0,87.0,50.0,57.47126436781609
3002,2,123,66,10.0,4.0,74.0,46.0,62.16216216216216
3366,2,84,66,8.0,1.0,47.0,28.0,59.57446808510638
4573,2,117,9,11.0,5.0,94.0,48.0,51.06382978723404
5096,2,84,66,2.0,4.0,88.0,58.0,65.9090909090909
276,1,32,64,5.0,1.0,100.0,57.0,56.99999999999999
2846,3,132,78,8.0,11.0,111.0,66.0,59.45945945945946
4121,1,172,64,8.0,2.0,84.0,61.0,72.61904761904762
2189,1,104,152,6.0,2.0,70.0,47.0,67.14285714285714
2261,2,49,23,1.0,2.0,167.0,97.0,58.08383233532935
1080,1,186,67,5.0,2.0,100.0,70.0,70.0
3980,2,90,23,4.0,2.0,106.0,60.0,56.60377358490566
4029,1,80,15,12.0,2.0,48.0,32.0,66.66666666666666
4690,1,191,181,8.0,2.0,52.0,38.0,73.07692307692307
1603,1,198,30,17.0,1.0,79.0,51.0,64.55696202531645
787,1,4,8,5.0,6.0,95.0,40.0,42.10526315789473
3026,3,92,73,8.0,0.0,66.0,54.0,81.81818181818183
3119,1,142,183,6.0,5.0,84.0,44.0,52.38095238095239
5694,1,23,82,11.0,3.0,116.0,67.0,57.758620689655174
3848,1,165,5,12.0,2.0,118.0,80.0,67.79661016949152
761,1,33,65,2.0,3.0,73.0,45.0,61.64383561643836
2267,2,135,20,6.0,3.0,76.0,45.0,59.210526315789465
687,3,50,78,3.0,3.0,65.0,39.0,60.0
36,3,130,73,14.0,8.0,113.0,68.0,60.17699115044248
1470,1,102,19,18.0,10.0,106.0,66.0,62.264150943396224
4965,2,126,21,8.0,1.0,94.0,65.0,69.14893617021278
5516,1,76,5,3.0,1.0,95.0,65.0,68.42105263157895
3189,1,145,29,5.0,2.0,85.0,51.0,60.0
1638,3,50,78,9.0,2.0,60.0,41.0,68.33333333333333
3875,1,97,79,12.0,3.0,81.0,54.0,66.66666666666666
5283,2,177,21,1.0,1.0,54.0,37.0,68.51851851851852
1555,1,79,12,1.0,1.0,82.0,59.0,71.95121951219512
3279,1,104,153,9.0,2.0,52.0,29.0,55.769230769230774
5288,2,97,20,7.0,4.0,99.0,63.0,63.63636363636363
807,2,34,9,4.0,4.0,64.0,37.0,57.8125
536,1,9,19,7.0,5.0,133.0,89.0,66.9172932330827
3873,1,121,64,5.0,0.0,60.0,44.0,73.33333333333333
1868,2,96,22,0.0,0.0,42.0,31.0,73.80952380952381
372,1,51,19,13.0,1.0,92.0,63.0,68.47826086956522
2,1,33,65,0.0,0.0,126.0,92.0,73.01587301587301
3740,1,195,184,6.0,1.0,85.0,46.0,54.11764705882353
633,1,3,5,17.0,6.0,160.0,107.0,66.875
6174,2,77,6,3.0,0.0,46.0,28.0,60.86956521739131
297,2,13,23,9.0,3.0,158.0,106.0,67.08860759493672
2889,1,197,159,13.0,2.0,111.0,79.0,71.17117117117117
294,2,58,90,12.0,3.0,61.0,39.0,63.934426229508205
5176,2,49,23,10.0,4.0,85.0,64.0,75.29411764705883
5732,2,167,6,3.0,2.0,47.0,32.0,68.08510638297872
1715,1,113,142,6.0,3.0,67.0,36.0,53.73134328358209
3614,2,173,149,3.0,5.0,102.0,62.0,60.78431372549019
6205,3,129,151,6.0,6.0,58.0,35.0,60.3448275862069
640,1,8,18,3.0,2.0,73.0,38.0,52.054794520547944
369,1,32,64,23.0,1.0,97.0,65.0,67.0103092783505
4746,1,82,64,6.0,1.0,54.0,32.0,59.25925925925925
5560,1,165,5,14.0,7.0,114.0,64.0,56.14035087719298
4155,1,165,5,8.0,8.0,119.0,77.0,64.70588235294117
1518,2,58,91,3.0,1.0,109.0,61.0,55.96330275229357
3162,1,203,236,13.0,4.0,79.0,47.0,59.49367088607595
1773,1,103,94,7.0,1.0,80.0,48.0,60.0
1907,2,89,83,1.0,0.0,59.0,34.0,57.6271186440678
2338,2,49,23,5.0,3.0,92.0,59.0,64.13043478260869
4510,1,23,82,6.0,6.0,70.0,38.0,54.285714285714285
1644,1,164,4,7.0,0.0,48.0,33.0,68.75
1889,1,101,80,5.0,2.0,63.0,46.0,73.01587301587301
4266,3,94,78,3.0,3.0,127.0,84.0,66.14173228346458
4905,1,53,80,2.0,6.0,90.0,51.0,56.666666666666664
5399,1,30,30,10.0,4.0,81.0,49.0,60.49382716049383
2306,2,5,9,3.0,2.0,38.0,28.0,73.68421052631578
2793,1,108,29,4.0,4.0,52.0,25.0,48.07692307692308
3412,1,51,19,7.0,6.0,121.0,73.0,60.33057851239669
906,1,188,18,11.0,6.0,120.0,58.0,48.333333333333336
1453,3,93,75,0.0,2.0,91.0,53.0,58.24175824175825
1355,2,83,148,7.0,3.0,59.0,35.0,59.32203389830508
2530,2,175,69,2.0,3.0,54.0,28.0,51.85185185185185
82,1,9,19,16.0,2.0,94.0,51.0,54.25531914893617
3003,1,120,65,9.0,1.0,59.0,43.0,72.88135593220339
3431,2,90,23,6.0,3.0,79.0,50.0,63.29113924050633
3324,2,176,76,1.0,0.0,65.0,39.0,60.0
2896,2,175,220,1.0,0.0,85.0,61.0,71.76470588235294
3300,1,98,67,4.0,4.0,91.0,41.0,45.05494505494506
2542,1,102,19,3.0,3.0,118.0,69.0,58.47457627118644
390,2,27,62,0.0,0.0,59.0,43.0,72.88135593220339
2811,1,32,64,3.0,6.0,92.0,64.0,69.56521739130434
1147,1,117,11,6.0,4.0,73.0,38.0,52.054794520547944
3038,1,115,5,12.0,3.0,169.0,121.0,71.59763313609467
1895,3,22,57,4.0,2.0,61.0,40.0,65.57377049180327
1831,1,146,30,5.0,3.0,89.0,54.0,60.67415730337079
3481,1,30,30,2.0,0.0,28.0,19.0,67.85714285714286
1153,2,21,56,3.0,7.0,105.0,56.0,53.333333333333336
1484,3,132,78,11.0,8.0,135.0,74.0,54.81481481481482
749,3,129,151,5.0,1.0,62.0,43.0,69.35483870967742
1744,2,49,23,0.0,4.0,130.0,95.0,73.07692307692307
884,2,179,23,4.0,6.0,136.0,85.0,62.5
2968,3,50,78,18.0,4.0,119.0,88.0,73.94957983193278
4976,2,20,33,3.0,2.0,42.0,28.0,66.66666666666666
4684,2,90,23,5.0,7.0,150.0,85.0,56.666666666666664
3557,3,181,57,5.0,4.0,81.0,46.0,56.79012345679012
518,1,33,65,12.0,8.0,101.0,62.0,61.386138613861384
2944,1,163,219,4.0,2.0,91.0,62.0,68.13186813186813
2373,1,197,159,2.0,4.0,80.0,62.0,77.5
4725,2,43,17,2.0,5.0,100.0,58.0,57.99999999999999
6270,1,147,31,5.0,2.0,111.0,66.0,59.45945945945946
2354,1,203,248,1.0,2.0,59.0,38.0,64.40677966101694
4934,1,29,28,4.0,3.0,96.0,62.0,64.58333333333334
3535,1,116,146,5.0,1.0,46.0,33.0,71.73913043478261
2734,1,171,65,3.0,6.0,63.0,28.0,44.44444444444444
1220,3,183,78,12.0,7.0,137.0,86.0,62.77372262773723
1690,1,19,32,10.0,4.0,56.0,38.0,67.85714285714286
3536,2,48,76,14.0,9.0,72.0,47.0,65.27777777777779
1995,1,121,64,6.0,1.0,57.0,42.0,73.68421052631578
5045,1,54,31,11.0,1.0,98.0,60.0,61.224489795918366
6149,2,175,69,3.0,5.0,88.0,45.0,51.13636363636363
3524,1,51,19,5.0,2.0,106.0,64.0,60.37735849056604
6240,2,13,23,3.0,6.0,121.0,67.0,55.371900826446286
3495,1,120,65,3.0,7.0,62.0,35.0,56.451612903225815
2901,1,143,184,8.0,5.0,95.0,57.0,60.0
2761,2,58,90,0.0,2.0,59.0,36.0,61.016949152542374
849,1,171,65,6.0,0.0,60.0,33.0,55.00000000000001
882,1,169,2,4.0,1.0,74.0,45.0,60.810810810810814
3389,2,112,166,4.0,2.0,57.0,39.0,68.42105263157895
3847,2,175,69,1.0,3.0,70.0,40.0,57.14285714285714
4151,1,3,5,6.0,1.0,72.0,47.0,65.27777777777779
2435,1,103,63,5.0,0.0,61.0,36.0,59.01639344262295
161,1,187,68,0.0,5.0,41.0,19.0,46.34146341463415
2077,1,76,5,11.0,9.0,140.0,75.0,53.57142857142857
2140,1,193,155,5.0,4.0,65.0,41.0,63.07692307692307
2109,1,101,80,14.0,3.0,117.0,72.0,61.53846153846154
1567,1,143,184,2.0,3.0,54.0,39.0,72.22222222222221
1540,1,143,184,6.0,0.0,95.0,62.0,65.26315789473685
2654,2,24,60,1.0,4.0,102.0,63.0,61.76470588235294
2413,3,92,73,2.0,3.0,62.0,36.0,58.06451612903226
4952,1,196,55,3.0,2.0,63.0,39.0,61.904761904761905
2715,1,9,19,10.0,1.0,100.0,51.0,51.0
674,1,117,12,3.0,3.0,52.0,32.0,61.53846153846154
3799,2,13,23,2.0,3.0,90.0,72.0,80.0
3197,3,93,85,1.0,5.0,87.0,42.0,48.275862068965516
3544,2,178,83,3.0,1.0,65.0,39.0,60.0
3231,1,4,7,10.0,10.0,120.0,74.0,61.66666666666667
1041,1,9,19,9.0,7.0,97.0,44.0,45.36082474226804
1863,1,111,32,5.0,1.0,90.0,56.0,62.22222222222222
1364,1,107,70,0.0,1.0,67.0,44.0,65.67164179104478
5651,1,42,71,11.0,6.0,107.0,67.0,62.616822429906534
778,2,128,23,11.0,2.0,135.0,75.0,55.55555555555556
898,1,102,19,16.0,2.0,104.0,58.0,55.769230769230774
4043,2,125,76,11.0,2.0,104.0,62.0,59.61538461538461
2299,2,124,180,1.0,1.0,81.0,51.0,62.96296296296296
2813,1,32,64,1.0,4.0,50.0,26.0,52.0
621,2,124,69,1.0,0.0,60.0,43.0,71.66666666666667
5327,3,183,78,6.0,1.0,65.0,39.0,60.0
1988,2,6,14,1.0,0.0,101.0,72.0,71.28712871287128
6176,3,184,59,5.0,4.0,76.0,41.0,53.94736842105263
765,1,3,5,21.0,8.0,189.0,125.0,66.13756613756614
3616,1,148,32,10.0,4.0,108.0,74.0,68.51851851851852
748,1,196,55,9.0,1.0,54.0,33.0,61.111111111111114
873,1,56,86,6.0,1.0,82.0,53.0,64.63414634146342
886,1,32,64,3.0,0.0,58.0,38.0,65.51724137931035
4182,2,175,56,3.0,0.0,76.0,52.0,68.42105263157895
208,2,133,58,2.0,2.0,102.0,66.0,64.70588235294117
117,2,40,77,4.0,2.0,64.0,39.0,60.9375
298,2,13,23,2.0,2.0,80.0,54.0,67.5
197,2,90,23,12.0,4.0,116.0,69.0,59.48275862068966
1518,1,192,223,8.0,3.0,71.0,38.0,53.52112676056338
3731,2,177,21,5.0,1.0,121.0,71.0,58.67768595041323
3636,1,14,24,1.0,2.0,76.0,51.0,67.10526315789474
245,1,167,13,6.0,2.0,57.0,38.0,66.66666666666666
3790,1,117,12,8.0,3.0,102.0,60.0,58.82352941176471
2600,1,171,65,0.0,1.0,62.0,35.0,56.451612903225815
3147,2,175,69,2.0,3.0,54.0,28.0,51.85185185185185
4105,1,82,64,6.0,2.0,68.0,48.0,70.58823529411765
1972,1,18,31,8.0,3.0,45.0,28.0,62.22222222222222
2143,3,47,75,4.0,5.0,81.0,46.0,56.79012345679012
3660,1,186,67,4.0,1.0,17.0,10.0,58.82352941176471
2095,1,120,65,12.0,5.0,131.0,87.0,66.41221374045801
2251,1,189,80,1.0,5.0,67.0,34.0,50.74626865671642
2024,1,163,218,7.0,0.0,52.0,36.0,69.23076923076923
4478,2,116,6,1.0,0.0,97.0,78.0,80.41237113402062
2903,2,84,66,1.0,3.0,67.0,24.0,35.82089552238806
4733,1,15,27,0.0,0.0,75.0,53.0,70.66666666666667
2376,1,106,156,4.0,0.0,39.0,28.0,71.7948717948718
2015,2,177,21,5.0,2.0,73.0,46.0,63.013698630136986
5968,1,135,67,6.0,1.0,64.0,40.0,62.5
3839,1,57,87,8.0,2.0,39.0,26.0,66.66666666666666
3482,1,165,5,26.0,3.0,165.0,114.0,69.0909090909091
2769,2,124,56,6.0,1.0,78.0,41.0,52.56410256410257
3154,1,171,65,5.0,3.0,100.0,53.0,53.0
1064,1,138,80,2.0,2.0,46.0,27.0,58.69565217391305
4487,2,25,20,2.0,0.0,35.0,27.0,77.14285714285715
2354,1,9,19,9.0,1.0,83.0,48.0,57.831325301204814
1734,2,90,23,14.0,3.0,120.0,75.0,62.5
3527,1,7,16,8.0,6.0,102.0,62.0,60.78431372549019
1745,2,123,66,2.0,2.0,25.0,12.0,48.0
1075,1,16,28,5.0,7.0,82.0,37.0,45.1219512195122
1538,1,115,5,7.0,6.0,102.0,65.0,63.725490196078425
293,2,4,6,3.0,7.0,69.0,39.0,56.52173913043478
2988,1,9,19,13.0,5.0,64.0,39.0,60.9375
3617,1,113,142,5.0,2.0,78.0,58.0,74.35897435897436
1621,2,49,23,3.0,4.0,77.0,46.0,59.74025974025974
2656,1,3,5,16.0,9.0,155.0,101.0,65.16129032258064
2338,1,169,82,12.0,1.0,71.0,40.0,56.33802816901409
6365,1,191,181,5.0,3.0,63.0,30.0,47.61904761904761
6383,1,104,152,0.0,0.0,51.0,37.0,72.54901960784314
2592,1,51,19,26.0,7.0,144.0,99.0,68.75
1501,1,137,18,6.0,4.0,103.0,67.0,65.0485436893204
6218,1,109,30,4.0,3.0,78.0,55.0,70.51282051282051
1177,1,102,19,5.0,5.0,169.0,110.0,65.08875739644971
769,1,143,184,12.0,0.0,62.0,46.0,74.19354838709677
3275,2,122,81,0.0,5.0,68.0,39.0,57.35294117647059
3839,3,22,57,13.0,2.0,70.0,47.0,67.14285714285714
766,1,74,1,8.0,0.0,51.0,34.0,66.66666666666666
4512,2,126,21,2.0,0.0,35.0,21.0,60.0
2393,2,10,20,1.0,4.0,77.0,41.0,53.246753246753244
1642,1,212,253,15.0,1.0,60.0,44.0,73.33333333333333
5760,2,128,23,16.0,9.0,163.0,107.0,65.6441717791411
1144,1,3,5,19.0,6.0,74.0,39.0,52.702702702702695
3633,1,3,5,8.0,5.0,152.0,111.0,73.02631578947368
2957,1,196,70,2.0,2.0,72.0,40.0,55.55555555555556
3490,1,190,19,6.0,6.0,90.0,59.0,65.55555555555556
2196,2,85,69,2.0,3.0,61.0,40.0,65.57377049180327
2672,1,28,29,1.0,1.0,45.0,23.0,51.11111111111111
4420,1,197,29,3.0,6.0,114.0,69.0,60.526315789473685
2563,1,172,64,4.0,1.0,43.0,24.0,55.81395348837209
1951,1,172,64,11.0,4.0,77.0,44.0,57.14285714285714
3404,1,6,13,13.0,3.0,63.0,33.0,52.38095238095239
4730,1,171,65,3.0,0.0,66.0,44.0,66.66666666666666
1149,1,57,87,3.0,2.0,76.0,47.0,61.8421052631579
931,1,18,31,8.0,3.0,45.0,28.0,62.22222222222222
4642,1,101,80,4.0,2.0,66.0,44.0,66.66666666666666
4701,2,128,23,3.0,2.0,103.0,74.0,71.84466019417476
29,1,19,32,9.0,2.0,104.0,76.0,73.07692307692307
2764,3,93,85,7.0,3.0,59.0,33.0,55.932203389830505
5679,2,134,22,16.0,2.0,65.0,45.0,69.23076923076923
700,3,183,78,15.0,2.0,108.0,74.0,68.51851851851852
1664,1,9,19,11.0,3.0,147.0,99.0,67.3469387755102
1800,1,7,15,3.0,9.0,59.0,32.0,54.23728813559322
416,1,69,118,8.0,1.0,97.0,61.0,62.88659793814433
4176,2,87,76,2.0,2.0,96.0,69.0,71.875
326,1,97,79,4.0,1.0,75.0,53.0,70.66666666666667
2173,2,128,23,9.0,10.0,175.0,92.0,52.57142857142857
4025,1,136,68,8.0,3.0,69.0,44.0,63.76811594202898
2669,2,128,23,3.0,12.0,107.0,55.0,51.4018691588785
2898,1,5,11,6.0,4.0,62.0,41.0,66.12903225806451
1105,3,22,73,1.0,2.0,51.0,32.0,62.745098039215684
2370,2,35,66,1.0,2.0,64.0,35.0,54.6875
3843,1,115,5,15.0,4.0,116.0,69.0,59.48275862068966
1573,1,5,10,3.0,1.0,79.0,53.0,67.08860759493672
5551,1,190,19,15.0,13.0,133.0,68.0,51.127819548872175
6269,1,171,65,1.0,3.0,102.0,62.0,60.78431372549019
5889,1,18,31,4.0,4.0,106.0,71.0,66.98113207547169
2790,1,8,18,5.0,3.0,87.0,46.0,52.87356321839081
2611,1,7,16,9.0,4.0,110.0,55.0,50.0
5485,1,136,68,4.0,3.0,70.0,45.0,64.28571428571429
2759,2,90,23,2.0,2.0,63.0,40.0,63.49206349206349
2835,1,199,77,2.0,1.0,62.0,42.0,67.74193548387096
2165,1,54,94,4.0,2.0,70.0,46.0,65.71428571428571
276,1,145,29,3.0,0.0,22.0,15.0,68.18181818181817
2276,1,143,184,6.0,4.0,99.0,56.0,56.56565656565656
3961,1,109,30,2.0,1.0,53.0,39.0,73.58490566037736
3037,1,75,145,2.0,2.0,60.0,40.0,66.66666666666666
2354,1,16,29,0.0,0.0,48.0,29.0,60.416666666666664
2155,2,162,215,10.0,1.0,78.0,55.0,70.51282051282051
4514,1,76,5,6.0,4.0,180.0,126.0,70.0
675,3,92,73,9.0,4.0,101.0,70.0,69.3069306930693
5243,2,88,21,14.0,4.0,91.0,56.0,61.53846153846154
2372,1,76,5,6.0,3.0,79.0,44.0,55.69620253164557
3858,2,134,22,4.0,1.0,76.0,50.0,65.78947368421053
611,1,1,2,5.0,3.0,75.0,47.0,62.66666666666667
5429,3,132,78,5.0,3.0,104.0,70.0,67.3076923076923
3638,2,35,66,3.0,1.0,37.0,24.0,64.86486486486487
2166,1,195,184,5.0,1.0,85.0,51.0,60.0
3782,1,137,18,7.0,3.0,76.0,43.0,56.57894736842105
796,1,172,64,7.0,1.0,47.0,30.0,63.829787234042556
562,2,127,62,3.0,2.0,43.0,23.0,53.48837209302325
5788,2,97,20,1.0,1.0,98.0,59.0,60.204081632653065
771,1,52,5,8.0,3.0,85.0,40.0,47.05882352941176
975,2,170,17,1.0,6.0,66.0,40.0,60.60606060606061
1052,1,106,156,2.0,0.0,62.0,43.0,69.35483870967742
3179,1,172,64,2.0,3.0,34.0,20.0,58.82352941176471
1056,1,52,5,13.0,3.0,76.0,49.0,64.47368421052632
26,1,98,67,3.0,4.0,57.0,32.0,56.14035087719298
31,2,35,66,4.0,3.0,62.0,38.0,61.29032258064516
2658,1,197,29,6.0,0.0,51.0,37.0,72.54901960784314
1948,2,174,66,2.0,0.0,49.0,30.0,61.224489795918366
3047,2,58,91,1.0,0.0,37.0,27.0,72.97297297297297
936,3,130,73,7.0,4.0,69.0,29.0,42.028985507246375
2678,1,80,15,0.0,2.0,44.0,26.0,59.09090909090909
4117,1,121,64,13.0,0.0,88.0,47.0,53.40909090909091
2322,2,119,17,8.0,0.0,91.0,69.0,75.82417582417582
3098,1,166,7,0.0,5.0,59.0,35.0,59.32203389830508
2558,2,128,23,3.0,1.0,112.0,72.0,64.28571428571429
4499,1,189,80,9.0,3.0,83.0,51.0,61.44578313253012
1551,1,77,8,4.0,1.0,138.0,69.0,50.0
3777,1,171,65,5.0,0.0,76.0,45.0,59.210526315789465
1918,1,115,5,3.0,5.0,122.0,68.0,55.73770491803278
4439,2,83,148,9.0,6.0,110.0,71.0,64.54545454545455
3003,1,105,155,9.0,2.0,74.0,39.0,52.702702702702695
2652,2,48,76,0.0,2.0,67.0,38.0,56.71641791044776
1116,1,197,159,7.0,6.0,99.0,56.0,56.56565656565656
9,1,39,18,2.0,5.0,60.0,31.0,51.66666666666667
2814,1,53,80,14.0,2.0,68.0,43.0,63.23529411764706
3727,1,142,183,1.0,4.0,77.0,50.0,64.93506493506493
5982,2,173,149,4.0,2.0,88.0,56.0,63.63636363636363
4544,2,177,21,2.0,14.0,119.0,66.0,55.46218487394958
90,1,4,8,1.0,1.0,67.0,46.0,68.65671641791045
3365,2,175,220,1.0,3.0,63.0,45.0,71.42857142857143
436,2,49,23,8.0,3.0,75.0,47.0,62.66666666666667
4635,1,115,5,6.0,3.0,95.0,64.0,67.36842105263158
2274,1,80,15,4.0,1.0,82.0,60.0,73.17073170731707
3989,3,129,151,7.0,6.0,100.0,56.0,56.00000000000001
1330,2,86,56,0.0,0.0,86.0,55.0,63.95348837209303
2008,2,43,17,2.0,5.0,100.0,58.0,57.99999999999999
3108,2,24,22,0.0,3.0,46.0,32.0,69.56521739130434
2956,1,120,65,6.0,2.0,59.0,34.0,57.6271186440678
4443,1,6,12,2.0,0.0,49.0,29.0,59.183673469387756
4642,1,31,89,3.0,1.0,68.0,43.0,63.23529411764706
796,1,82,64,15.0,1.0,140.0,85.0,60.71428571428571
757,3,132,78,15.0,3.0,112.0,77.0,68.75
1169,2,134,72,6.0,6.0,107.0,57.0,53.271028037383175
2590,1,16,29,10.0,4.0,72.0,39.0,54.166666666666664
2573,1,104,152,10.0,2.0,82.0,54.0,65.85365853658537
1937,2,126,21,5.0,0.0,68.0,43.0,63.23529411764706
5612,2,13,23,23.0,4.0,161.0,94.0,58.38509316770186
1835,2,90,23,4.0,2.0,94.0,67.0,71.27659574468085
3663,1,115,5,8.0,2.0,137.0,84.0,61.31386861313869
638,1,145,29,9.0,0.0,89.0,59.0,66.29213483146067
912,1,105,155,14.0,4.0,91.0,55.0,60.43956043956044
3745,2,84,66,4.0,2.0,85.0,46.0,54.11764705882353
4735,2,128,23,4.0,4.0,78.0,57.0,73.07692307692307
3038,1,28,29,6.0,0.0,74.0,45.0,60.810810810810814
2113,1,145,29,3.0,0.0,68.0,40.0,58.82352941176471
4115,1,76,5,2.0,3.0,103.0,66.0,64.07766990291263
2501,1,46,32,3.0,2.0,47.0,28.0,59.57446808510638
786,2,127,83,7.0,3.0,62.0,41.0,66.12903225806451
927,3,50,78,0.0,4.0,96.0,60.0,62.5
2748,2,135,20,19.0,5.0,90.0,54.0,60.0
2039,3,94,78,9.0,3.0,116.0,74.0,63.793103448275865
3806,1,118,13,7.0,1.0,45.0,27.0,60.0
3715,1,30,30,1.0,4.0,114.0,67.0,58.77192982456141
3093,3,182,85,12.0,1.0,68.0,45.0,66.17647058823529
5291,1,30,30,3.0,1.0,112.0,68.0,60.71428571428571
575,3,91,61,9.0,3.0,57.0,35.0,61.40350877192983
156,1,116,146,10.0,3.0,80.0,44.0,55.00000000000001
3934,1,121,64,12.0,0.0,46.0,25.0,54.347826086956516
1597,1,108,29,3.0,0.0,102.0,70.0,68.62745098039215
1901,1,194,183,6.0,3.0,44.0,25.0,56.81818181818182
6251,1,165,5,1.0,5.0,72.0,45.0,62.5
4082,3,95,59,2.0,1.0,74.0,41.0,55.4054054054054
1139,1,107,70,11.0,3.0,107.0,62.0,57.943925233644855
4138,1,98,67,8.0,5.0,69.0,40.0,57.971014492753625
2004,1,190,19,1.0,5.0,73.0,42.0,57.534246575342465
1206,1,53,80,3.0,1.0,53.0,34.0,64.15094339622641
4094,1,76,5,10.0,3.0,92.0,61.0,66.30434782608695
437,3,180,151,2.0,4.0,68.0,39.0,57.35294117647059
4551,1,15,55,4.0,3.0,79.0,52.0,65.82278481012658
1743,1,167,13,19.0,7.0,118.0,73.0,61.86440677966102
327,1,172,64,11.0,4.0,64.0,43.0,67.1875
768,1,137,18,6.0,1.0,70.0,40.0,57.14285714285714
4154,1,16,28,1.0,2.0,57.0,36.0,63.1578947368421
1680,2,43,17,7.0,0.0,77.0,53.0,68.83116883116884
1013,1,113,142,5.0,2.0,48.0,31.0,64.58333333333334
587,1,5,11,16.0,7.0,87.0,64.0,73.5632183908046
727,2,96,22,0.0,2.0,68.0,54.0,79.41176470588235
4096,2,90,23,6.0,4.0,134.0,90.0,67.16417910447761
749,1,78,11,5.0,1.0,56.0,39.0,69.64285714285714
2148,1,188,18,13.0,2.0,58.0,33.0,56.896551724137936
1241,1,46,32,9.0,3.0,60.0,41.0,68.33333333333333
2261,1,100,18,12.0,7.0,109.0,63.0,57.798165137614674
5168,2,175,220,0.0,3.0,108.0,71.0,65.74074074074075
209,2,85,69,1.0,2.0,72.0,53.0,73.61111111111111
1501,2,48,76,1.0,1.0,42.0,26.0,61.904761904761905
4343,1,75,145,8.0,1.0,84.0,54.0,64.28571428571429
1543,3,95,59,22.0,16.0,88.0,45.0,51.13636363636363
6008,1,41,70,10.0,1.0,129.0,72.0,55.81395348837209
3563,2,84,66,3.0,4.0,98.0,61.0,62.244897959183675
221,1,30,30,13.0,2.0,76.0,55.0,72.36842105263158
4094,1,119,16,4.0,3.0,43.0,26.0,60.46511627906976
3643,1,44,16,26.0,1.0,109.0,59.0,54.12844036697248
2882,1,5,11,1.0,2.0,57.0,37.0,64.91228070175438
6404,1,33,65,3.0,5.0,79.0,43.0,54.43037974683544
1185,1,82,64,2.0,3.0,76.0,50.0,65.78947368421053
441,1,98,67,2.0,3.0,118.0,83.0,70.33898305084746
329,2,177,21,6.0,2.0,69.0,37.0,53.62318840579711
6209,1,115,5,3.0,0.0,84.0,58.0,69.04761904761905
802,2,7,17,2.0,0.0,49.0,27.0,55.10204081632652
1091,1,78,146,8.0,1.0,68.0,49.0,72.05882352941177
1241,2,124,180,3.0,1.0,51.0,37.0,72.54901960784314
2128,2,7,17,3.0,6.0,104.0,61.0,58.65384615384615
872,1,145,29,6.0,4.0,89.0,56.0,62.92134831460674
891,1,135,67,3.0,8.0,65.0,38.0,58.46153846153847
1175,2,179,23,7.0,3.0,127.0,85.0,66.92913385826772
5555,1,1,1,6.0,1.0,44.0,27.0,61.36363636363637
252,1,4,7,2.0,0.0,60.0,41.0,68.33333333333333
2545,2,83,148,7.0,3.0,59.0,35.0,59.32203389830508
3686,1,165,5,0.0,1.0,50.0,26.0,52.0
1147,2,90,23,13.0,12.0,123.0,63.0,51.21951219512195
5503,2,173,149,1.0,1.0,75.0,54.0,72.0
228,3,22,57,8.0,0.0,54.0,36.0,66.66666666666666
3563,2,49,23,14.0,6.0,125.0,67.0,53.6
4250,2,177,21,7.0,0.0,55.0,39.0,70.9090909090909
538,2,90,23,3.0,1.0,71.0,50.0,70.4225352112676
4735,1,143,184,4.0,3.0,54.0,39.0,72.22222222222221
1232,1,79,13,14.0,1.0,113.0,57.0,50.442477876106196
4473,1,4,8,1.0,1.0,67.0,46.0,68.65671641791045
5627,1,214,266,3.0,3.0,56.0,37.0,66.07142857142857
4216,3,92,73,10.0,4.0,77.0,56.0,72.72727272727273
3821,1,121,64,12.0,1.0,75.0,48.0,64.0
3016,2,96,22,2.0,1.0,53.0,40.0,75.47169811320755
2910,1,3,5,21.0,1.0,119.0,70.0,58.82352941176471
3536,1,164,3,21.0,13.0,85.0,49.0,57.647058823529406
2368,1,138,80,13.0,10.0,84.0,39.0,46.42857142857143
3979,1,3,5,8.0,6.0,95.0,64.0,67.36842105263158
2990,2,97,20,12.0,3.0,60.0,33.0,55.00000000000001
3536,1,2,3,17.0,8.0,75.0,43.0,57.333333333333336
1899,1,113,8,11.0,4.0,102.0,66.0,64.70588235294117
1359,2,13,23,2.0,5.0,72.0,48.0,66.66666666666666
1929,2,125,76,9.0,11.0,98.0,57.0,58.16326530612245
1175,3,92,73,18.0,5.0,97.0,57.0,58.76288659793815
3570,1,144,155,13.0,6.0,99.0,62.0,62.62626262626263
5786,1,2,3,8.0,0.0,54.0,33.0,61.111111111111114
3963,2,133,60,1.0,2.0,64.0,44.0,68.75
5220,3,182,85,3.0,2.0,65.0,50.0,76.92307692307693
1139,1,197,29,7.0,1.0,106.0,66.0,62.264150943396224
1126,1,56,86,4.0,5.0,106.0,66.0,62.264150943396224
3027,1,115,5,16.0,5.0,105.0,61.0,58.0952380952381
6438,3,130,57,4.0,1.0,91.0,47.0,51.64835164835166
3996,2,185,72,0.0,3.0,102.0,55.0,53.92156862745098
3567,1,79,13,13.0,2.0,106.0,65.0,61.32075471698113
2510,1,109,30,12.0,8.0,77.0,46.0,59.74025974025974
1912,1,63,105,10.0,6.0,74.0,47.0,63.51351351351351
5577,2,89,83,3.0,1.0,58.0,36.0,62.06896551724138
3083,2,126,21,0.0,2.0,103.0,68.0,66.01941747572816
852,1,2,3,21.0,5.0,93.0,61.0,65.59139784946237
2104,1,41,70,4.0,1.0,46.0,25.0,54.347826086956516
2238,1,109,30,11.0,3.0,53.0,36.0,67.9245283018868
1427,1,33,65,4.0,2.0,47.0,28.0,59.57446808510638
3861,1,7,16,2.0,2.0,71.0,42.0,59.154929577464785
1108,1,144,55,11.0,11.0,63.0,37.0,58.730158730158735
5985,2,126,21,0.0,3.0,134.0,111.0,82.83582089552239
2724,1,194,183,3.0,2.0,66.0,42.0,63.63636363636363
3622,1,140,182,12.0,5.0,77.0,46.0,59.74025974025974
4421,1,113,178,4.0,1.0,56.0,30.0,53.57142857142857
4096,1,38,68,4.0,2.0,97.0,63.0,64.94845360824742
2098,1,165,5,12.0,7.0,106.0,60.0,56.60377358490566
2,1,3,5,2.0,1.0,76.0,56.0,73.68421052631578
2253,2,85,69,1.0,1.0,66.0,49.0,74.24242424242425
3851,2,126,21,0.0,1.0,44.0,29.0,65.9090909090909
619,1,117,11,1.0,1.0,42.0,28.0,66.66666666666666
3227,1,56,86,11.0,2.0,74.0,56.0,75.67567567567568
4098,2,128,23,3.0,3.0,129.0,89.0,68.9922480620155
2844,1,30,30,1.0,4.0,66.0,35.0,53.03030303030303
5583,1,1,1,4.0,2.0,94.0,57.0,60.63829787234043
3873,1,8,18,10.0,3.0,83.0,49.0,59.036144578313255
1205,2,126,21,1.0,3.0,77.0,43.0,55.84415584415584
5096,3,181,57,2.0,0.0,56.0,43.0,76.78571428571429
1535,2,126,21,5.0,0.0,68.0,43.0,63.23529411764706
6085,1,119,15,3.0,3.0,86.0,57.0,66.27906976744185
401,2,88,21,11.0,13.0,89.0,43.0,48.31460674157304
113,2,24,22,2.0,7.0,72.0,39.0,54.166666666666664
2472,1,52,5,14.0,3.0,95.0,62.0,65.26315789473685
5197,1,145,159,3.0,1.0,62.0,50.0,80.64516129032258
527,1,55,1,4.0,1.0,62.0,42.0,67.74193548387096
521,1,102,19,26.0,9.0,139.0,78.0,56.11510791366906
927,1,16,29,4.0,1.0,70.0,42.0,60.0
959,3,50,78,10.0,3.0,88.0,52.0,59.09090909090909
6328,2,13,23,1.0,3.0,143.0,106.0,74.12587412587412
802,1,141,154,5.0,2.0,77.0,47.0,61.038961038961034
1632,3,182,75,15.0,1.0,75.0,48.0,64.0
427,2,83,148,4.0,2.0,118.0,84.0,71.1864406779661
1436,1,170,15,3.0,3.0,57.0,30.0,52.63157894736842
2102,1,76,5,17.0,2.0,128.0,91.0,71.09375
402,2,177,21,4.0,3.0,61.0,35.0,57.377049180327866
3834,2,176,76,0.0,1.0,71.0,44.0,61.97183098591549
6102,2,177,21,5.0,4.0,84.0,49.0,58.333333333333336
1883,1,115,5,9.0,4.0,162.0,95.0,58.64197530864198
3245,2,12,22,2.0,2.0,83.0,57.0,68.67469879518072
3612,1,81,65,7.0,5.0,99.0,64.0,64.64646464646465
262,2,49,23,2.0,3.0,95.0,61.0,64.21052631578948
3030,1,139,19,5.0,12.0,131.0,61.0,46.56488549618321
3496,2,7,17,5.0,3.0,81.0,45.0,55.55555555555556
4545,2,126,21,11.0,5.0,120.0,65.0,54.166666666666664
1232,1,14,24,7.0,3.0,100.0,60.0,60.0
3672,2,169,179,2.0,3.0,71.0,47.0,66.19718309859155
3081,1,100,18,9.0,2.0,97.0,58.0,59.79381443298969
5906,1,30,30,1.0,4.0,114.0,69.0,60.526315789473685
1911,1,164,3,6.0,3.0,65.0,35.0,53.84615384615385
2367,1,115,5,14.0,1.0,92.0,70.0,76.08695652173914
4956,3,132,78,5.0,3.0,87.0,54.0,62.06896551724138
2280,1,74,1,1.0,3.0,51.0,25.0,49.01960784313725
2567,1,32,64,0.0,1.0,45.0,34.0,75.55555555555556
3536,3,183,78,15.0,2.0,79.0,51.0,64.55696202531645
5520,3,132,78,2.0,6.0,98.0,65.0,66.3265306122449
3065,3,92,57,6.0,7.0,110.0,71.0,64.54545454545455
2273,1,102,19,23.0,8.0,176.0,98.0,55.68181818181818
4196,3,94,78,15.0,10.0,163.0,101.0,61.963190184049076
4006,1,165,5,2.0,5.0,117.0,73.0,62.39316239316239
4149,1,188,18,2.0,3.0,50.0,22.0,44.0
4723,1,56,86,11.0,5.0,115.0,72.0,62.60869565217392
1548,1,77,7,7.0,4.0,59.0,27.0,45.76271186440678
5882,1,188,18,4.0,4.0,93.0,50.0,53.76344086021505
1552,1,136,68,4.0,3.0,89.0,64.0,71.91011235955057
2983,2,177,21,3.0,3.0,62.0,45.0,72.58064516129032
2379,3,131,75,8.0,3.0,91.0,62.0,68.13186813186813
4669,1,143,184,2.0,1.0,71.0,40.0,56.33802816901409
329,1,143,184,4.0,3.0,75.0,49.0,65.33333333333333
3013,1,31,7,3.0,3.0,62.0,38.0,61.29032258064516
2001,1,9,19,4.0,2.0,171.0,112.0,65.49707602339181
2984,1,198,30,13.0,0.0,93.0,62.0,66.66666666666666
1530,1,6,13,7.0,1.0,58.0,29.0,50.0
4084,2,178,62,6.0,3.0,93.0,60.0,64.51612903225806
1500,1,194,183,3.0,2.0,78.0,45.0,57.692307692307686
4465,2,4,6,0.0,4.0,67.0,37.0,55.223880597014926
1706,2,122,148,5.0,2.0,44.0,24.0,54.54545454545454
2448,2,118,179,2.0,1.0,70.0,45.0,64.28571428571429
429,1,163,218,3.0,1.0,46.0,31.0,67.3913043478261
1020,1,5,10,6.0,2.0,80.0,51.0,63.74999999999999
2118,1,215,257,2.0,4.0,76.0,47.0,61.8421052631579
5878,2,49,23,8.0,1.0,97.0,60.0,61.855670103092784
6184,1,121,64,5.0,1.0,72.0,49.0,68.05555555555556
3879,1,74,1,10.0,3.0,115.0,63.0,54.78260869565217
1770,2,90,23,2.0,0.0,79.0,64.0,81.0126582278481
3483,1,199,77,16.0,2.0,69.0,52.0,75.36231884057972
4052,1,198,30,7.0,4.0,62.0,33.0,53.2258064516129
4880,1,105,154,2.0,0.0,56.0,34.0,60.71428571428571
668,2,12,22,1.0,4.0,63.0,43.0,68.25396825396825
55,1,164,3,11.0,0.0,51.0,31.0,60.78431372549019
1005,1,51,19,15.0,14.0,133.0,66.0,49.62406015037594
5998,3,94,78,9.0,5.0,106.0,72.0,67.9245283018868
3769,2,174,66,6.0,1.0,62.0,44.0,70.96774193548387
3430,1,190,19,5.0,3.0,67.0,35.0,52.23880597014925
2539,1,33,65,1.0,2.0,55.0,30.0,54.54545454545454
1372,2,126,21,3.0,1.0,71.0,45.0,63.38028169014085
3948,1,190,19,6.0,9.0,145.0,86.0,59.310344827586206
3065,1,52,5,4.0,6.0,90.0,49.0,54.44444444444444
1963,1,9,19,13.0,5.0,130.0,83.0,63.84615384615384
2107,1,77,7,2.0,0.0,58.0,40.0,68.96551724137932
792,2,58,91,1.0,1.0,83.0,50.0,60.24096385542169
2843,1,51,19,27.0,3.0,108.0,73.0,67.5925925925926
6438,1,7,15,5.0,2.0,81.0,42.0,51.85185185185185
4967,1,74,1,12.0,3.0,62.0,36.0,58.06451612903226
281,1,188,18,5.0,2.0,58.0,28.0,48.275862068965516
2230,1,120,65,1.0,6.0,97.0,54.0,55.670103092783506
1142,2,134,72,4.0,2.0,90.0,54.0,60.0
2846,1,107,70,3.0,0.0,58.0,39.0,67.24137931034483
1825,2,10,20,7.0,7.0,88.0,47.0,53.40909090909091
3983,1,187,68,2.0,1.0,67.0,39.0,58.2089552238806
2506,1,145,159,6.0,3.0,55.0,30.0,54.54545454545454
3495,1,76,5,11.0,8.0,180.0,111.0,61.66666666666667
3237,1,143,184,18.0,1.0,74.0,50.0,67.56756756756756
2364,1,76,5,20.0,5.0,137.0,80.0,58.3941605839416
4176,2,186,221,4.0,0.0,58.0,52.0,89.65517241379311
1867,2,133,58,2.0,2.0,102.0,66.0,64.70588235294117
5743,2,20,33,11.0,0.0,50.0,30.0,60.0
4812,2,179,23,3.0,5.0,102.0,58.0,56.86274509803921
6010,3,47,85,1.0,0.0,22.0,12.0,54.54545454545454
3511,2,125,76,6.0,1.0,68.0,41.0,60.29411764705882
6186,1,9,19,1.0,4.0,90.0,64.0,71.11111111111111
1679,1,148,32,1.0,1.0,15.0,10.0,66.66666666666666
2217,2,176,76,5.0,1.0,75.0,55.0,73.33333333333333
2830,1,101,80,8.0,4.0,71.0,39.0,54.929577464788736
3724,2,124,180,1.0,1.0,123.0,80.0,65.04065040650406
13,1,120,65,1.0,5.0,46.0,26.0,56.52173913043478
6394,1,170,15,1.0,2.0,72.0,38.0,52.77777777777778
3427,1,56,88,9.0,1.0,49.0,30.0,61.224489795918366
2859,2,184,60,8.0,3.0,93.0,61.0,65.59139784946237
4663,1,30,30,5.0,3.0,112.0,77.0,68.75
3643,1,3,5,20.0,4.0,122.0,85.0,69.67213114754098
1252,2,13,23,0.0,1.0,94.0,62.0,65.95744680851064
1963,1,199,77,9.0,4.0,47.0,34.0,72.3404255319149
3488,2,167,6,1.0,1.0,71.0,55.0,77.46478873239437
1965,1,43,2,2.0,0.0,49.0,37.0,75.51020408163265
2941,1,30,30,4.0,1.0,76.0,41.0,53.94736842105263
2574,1,198,30,8.0,3.0,96.0,54.0,56.25
4012,1,164,4,4.0,1.0,65.0,35.0,53.84615384615385
3244,2,119,17,0.0,2.0,48.0,31.0,64.58333333333334
654,1,51,19,13.0,5.0,72.0,46.0,63.888888888888886
2806,1,110,84,3.0,0.0,64.0,49.0,76.5625
1708,1,143,184,3.0,0.0,84.0,59.0,70.23809523809523
4940,1,14,26,21.0,0.0,68.0,49.0,72.05882352941177
2362,1,108,29,7.0,0.0,49.0,37.0,75.51020408163265
3657,3,130,73,5.0,0.0,64.0,35.0,54.6875
3000,1,194,183,13.0,4.0,96.0,58.0,60.416666666666664
1123,1,171,65,4.0,2.0,49.0,31.0,63.26530612244898
2479,1,1,1,4.0,5.0,88.0,53.0,60.22727272727273
5105,1,25,79,9.0,0.0,73.0,50.0,68.4931506849315
3692,1,145,29,12.0,1.0,84.0,51.0,60.71428571428571
959,1,16,29,7.0,3.0,83.0,48.0,57.831325301204814
4480,3,50,78,17.0,3.0,107.0,64.0,59.813084112149525
5043,2,23,72,0.0,2.0,69.0,43.0,62.31884057971014
3677,1,170,16,15.0,10.0,102.0,57.0,55.88235294117647
3914,1,81,65,9.0,2.0,47.0,27.0,57.446808510638306
3743,1,74,1,11.0,2.0,90.0,55.0,61.111111111111114
3582,1,115,5,0.0,4.0,84.0,61.0,72.61904761904762
1621,1,54,94,2.0,4.0,72.0,38.0,52.77777777777778
5551,1,198,30,5.0,4.0,86.0,47.0,54.65116279069767
3247,1,147,63,8.0,0.0,59.0,39.0,66.10169491525424
3754,3,94,78,2.0,5.0,81.0,54.0,66.66666666666666
1789,1,102,19,9.0,7.0,110.0,58.0,52.72727272727272
3746,1,188,18,2.0,3.0,50.0,22.0,44.0
2366,1,102,19,16.0,5.0,121.0,69.0,57.02479338842975
3875,1,76,5,12.0,2.0,140.0,98.0,70.0
2603,2,49,23,2.0,1.0,105.0,69.0,65.71428571428571
3548,1,75,145,12.0,1.0,73.0,44.0,60.273972602739725
382,1,82,64,2.0,7.0,65.0,34.0,52.307692307692314
329,1,165,5,17.0,5.0,165.0,110.0,66.66666666666666
3675,2,178,62,2.0,2.0,84.0,67.0,79.76190476190477
4729,1,188,18,12.0,12.0,116.0,60.0,51.724137931034484
3769,1,114,144,14.0,1.0,92.0,54.0,58.69565217391305
512,2,179,23,8.0,5.0,92.0,52.0,56.52173913043478
3080,1,44,15,4.0,2.0,49.0,32.0,65.3061224489796
6419,2,118,179,3.0,2.0,53.0,41.0,77.35849056603774
3783,1,145,159,8.0,2.0,69.0,39.0,56.52173913043478
6095,2,90,23,4.0,4.0,86.0,59.0,68.6046511627907
5970,1,32,64,8.0,5.0,101.0,62.0,61.386138613861384
6203,2,175,69,2.0,0.0,35.0,24.0,68.57142857142857
165,3,47,85,13.0,0.0,105.0,63.0,60.0
5565,1,108,159,5.0,3.0,51.0,34.0,66.66666666666666
2656,1,165,5,17.0,3.0,125.0,78.0,62.4
433,1,15,27,0.0,5.0,55.0,33.0,60.0
3283,1,113,142,4.0,3.0,70.0,40.0,57.14285714285714
3570,1,74,1,7.0,1.0,84.0,53.0,63.095238095238095
392,1,81,65,1.0,3.0,98.0,62.0,63.26530612244898
1203,1,114,144,11.0,3.0,88.0,57.0,64.77272727272727
3187,1,114,4,7.0,4.0,104.0,66.0,63.46153846153846
820,1,167,13,9.0,1.0,77.0,52.0,67.53246753246754
2589,1,117,12,1.0,1.0,54.0,30.0,55.55555555555556
5196,1,20,39,18.0,4.0,71.0,39.0,54.929577464788736
5568,3,130,57,1.0,0.0,66.0,43.0,65.15151515151516
6017,1,170,16,7.0,1.0,85.0,55.0,64.70588235294117
5289,1,186,67,4.0,7.0,82.0,59.0,71.95121951219512
317,2,179,23,2.0,4.0,110.0,68.0,61.81818181818181
792,2,12,22,2.0,1.0,57.0,40.0,70.17543859649122
3456,2,175,69,1.0,1.0,49.0,31.0,63.26530612244898
3629,2,89,62,1.0,3.0,67.0,42.0,62.68656716417911
2364,2,48,76,6.0,14.0,115.0,59.0,51.30434782608696
2357,1,166,7,0.0,0.0,35.0,29.0,82.85714285714286
4701,2,128,23,6.0,1.0,75.0,58.0,77.33333333333333
188,2,168,9,1.0,1.0,51.0,34.0,66.66666666666666
5800,1,107,158,6.0,4.0,72.0,39.0,54.166666666666664
1498,2,4,6,2.0,3.0,82.0,52.0,63.41463414634146
2937,1,185,79,5.0,0.0,57.0,39.0,68.42105263157895
6208,1,170,16,5.0,3.0,67.0,42.0,62.68656716417911
4912,1,166,7,6.0,7.0,103.0,52.0,50.48543689320388
2311,1,81,65,5.0,3.0,64.0,38.0,59.375
2174,1,121,64,3.0,4.0,64.0,42.0,65.625
504,1,54,94,6.0,2.0,83.0,56.0,67.46987951807229
3215,1,3,5,11.0,1.0,134.0,80.0,59.70149253731343
4563,3,132,78,1.0,1.0,101.0,64.0,63.366336633663366
4495,3,183,78,16.0,8.0,101.0,59.0,58.415841584158414
3127,1,76,5,7.0,4.0,104.0,55.0,52.88461538461539
232,1,51,19,7.0,2.0,92.0,61.0,66.30434782608695
3752,1,80,16,6.0,1.0,42.0,24.0,57.14285714285714
759,3,22,73,14.0,1.0,84.0,57.0,67.85714285714286
3564,2,178,62,1.0,2.0,57.0,31.0,54.385964912280706
3689,1,197,159,12.0,3.0,57.0,42.0,73.68421052631578
5122,1,104,153,17.0,8.0,118.0,78.0,66.10169491525424
2693,2,125,76,5.0,3.0,111.0,77.0,69.36936936936937
715,1,108,29,4.0,0.0,62.0,33.0,53.2258064516129
6088,3,93,85,4.0,6.0,76.0,53.0,69.73684210526315
4081,1,1,1,3.0,4.0,81.0,50.0,61.72839506172839
2749,1,115,5,3.0,2.0,164.0,107.0,65.2439024390244
35,1,46,32,12.0,2.0,75.0,47.0,62.66666666666667
842,3,130,73,7.0,1.0,47.0,29.0,61.702127659574465
2338,1,198,30,11.0,4.0,79.0,45.0,56.9620253164557
4689,2,122,149,6.0,3.0,67.0,30.0,44.776119402985074
621,1,102,19,9.0,7.0,86.0,47.0,54.65116279069767
1371,2,87,76,2.0,3.0,68.0,43.0,63.23529411764706
890,3,94,78,7.0,1.0,79.0,45.0,56.9620253164557
2484,2,83,148,7.0,3.0,59.0,32.0,54.23728813559322
3693,1,139,19,19.0,4.0,141.0,93.0,65.95744680851064
68,1,8,18,8.0,7.0,98.0,52.0,53.06122448979592
2820,1,196,55,14.0,2.0,97.0,57.0,58.76288659793815
1599,1,8,18,6.0,6.0,111.0,52.0,46.846846846846844
2889,1,171,65,4.0,6.0,70.0,47.0,67.14285714285714
3542,1,195,184,3.0,2.0,78.0,52.0,66.66666666666666
2249,2,13,23,12.0,2.0,149.0,97.0,65.1006711409396
4376,2,49,23,6.0,1.0,90.0,61.0,67.77777777777779
2991,1,54,31,8.0,1.0,60.0,41.0,68.33333333333333
3306,1,3,5,12.0,2.0,81.0,53.0,65.4320987654321
1580,1,190,19,0.0,5.0,93.0,57.0,61.29032258064516
1884,1,107,158,0.0,0.0,18.0,9.0,50.0
1070,1,113,142,7.0,9.0,77.0,42.0,54.54545454545454
3991,1,31,89,3.0,0.0,53.0,28.0,52.83018867924528
4926,1,197,159,5.0,3.0,97.0,57.0,58.76288659793815
4177,1,137,18,10.0,3.0,80.0,55.0,68.75
3684,1,119,16,3.0,3.0,82.0,54.0,65.85365853658537
3571,1,119,16,2.0,0.0,12.0,7.0,58.333333333333336
2453,2,58,91,2.0,3.0,58.0,33.0,56.896551724137936
3294,1,146,30,8.0,2.0,75.0,47.0,62.66666666666667
5182,1,39,18,9.0,4.0,100.0,71.0,71.0
1971,3,94,78,7.0,4.0,117.0,73.0,62.39316239316239
4097,1,199,77,3.0,2.0,51.0,33.0,64.70588235294117
2747,1,193,155,10.0,1.0,81.0,54.0,66.66666666666666
5203,1,103,94,1.0,1.0,64.0,38.0,59.375
3655,1,121,64,1.0,0.0,61.0,38.0,62.295081967213115
2228,3,132,78,15.0,3.0,144.0,101.0,70.13888888888889
1112,1,186,67,27.0,0.0,99.0,59.0,59.59595959595959
5612,1,168,11,16.0,4.0,107.0,58.0,54.20560747663551
4215,2,84,66,5.0,1.0,114.0,67.0,58.77192982456141
3899,2,177,21,2.0,3.0,83.0,51.0,61.44578313253012
4800,1,5,10,5.0,1.0,105.0,75.0,71.42857142857143
3535,2,179,23,14.0,2.0,151.0,82.0,54.3046357615894
4108,1,6,13,4.0,0.0,56.0,41.0,73.21428571428571
343,1,78,146,26.0,6.0,110.0,75.0,68.18181818181817
3015,2,97,72,6.0,4.0,92.0,53.0,57.608695652173914
2429,3,22,57,7.0,6.0,82.0,52.0,63.41463414634146
290,2,134,72,3.0,5.0,78.0,45.0,57.692307692307686
6240,1,144,70,3.0,7.0,89.0,55.0,61.79775280898876
6391,1,139,19,2.0,3.0,104.0,69.0,66.34615384615384
5482,2,185,20,8.0,0.0,55.0,41.0,74.54545454545455
921,2,168,9,0.0,2.0,61.0,40.0,65.57377049180327
2112,3,132,78,5.0,3.0,89.0,55.0,61.79775280898876
3482,2,90,23,19.0,6.0,171.0,111.0,64.91228070175438
2535,1,135,67,8.0,4.0,95.0,56.0,58.94736842105262
5589,1,163,218,3.0,3.0,49.0,28.0,57.14285714285714
657,1,119,16,10.0,1.0,62.0,46.0,74.19354838709677
1836,1,114,144,20.0,1.0,77.0,46.0,59.74025974025974
1095,1,46,32,14.0,0.0,48.0,31.0,64.58333333333334
851,2,49,23,2.0,1.0,81.0,48.0,59.25925925925925
3443,1,25,79,7.0,0.0,58.0,43.0,74.13793103448276
4221,1,138,80,2.0,1.0,94.0,64.0,68.08510638297872
2613,1,103,94,4.0,4.0,62.0,39.0,62.903225806451616
2095,1,69,118,7.0,9.0,51.0,30.0,58.82352941176471
1251,2,126,21,3.0,2.0,78.0,44.0,56.41025641025641
2756,2,169,179,4.0,2.0,70.0,39.0,55.714285714285715
4395,2,174,66,0.0,5.0,88.0,55.0,62.5
2423,1,120,65,4.0,3.0,87.0,52.0,59.77011494252874
1206,2,49,23,13.0,12.0,151.0,79.0,52.317880794701985
2002,3,92,57,2.0,5.0,104.0,62.0,59.61538461538461
1064,1,1,2,2.0,2.0,47.0,32.0,68.08510638297872
2008,3,93,85,3.0,6.0,77.0,41.0,53.246753246753244
201,2,128,23,11.0,5.0,132.0,78.0,59.09090909090909
4149,1,3,5,8.0,7.0,140.0,86.0,61.42857142857143
2280,1,140,182,6.0,9.0,76.0,42.0,55.26315789473685
969,1,46,32,11.0,0.0,48.0,37.0,77.08333333333334
3268,2,23,72,1.0,2.0,70.0,50.0,71.42857142857143
3739,3,129,61,9.0,5.0,71.0,44.0,61.97183098591549
6438,1,190,19,7.0,2.0,92.0,48.0,52.17391304347826
6230,2,119,17,3.0,6.0,95.0,53.0,55.78947368421052
686,1,31,7,8.0,1.0,96.0,54.0,56.25
4332,2,59,93,0.0,2.0,51.0,32.0,62.745098039215684
39,1,52,5,19.0,3.0,69.0,43.0,62.31884057971014
2020,3,130,57,5.0,1.0,48.0,30.0,62.5
2300,2,128,23,15.0,2.0,128.0,84.0,65.625
4961,2,116,6,5.0,4.0,60.0,39.0,65.0
5926,2,13,23,6.0,6.0,115.0,60.0,52.17391304347826
601,1,30,30,6.0,4.0,57.0,38.0,66.66666666666666
1730,3,22,57,10.0,3.0,91.0,54.0,59.34065934065934
5611,1,104,31,3.0,2.0,81.0,42.0,51.85185185185185
5307,1,33,65,6.0,4.0,104.0,73.0,70.1923076923077
2551,1,76,5,10.0,3.0,107.0,81.0,75.70093457943925
2671,1,80,15,3.0,11.0,117.0,76.0,64.95726495726495
6185,1,18,31,3.0,2.0,69.0,36.0,52.17391304347826
2390,2,90,23,3.0,5.0,107.0,58.0,54.20560747663551
1177,2,79,147,1.0,4.0,66.0,41.0,62.121212121212125
3331,1,7,16,4.0,2.0,79.0,52.0,65.82278481012658
1164,1,190,19,6.0,6.0,90.0,59.0,65.55555555555556
643,1,76,5,9.0,5.0,84.0,50.0,59.523809523809526
2981,2,184,58,2.0,2.0,54.0,33.0,61.111111111111114
1867,1,100,18,0.0,2.0,44.0,20.0,45.45454545454545
3807,1,97,79,3.0,0.0,51.0,27.0,52.94117647058824
4758,1,190,19,6.0,6.0,145.0,92.0,63.44827586206897
1501,2,124,69,3.0,3.0,75.0,42.0,56.00000000000001
1904,1,32,64,12.0,4.0,67.0,42.0,62.68656716417911
3861,3,183,78,12.0,0.0,137.0,90.0,65.69343065693431
3315,2,178,62,2.0,0.0,74.0,48.0,64.86486486486487
534,2,43,17,2.0,5.0,60.0,37.0,61.66666666666667
3997,3,129,61,8.0,2.0,59.0,41.0,69.49152542372882
4049,2,178,62,0.0,2.0,85.0,52.0,61.1764705882353
2281,1,80,16,5.0,2.0,64.0,45.0,70.3125
4166,1,197,159,13.0,2.0,111.0,79.0,71.17117117117117
541,1,163,178,7.0,2.0,50.0,32.0,64.0
1021,1,104,153,8.0,0.0,41.0,27.0,65.85365853658537
4837,1,112,169,2.0,0.0,64.0,37.0,57.8125
2885,1,18,31,10.0,5.0,92.0,53.0,57.608695652173914
893,2,96,58,9.0,4.0,125.0,84.0,67.2
2797,2,128,23,6.0,1.0,138.0,79.0,57.2463768115942
1556,2,24,60,8.0,6.0,64.0,46.0,71.875
3509,1,188,18,5.0,0.0,44.0,27.0,61.36363636363637
2709,1,114,4,6.0,3.0,61.0,37.0,60.65573770491803
3424,2,85,69,5.0,1.0,78.0,50.0,64.1025641025641
1541,1,76,5,10.0,5.0,147.0,80.0,54.421768707483
5136,1,1,1,11.0,6.0,66.0,43.0,65.15151515151516
3795,1,190,19,16.0,6.0,83.0,48.0,57.831325301204814
3536,3,22,57,24.0,11.0,99.0,51.0,51.515151515151516
2910,2,134,72,5.0,0.0,56.0,32.0,57.14285714285714
1982,2,11,21,0.0,2.0,113.0,78.0,69.02654867256636
881,3,132,78,3.0,5.0,98.0,57.0,58.16326530612245
2094,2,125,76,4.0,4.0,95.0,65.0,68.42105263157895
2550,2,126,21,1.0,0.0,57.0,42.0,73.68421052631578
4676,2,27,83,0.0,1.0,47.0,33.0,70.2127659574468
2832,1,20,39,18.0,4.0,71.0,39.0,54.929577464788736
1003,1,5,11,10.0,1.0,74.0,54.0,72.97297297297297
1058,1,80,15,4.0,4.0,56.0,35.0,62.5
533,2,59,93,0.0,3.0,101.0,71.0,70.29702970297029
5128,2,116,6,0.0,2.0,42.0,20.0,47.61904761904761
3015,1,165,5,14.0,5.0,144.0,88.0,61.111111111111114
2863,2,186,221,0.0,4.0,58.0,41.0,70.6896551724138
3739,1,38,68,11.0,0.0,55.0,36.0,65.45454545454545
4247,1,215,263,2.0,1.0,71.0,50.0,70.4225352112676
2538,2,176,76,6.0,3.0,131.0,86.0,65.64885496183206
3234,1,46,32,14.0,0.0,48.0,31.0,64.58333333333334
422,3,47,85,1.0,0.0,22.0,12.0,54.54545454545454
3066,3,50,78,9.0,3.0,93.0,61.0,65.59139784946237
1415,1,110,84,2.0,0.0,62.0,40.0,64.51612903225806
521,2,11,21,4.0,3.0,58.0,29.0,50.0
2742,2,90,23,2.0,7.0,183.0,129.0,70.49180327868852
4191,1,120,65,5.0,1.0,54.0,35.0,64.81481481481481
3397,2,123,66,3.0,1.0,48.0,25.0,52.083333333333336
286,1,141,154,2.0,3.0,89.0,44.0,49.43820224719101
1954,2,125,76,1.0,1.0,89.0,65.0,73.03370786516854
621,1,146,30,3.0,0.0,105.0,63.0,60.0
2820,2,178,83,6.0,2.0,50.0,26.0,52.0
6377,1,15,27,4.0,6.0,95.0,52.0,54.736842105263165
5780,1,15,55,3.0,1.0,71.0,36.0,50.70422535211267
1368,1,194,183,5.0,3.0,75.0,50.0,66.66666666666666
3731,2,185,20,3.0,1.0,51.0,25.0,49.01960784313725
5774,1,1,1,4.0,1.0,44.0,27.0,61.36363636363637
1933,1,102,19,28.0,13.0,137.0,82.0,59.854014598540154
5202,1,160,212,7.0,1.0,60.0,42.0,70.0
2884,1,215,263,10.0,1.0,92.0,72.0,78.26086956521739
2212,1,51,19,20.0,8.0,99.0,56.0,56.56565656565656
3632,2,177,21,3.0,5.0,75.0,39.0,52.0
591,1,107,158,3.0,5.0,40.0,23.0,57.49999999999999
268,1,121,64,5.0,1.0,44.0,27.0,61.36363636363637
1104,2,125,76,9.0,3.0,99.0,61.0,61.61616161616161
1295,1,107,55,6.0,2.0,100.0,52.0,52.0
1751,3,22,57,5.0,1.0,69.0,43.0,62.31884057971014
770,2,179,23,11.0,7.0,146.0,92.0,63.013698630136986
194,1,80,15,2.0,1.0,80.0,57.0,71.25
5338,2,173,149,1.0,1.0,83.0,57.0,68.67469879518072
3293,1,31,89,14.0,2.0,68.0,36.0,52.94117647058824
3524,3,50,78,2.0,5.0,132.0,75.0,56.81818181818182
4881,1,82,64,3.0,2.0,72.0,53.0,73.61111111111111
5950,1,171,65,5.0,3.0,44.0,27.0,61.36363636363637
2535,1,135,67,8.0,4.0,77.0,49.0,63.63636363636363
2951,2,128,23,8.0,3.0,114.0,69.0,60.526315789473685
5732,2,31,6,1.0,2.0,106.0,73.0,68.86792452830188
2598,1,113,142,7.0,9.0,77.0,42.0,54.54545454545454
2643,2,23,58,14.0,4.0,109.0,71.0,65.13761467889908
3388,2,13,23,3.0,4.0,115.0,69.0,60.0
2942,3,180,151,6.0,2.0,90.0,64.0,71.11111111111111
1766,1,114,144,13.0,5.0,109.0,62.0,56.88073394495413
1236,2,123,66,3.0,3.0,70.0,45.0,64.28571428571429
5449,1,79,12,0.0,2.0,101.0,63.0,62.37623762376238
5627,1,147,63,3.0,3.0,61.0,30.0,49.18032786885246
707,2,90,23,15.0,2.0,159.0,108.0,67.9245283018868
4370,1,144,155,11.0,3.0,82.0,50.0,60.97560975609756
3837,2,59,92,0.0,6.0,109.0,74.0,67.88990825688074
1660,3,93,85,24.0,3.0,114.0,79.0,69.2982456140351
662,2,14,25,6.0,1.0,57.0,42.0,73.68421052631578
1804,1,146,30,12.0,2.0,53.0,33.0,62.264150943396224
1601,1,140,182,9.0,1.0,84.0,49.0,58.333333333333336
1246,1,197,29,10.0,5.0,99.0,69.0,69.6969696969697
4698,1,115,5,18.0,2.0,158.0,109.0,68.9873417721519
2703,2,215,264,0.0,1.0,17.0,11.0,64.70588235294117
1614,2,125,76,0.0,1.0,61.0,37.0,60.65573770491803
2416,2,177,21,5.0,7.0,103.0,71.0,68.93203883495146
4442,1,166,7,8.0,4.0,107.0,63.0,58.87850467289719
5288,1,196,55,6.0,2.0,50.0,28.0,56.00000000000001
236,1,144,155,3.0,1.0,45.0,28.0,62.22222222222222
1930,1,33,65,5.0,1.0,58.0,31.0,53.44827586206896
1652,2,97,20,1.0,6.0,50.0,24.0,48.0
4519,3,181,57,1.0,3.0,16.0,9.0,56.25
2114,1,143,184,13.0,0.0,59.0,38.0,64.40677966101694
2457,2,179,23,1.0,1.0,102.0,73.0,71.56862745098039
5825,2,178,62,3.0,3.0,71.0,38.0,53.52112676056338
172,2,177,21,2.0,0.0,58.0,39.0,67.24137931034483
2593,1,139,19,3.0,2.0,96.0,60.0,62.5
3727,3,183,78,15.0,2.0,134.0,81.0,60.447761194029844
750,1,7,16,8.0,3.0,48.0,31.0,64.58333333333334
4168,1,190,19,21.0,10.0,131.0,75.0,57.25190839694656
766,1,1,2,6.0,2.0,105.0,74.0,70.47619047619048
3466,3,50,78,7.0,0.0,74.0,52.0,70.27027027027027
544,1,98,82,5.0,2.0,56.0,37.0,66.07142857142857
807,1,61,110,0.0,0.0,48.0,38.0,79.16666666666666
977,3,50,78,17.0,3.0,130.0,76.0,58.46153846153847
1701,1,3,5,5.0,1.0,149.0,96.0,64.42953020134227
2680,1,199,77,12.0,2.0,43.0,32.0,74.4186046511628
36,1,170,16,17.0,2.0,118.0,80.0,67.79661016949152
2912,1,139,19,5.0,3.0,99.0,67.0,67.67676767676768
6081,2,123,66,1.0,0.0,74.0,45.0,60.810810810810814
3159,1,111,32,15.0,1.0,81.0,55.0,67.90123456790124
3283,3,183,78,5.0,2.0,80.0,51.0,63.74999999999999
270,1,57,87,2.0,4.0,69.0,47.0,68.11594202898551
3224,1,9,19,14.0,1.0,72.0,43.0,59.72222222222222
4196,1,74,142,5.0,0.0,47.0,28.0,59.57446808510638
6280,2,122,148,4.0,2.0,74.0,55.0,74.32432432432432
5568,2,133,60,3.0,1.0,61.0,48.0,78.68852459016394
2031,1,165,5,2.0,2.0,83.0,50.0,60.24096385542169
1746,1,81,65,5.0,1.0,57.0,36.0,63.1578947368421
98,1,43,13,2.0,0.0,56.0,34.0,60.71428571428571
4179,1,165,5,16.0,5.0,94.0,49.0,52.12765957446809
2799,2,175,69,1.0,1.0,54.0,40.0,74.07407407407408
1898,2,124,56,2.0,5.0,86.0,55.0,63.95348837209303
225,2,84,66,4.0,2.0,57.0,32.0,56.14035087719298
3742,1,52,5,15.0,3.0,87.0,62.0,71.26436781609196
6124,2,89,62,8.0,8.0,92.0,45.0,48.91304347826087
1208,2,175,56,7.0,2.0,75.0,42.0,56.00000000000001
2590,1,200,32,8.0,8.0,60.0,38.0,63.33333333333333
3352,1,193,155,14.0,3.0,145.0,101.0,69.6551724137931
2092,2,88,21,3.0,2.0,64.0,38.0,59.375
2978,1,147,31,1.0,1.0,71.0,57.0,80.28169014084507
5879,1,135,67,2.0,3.0,63.0,44.0,69.84126984126983
2780,1,97,79,7.0,0.0,80.0,46.0,57.49999999999999
943,1,113,142,3.0,2.0,57.0,36.0,63.1578947368421
1809,1,136,68,4.0,3.0,70.0,32.0,45.714285714285715
5192,1,120,65,6.0,14.0,78.0,42.0,53.84615384615385
1907,3,47,85,1.0,0.0,54.0,41.0,75.92592592592592
2981,3,132,78,12.0,2.0,116.0,76.0,65.51724137931035
3346,1,54,94,4.0,2.0,70.0,46.0,65.71428571428571
5043,2,175,69,1.0,1.0,49.0,31.0,63.26530612244898
5256,1,191,222,0.0,8.0,57.0,38.0,66.66666666666666
3788,1,55,1,1.0,0.0,59.0,51.0,86.4406779661017
3466,1,78,11,9.0,1.0,64.0,40.0,62.5
4499,1,141,154,5.0,7.0,89.0,48.0,53.93258426966292
1930,1,111,32,8.0,1.0,58.0,40.0,68.96551724137932
1021,1,137,18,3.0,2.0,29.0,12.0,41.37931034482759
2101,3,183,78,19.0,5.0,149.0,108.0,72.48322147651007
3426,1,197,29,11.0,0.0,63.0,38.0,60.317460317460316
3863,1,102,19,10.0,4.0,85.0,42.0,49.411764705882355
883,2,123,66,20.0,2.0,109.0,56.0,51.37614678899083
2530,1,136,68,1.0,0.0,77.0,44.0,57.14285714285714
601,1,77,7,6.0,1.0,38.0,30.0,78.94736842105263
5566,2,96,22,5.0,1.0,78.0,53.0,67.94871794871796
1510,2,48,76,1.0,0.0,55.0,35.0,63.63636363636363
2573,2,85,69,9.0,4.0,104.0,62.0,59.61538461538461
5173,2,83,148,7.0,3.0,59.0,35.0,59.32203389830508
1954,1,143,184,2.0,3.0,59.0,37.0,62.71186440677966
6415,1,37,67,2.0,2.0,63.0,46.0,73.01587301587301
2298,1,135,82,5.0,0.0,44.0,28.0,63.63636363636363
2930,1,188,18,9.0,8.0,88.0,44.0,50.0
4345,2,90,23,4.0,3.0,107.0,62.0,57.943925233644855
6369,3,132,78,5.0,3.0,122.0,78.0,63.934426229508205
1744,2,49,23,3.0,3.0,94.0,59.0,62.76595744680851
2474,2,184,22,2.0,1.0,81.0,54.0,66.66666666666666
4226,1,186,67,12.0,5.0,78.0,43.0,55.12820512820513
302,3,22,57,11.0,10.0,67.0,38.0,56.71641791044776
2884,3,183,78,12.0,6.0,103.0,57.0,55.33980582524271
3036,2,134,72,3.0,1.0,79.0,47.0,59.49367088607595
4130,1,103,63,8.0,4.0,69.0,35.0,50.72463768115942
3839,2,96,58,7.0,3.0,64.0,39.0,60.9375
2413,1,187,68,2.0,5.0,73.0,41.0,56.16438356164384
4024,3,180,151,3.0,4.0,62.0,39.0,62.903225806451616
1354,1,136,68,3.0,6.0,68.0,44.0,64.70588235294117
3015,1,18,31,6.0,1.0,60.0,37.0,61.66666666666667
3813,1,41,84,7.0,0.0,37.0,25.0,67.56756756756756
6240,1,29,63,1.0,2.0,47.0,34.0,72.3404255319149
2625,3,183,78,12.0,7.0,106.0,63.0,59.43396226415094
4476,1,97,79,7.0,2.0,72.0,47.0,65.27777777777779
2901,2,125,76,6.0,2.0,66.0,44.0,66.66666666666666
596,2,175,220,6.0,1.0,86.0,62.0,72.09302325581395
775,3,181,57,6.0,1.0,69.0,47.0,68.11594202898551
1528,2,96,58,8.0,4.0,61.0,38.0,62.295081967213115
233,1,9,19,24.0,2.0,70.0,46.0,65.71428571428571
648,2,90,23,2.0,1.0,103.0,68.0,66.01941747572816
736,2,77,6,4.0,6.0,66.0,46.0,69.6969696969697
5020,1,163,218,9.0,2.0,83.0,51.0,61.44578313253012
1436,1,28,29,4.0,2.0,64.0,38.0,59.375
1669,1,135,67,6.0,2.0,56.0,35.0,62.5
3595,1,163,218,8.0,3.0,109.0,67.0,61.46788990825688
1819,1,117,11,7.0,4.0,79.0,48.0,60.75949367088608
2048,1,109,30,10.0,2.0,102.0,65.0,63.725490196078425
4046,1,195,184,9.0,2.0,133.0,83.0,62.40601503759399
2377,1,163,219,5.0,2.0,113.0,71.0,62.83185840707964
3781,2,88,21,1.0,4.0,57.0,24.0,42.10526315789473
3442,1,137,18,3.0,2.0,50.0,34.0,68.0
1036,1,194,183,6.0,2.0,93.0,51.0,54.83870967741935
2053,1,76,5,5.0,1.0,79.0,49.0,62.0253164556962
917,1,106,156,6.0,2.0,86.0,57.0,66.27906976744185
1852,1,101,80,5.0,2.0,44.0,32.0,72.72727272727273
2936,1,31,7,18.0,2.0,61.0,48.0,78.68852459016394
4109,1,137,18,6.0,5.0,55.0,29.0,52.72727272727272
5109,2,186,221,5.0,4.0,52.0,37.0,71.15384615384616
327,1,115,5,23.0,5.0,110.0,70.0,63.63636363636363
2148,1,39,18,11.0,2.0,99.0,53.0,53.535353535353536
918,2,170,17,2.0,4.0,53.0,31.0,58.490566037735846
796,1,116,7,4.0,1.0,61.0,38.0,62.295081967213115
1076,1,9,19,4.0,2.0,113.0,78.0,69.02654867256636
4965,2,133,58,5.0,0.0,91.0,69.0,75.82417582417582
2117,1,77,7,3.0,2.0,43.0,26.0,60.46511627906976
375,3,94,78,21.0,3.0,171.0,102.0,59.64912280701754
4332,2,128,23,4.0,4.0,103.0,64.0,62.13592233009708
2957,1,29,28,5.0,2.0,74.0,39.0,52.702702702702695
4505,2,35,66,5.0,5.0,83.0,43.0,51.80722891566265
2123,1,139,19,7.0,2.0,64.0,48.0,75.0
1809,1,200,32,6.0,0.0,66.0,39.0,59.09090909090909
706,1,197,159,18.0,2.0,66.0,39.0,59.09090909090909
2218,1,76,5,23.0,5.0,182.0,126.0,69.23076923076923
2571,2,49,23,2.0,6.0,126.0,79.0,62.698412698412696
5304,1,195,184,5.0,1.0,85.0,51.0,60.0
591,2,87,76,1.0,5.0,70.0,48.0,68.57142857142857
2427,2,35,66,1.0,0.0,54.0,30.0,55.55555555555556
3885,2,125,76,3.0,1.0,68.0,43.0,63.23529411764706
1013,1,51,19,9.0,1.0,71.0,42.0,59.154929577464785
3367,1,76,5,9.0,0.0,111.0,69.0,62.16216216216216
2886,2,122,148,4.0,0.0,47.0,27.0,57.446808510638306
4495,1,74,142,7.0,3.0,57.0,33.0,57.89473684210527
2238,1,98,82,17.0,3.0,81.0,51.0,62.96296296296296
1091,1,97,79,13.0,1.0,100.0,52.0,52.0
5121,1,76,5,26.0,5.0,132.0,78.0,59.09090909090909
4080,3,94,78,4.0,1.0,75.0,53.0,70.66666666666667
313,2,13,23,4.0,6.0,134.0,102.0,76.11940298507463
200,1,46,32,14.0,1.0,96.0,69.0,71.875
6165,1,113,178,9.0,3.0,56.0,30.0,53.57142857142857
3155,1,167,13,6.0,4.0,58.0,39.0,67.24137931034483
384,2,126,21,2.0,2.0,56.0,31.0,55.35714285714286
2708,1,135,67,1.0,2.0,60.0,32.0,53.333333333333336
93,1,17,30,13.0,1.0,60.0,43.0,71.66666666666667
2446,2,170,17,5.0,2.0,83.0,54.0,65.06024096385542
1581,2,96,22,3.0,1.0,74.0,49.0,66.21621621621621
637,1,42,55,7.0,2.0,77.0,47.0,61.038961038961034
1355,1,98,82,14.0,5.0,105.0,55.0,52.38095238095239
2763,1,191,181,8.0,1.0,56.0,34.0,60.71428571428571
1241,2,174,66,5.0,2.0,72.0,42.0,58.333333333333336
1209,1,102,19,9.0,7.0,110.0,58.0,52.72727272727272
579,1,144,55,6.0,4.0,117.0,81.0,69.23076923076923
340,1,44,16,4.0,3.0,79.0,53.0,67.08860759493672
2095,1,118,2,6.0,1.0,56.0,42.0,75.0
3899,1,137,18,4.0,0.0,81.0,58.0,71.60493827160494
2447,2,124,180,1.0,2.0,40.0,27.0,67.5
1557,1,140,181,11.0,5.0,93.0,52.0,55.91397849462365
3434,3,184,59,2.0,4.0,95.0,54.0,56.84210526315789
346,2,43,17,1.0,0.0,39.0,22.0,56.41025641025641
2613,1,115,5,17.0,5.0,130.0,89.0,68.46153846153847
3118,1,117,12,0.0,2.0,45.0,25.0,55.55555555555556
6423,1,52,5,7.0,1.0,101.0,70.0,69.3069306930693
629,1,15,55,4.0,2.0,87.0,55.0,63.2183908045977
2750,1,23,82,23.0,5.0,103.0,69.0,66.99029126213593
2272,1,32,64,1.0,1.0,95.0,73.0,76.84210526315789
3280,1,8,18,8.0,14.0,124.0,64.0,51.61290322580645
2530,1,142,183,5.0,2.0,83.0,43.0,51.80722891566265
6,1,114,144,5.0,1.0,54.0,35.0,64.81481481481481
2337,1,115,5,20.0,1.0,78.0,50.0,64.1025641025641
2453,2,134,22,8.0,2.0,97.0,64.0,65.97938144329896
3272,1,169,82,0.0,2.0,43.0,23.0,53.48837209302325
2866,2,179,23,1.0,1.0,44.0,26.0,59.09090909090909
252,1,81,65,6.0,1.0,91.0,56.0,61.53846153846154
6164,1,137,18,3.0,0.0,56.0,31.0,55.35714285714286
5316,2,24,22,2.0,1.0,81.0,41.0,50.617283950617285
2262,1,98,67,4.0,2.0,90.0,49.0,54.44444444444444
509,1,111,32,5.0,1.0,67.0,44.0,65.67164179104478
3643,1,7,15,11.0,2.0,70.0,39.0,55.714285714285715
5829,1,5,10,4.0,1.0,49.0,30.0,61.224489795918366
1019,1,165,5,18.0,6.0,183.0,114.0,62.295081967213115
2274,1,9,19,8.0,6.0,118.0,76.0,64.40677966101694
165,1,75,144,11.0,1.0,69.0,47.0,68.11594202898551
341,2,7,17,1.0,0.0,68.0,45.0,66.17647058823529
3953,1,75,145,20.0,4.0,109.0,76.0,69.72477064220183
2221,1,44,16,1.0,0.0,12.0,6.0,50.0
38,1,190,19,9.0,12.0,139.0,57.0,41.007194244604314
5282,1,145,29,3.0,0.0,68.0,40.0,58.82352941176471
853,1,19,32,2.0,0.0,54.0,39.0,72.22222222222221
2988,2,174,66,7.0,3.0,84.0,50.0,59.523809523809526
5497,2,118,179,4.0,2.0,95.0,59.0,62.10526315789474
4672,1,198,30,6.0,5.0,82.0,49.0,59.756097560975604
274,2,124,180,3.0,2.0,85.0,59.0,69.41176470588235
17,1,3,5,22.0,4.0,193.0,109.0,56.476683937823836
5493,2,95,60,1.0,3.0,79.0,60.0,75.9493670886076
2252,1,9,19,14.0,13.0,193.0,110.0,56.994818652849744
3070,3,94,78,10.0,1.0,76.0,48.0,63.1578947368421
1452,2,87,76,18.0,3.0,96.0,58.0,60.416666666666664
242,1,3,5,5.0,2.0,142.0,94.0,66.19718309859155
2163,3,180,61,10.0,1.0,55.0,41.0,74.54545454545455
1090,1,52,5,19.0,3.0,135.0,95.0,70.37037037037037
4098,3,92,73,0.0,2.0,36.0,26.0,72.22222222222221
768,2,128,23,12.0,4.0,120.0,86.0,71.66666666666667
75,1,100,18,6.0,7.0,91.0,50.0,54.94505494505495
1167,1,25,79,9.0,0.0,73.0,50.0,68.4931506849315
1667,2,25,20,2.0,7.0,56.0,31.0,55.35714285714286
1569,2,175,220,1.0,3.0,63.0,45.0,71.42857142857143
1200,1,4,8,8.0,3.0,89.0,61.0,68.53932584269663
1997,1,7,16,2.0,2.0,71.0,42.0,59.154929577464785
2354,1,82,64,4.0,4.0,80.0,43.0,53.75
3546,2,125,76,14.0,4.0,98.0,58.0,59.183673469387756
3480,3,130,73,9.0,2.0,55.0,39.0,70.9090909090909
502,1,29,63,11.0,2.0,66.0,37.0,56.060606060606055
5732,1,76,5,2.0,3.0,70.0,43.0,61.42857142857143
2352,3,22,57,2.0,2.0,88.0,58.0,65.9090909090909
4105,3,183,78,4.0,4.0,89.0,56.0,62.92134831460674
3674,1,164,4,5.0,1.0,60.0,35.0,58.333333333333336
3581,1,139,19,8.0,0.0,103.0,58.0,56.310679611650485
4039,1,163,178,19.0,1.0,119.0,70.0,58.82352941176471
5419,1,29,28,2.0,0.0,99.0,57.0,57.57575757575758
954,2,122,148,12.0,1.0,50.0,33.0,66.0
3141,2,175,69,1.0,1.0,71.0,42.0,59.154929577464785
3286,1,33,65,4.0,7.0,59.0,40.0,67.79661016949152
1915,1,143,184,6.0,0.0,77.0,49.0,63.63636363636363
4083,1,148,32,1.0,1.0,15.0,10.0,66.66666666666666
5115,1,32,64,1.0,1.0,47.0,32.0,68.08510638297872
2031,2,134,72,0.0,1.0,87.0,64.0,73.5632183908046
2427,1,187,68,4.0,2.0,41.0,24.0,58.536585365853654
4553,1,194,183,1.0,8.0,69.0,43.0,62.31884057971014
3484,1,195,184,6.0,4.0,101.0,65.0,64.35643564356435
1948,2,186,221,3.0,4.0,62.0,43.0,69.35483870967742
5986,1,193,155,4.0,2.0,62.0,48.0,77.41935483870968
1656,1,76,5,7.0,6.0,149.0,97.0,65.1006711409396
4845,2,173,149,1.0,1.0,46.0,33.0,71.73913043478261
3915,1,103,94,3.0,1.0,78.0,52.0,66.66666666666666
621,3,132,78,7.0,0.0,167.0,115.0,68.8622754491018
4860,1,9,19,4.0,9.0,68.0,41.0,60.29411764705882
4738,1,51,19,27.0,5.0,159.0,95.0,59.74842767295597
6108,1,171,65,5.0,0.0,76.0,45.0,59.210526315789465
3143,1,120,65,4.0,4.0,68.0,30.0,44.11764705882353
329,1,102,19,14.0,3.0,88.0,56.0,63.63636363636363
1777,1,81,65,7.0,1.0,62.0,37.0,59.67741935483871
5018,1,55,1,2.0,1.0,55.0,39.0,70.9090909090909
117,1,30,30,7.0,4.0,79.0,45.0,56.9620253164557
1530,1,98,82,12.0,4.0,58.0,30.0,51.724137931034484
4708,1,55,1,0.0,5.0,24.0,16.0,66.66666666666666
4029,1,16,29,10.0,4.0,72.0,39.0,54.166666666666664
4069,1,6,13,9.0,2.0,93.0,63.0,67.74193548387096
2958,1,165,5,18.0,4.0,99.0,65.0,65.65656565656566
6256,1,164,3,5.0,4.0,66.0,43.0,65.15151515151516
796,1,195,184,10.0,1.0,69.0,46.0,66.66666666666666
4953,2,169,179,5.0,3.0,96.0,64.0,66.66666666666666
5134,2,77,6,6.0,6.0,85.0,32.0,37.64705882352941
1704,1,203,236,3.0,1.0,58.0,40.0,68.96551724137932
873,1,137,18,10.0,1.0,107.0,68.0,63.55140186915887
6167,1,54,31,10.0,7.0,101.0,59.0,58.415841584158414
3272,1,149,84,5.0,3.0,39.0,19.0,48.717948717948715
179,1,104,152,4.0,0.0,59.0,39.0,66.10169491525424
1374,1,99,68,8.0,2.0,76.0,50.0,65.78947368421053
2441,1,138,80,2.0,3.0,61.0,42.0,68.85245901639344
4505,2,49,23,8.0,5.0,89.0,51.0,57.30337078651685
64,1,56,88,9.0,1.0,69.0,43.0,62.31884057971014
5414,1,116,7,11.0,3.0,60.0,39.0,65.0
6246,1,109,30,5.0,2.0,68.0,41.0,60.29411764705882
3055,3,94,78,7.0,1.0,85.0,47.0,55.294117647058826
4185,2,169,179,1.0,2.0,100.0,66.0,66.0
1856,1,42,71,18.0,6.0,89.0,60.0,67.41573033707866
161,1,6,13,5.0,2.0,71.0,48.0,67.6056338028169
5284,1,74,142,7.0,0.0,47.0,32.0,68.08510638297872
4233,1,28,74,4.0,1.0,56.0,40.0,71.42857142857143
1692,1,30,30,2.0,0.0,28.0,19.0,67.85714285714286
5915,1,135,67,8.0,4.0,95.0,56.0,58.94736842105262
2195,3,132,78,5.0,9.0,139.0,99.0,71.22302158273382
2021,1,102,19,6.0,4.0,87.0,41.0,47.12643678160919
1368,1,143,184,13.0,0.0,59.0,38.0,64.40677966101694
244,1,135,67,4.0,4.0,72.0,39.0,54.166666666666664
6354,1,53,80,9.0,9.0,94.0,55.0,58.51063829787234
3743,2,123,66,2.0,2.0,25.0,12.0,48.0
1992,1,170,15,11.0,6.0,84.0,43.0,51.19047619047619
1632,3,132,78,10.0,0.0,123.0,66.0,53.65853658536586
3249,1,17,30,1.0,3.0,67.0,38.0,56.71641791044776
3088,2,126,21,0.0,3.0,134.0,111.0,82.83582089552239
4794,2,126,21,4.0,2.0,101.0,65.0,64.35643564356435
905,1,186,67,4.0,1.0,17.0,10.0,58.82352941176471
4008,1,114,4,12.0,3.0,63.0,45.0,71.42857142857143
1279,2,40,69,10.0,2.0,130.0,69.0,53.07692307692308
3386,1,120,65,10.0,4.0,68.0,33.0,48.529411764705884
4544,1,2,4,5.0,6.0,65.0,36.0,55.38461538461539
2230,2,184,22,1.0,2.0,65.0,45.0,69.23076923076923
6205,1,139,19,9.0,4.0,91.0,49.0,53.84615384615385
2600,3,131,75,13.0,2.0,91.0,58.0,63.73626373626373
149,2,59,93,2.0,1.0,42.0,30.0,71.42857142857143
4069,3,26,61,7.0,2.0,71.0,43.0,60.56338028169014
1723,1,105,155,6.0,5.0,106.0,57.0,53.77358490566038
605,1,102,19,17.0,3.0,117.0,56.0,47.863247863247864
591,2,79,147,1.0,2.0,68.0,35.0,51.470588235294116
1796,2,96,22,2.0,5.0,47.0,23.0,48.93617021276596
410,1,190,19,5.0,1.0,64.0,41.0,64.0625
4102,3,131,85,3.0,4.0,70.0,36.0,51.42857142857142
5343,1,119,15,4.0,4.0,75.0,49.0,65.33333333333333
5199,2,24,22,5.0,3.0,89.0,48.0,53.93258426966292
1801,1,44,15,4.0,1.0,84.0,59.0,70.23809523809523
3533,1,74,1,5.0,3.0,94.0,57.0,60.63829787234043
921,1,194,183,3.0,1.0,53.0,36.0,67.9245283018868
216,1,105,154,3.0,0.0,67.0,42.0,62.68656716417911
2830,1,39,18,6.0,4.0,61.0,35.0,57.377049180327866
2596,1,76,5,6.0,3.0,87.0,56.0,64.36781609195403
5562,1,76,5,15.0,10.0,146.0,89.0,60.95890410958904
6143,2,125,76,3.0,0.0,56.0,42.0,75.0
853,1,7,15,1.0,2.0,46.0,29.0,63.04347826086957
2148,2,88,21,13.0,2.0,70.0,38.0,54.285714285714285
5301,1,104,152,1.0,1.0,55.0,42.0,76.36363636363637
757,1,33,65,3.0,3.0,56.0,35.0,62.5
4880,1,43,13,1.0,0.0,64.0,41.0,64.0625
2293,2,133,58,1.0,2.0,84.0,55.0,65.47619047619048
2355,2,27,62,4.0,0.0,60.0,33.0,55.00000000000001
270,1,25,79,4.0,3.0,91.0,56.0,61.53846153846154
2869,2,133,58,9.0,3.0,52.0,31.0,59.61538461538461
1051,1,116,146,3.0,0.0,47.0,27.0,57.446808510638306
2701,1,76,5,7.0,2.0,109.0,80.0,73.39449541284404
375,1,76,5,16.0,2.0,152.0,101.0,66.44736842105263
3994,1,76,5,17.0,2.0,125.0,85.0,68.0
3799,3,50,78,7.0,8.0,102.0,56.0,54.90196078431373
271,2,14,25,0.0,3.0,46.0,27.0,58.69565217391305
316,1,113,8,2.0,5.0,103.0,70.0,67.96116504854369
4855,1,141,154,7.0,3.0,92.0,59.0,64.13043478260869
6051,2,49,23,1.0,5.0,129.0,76.0,58.91472868217055
4094,1,187,68,9.0,4.0,75.0,47.0,62.66666666666667
4682,1,14,24,0.0,0.0,40.0,14.0,35.0
3366,1,7,16,4.0,2.0,55.0,30.0,54.54545454545454
3147,2,49,23,11.0,3.0,114.0,58.0,50.877192982456144
6163,2,173,148,6.0,2.0,76.0,49.0,64.47368421052632
598,1,16,29,5.0,10.0,64.0,40.0,62.5
5793,1,33,65,3.0,3.0,52.0,32.0,61.53846153846154
157,3,22,57,4.0,5.0,88.0,68.0,77.27272727272727
2898,1,166,7,11.0,3.0,46.0,25.0,54.347826086956516
4854,1,1,2,9.0,1.0,87.0,64.0,73.5632183908046
5602,2,34,9,2.0,1.0,57.0,34.0,59.64912280701754
3906,2,5,9,1.0,4.0,39.0,21.0,53.84615384615385
1289,2,40,77,2.0,1.0,62.0,38.0,61.29032258064516
2289,1,194,183,3.0,1.0,53.0,36.0,67.9245283018868
4205,1,121,64,4.0,3.0,57.0,32.0,56.14035087719298
3494,2,169,179,4.0,0.0,70.0,49.0,70.0
4895,1,139,19,14.0,4.0,112.0,68.0,60.71428571428571
5581,2,78,9,0.0,1.0,93.0,62.0,66.66666666666666
1003,2,179,23,2.0,4.0,63.0,37.0,58.730158730158735
3177,1,52,5,17.0,14.0,106.0,59.0,55.660377358490564
964,2,90,23,15.0,2.0,123.0,73.0,59.34959349593496
5345,2,49,23,8.0,5.0,89.0,51.0,57.30337078651685
783,2,31,6,4.0,2.0,60.0,44.0,73.33333333333333
3617,1,15,27,1.0,2.0,101.0,66.0,65.34653465346535
4086,2,48,76,0.0,0.0,54.0,38.0,70.37037037037037
3388,1,38,68,6.0,5.0,52.0,26.0,50.0
2964,1,186,67,12.0,6.0,116.0,71.0,61.206896551724135
1438,2,49,23,5.0,2.0,66.0,47.0,71.21212121212122
4439,1,164,3,2.0,1.0,54.0,37.0,68.51851851851852
201,1,137,18,3.0,2.0,29.0,12.0,41.37931034482759
2543,1,166,7,8.0,7.0,88.0,61.0,69.31818181818183
1443,1,54,94,7.0,0.0,54.0,31.0,57.407407407407405
4934,2,84,66,1.0,2.0,62.0,41.0,66.12903225806451
2099,2,133,60,3.0,1.0,70.0,40.0,57.14285714285714
5808,1,105,155,5.0,1.0,84.0,53.0,63.095238095238095
239,1,117,11,13.0,2.0,84.0,49.0,58.333333333333336
650,2,128,23,1.0,5.0,90.0,55.0,61.111111111111114
2567,1,169,2,2.0,0.0,50.0,26.0,52.0
383,2,133,58,5.0,5.0,97.0,61.0,62.88659793814433
5099,2,128,23,0.0,2.0,87.0,59.0,67.81609195402298
2770,1,106,156,11.0,0.0,57.0,46.0,80.7017543859649
720,3,92,73,6.0,5.0,60.0,42.0,70.0
4044,1,165,5,18.0,2.0,114.0,68.0,59.64912280701754
88,2,134,72,4.0,2.0,90.0,54.0,60.0
2996,2,170,17,0.0,1.0,75.0,57.0,76.0
3983,2,112,171,2.0,3.0,54.0,38.0,70.37037037037037
2880,1,145,159,5.0,3.0,71.0,34.0,47.88732394366197
5771,1,145,159,13.0,2.0,66.0,45.0,68.18181818181817
640,1,52,5,1.0,4.0,129.0,88.0,68.21705426356588
1810,1,139,19,8.0,13.0,112.0,55.0,49.107142857142854
3790,1,165,5,1.0,0.0,58.0,34.0,58.620689655172406
2656,1,39,18,17.0,1.0,68.0,48.0,70.58823529411765
889,1,62,97,4.0,3.0,44.0,29.0,65.9090909090909
6457,1,77,8,12.0,2.0,105.0,62.0,59.04761904761905
1305,1,81,65,11.0,6.0,81.0,47.0,58.0246913580247
852,3,131,85,25.0,2.0,67.0,47.0,70.1492537313433
1642,1,211,252,4.0,0.0,57.0,37.0,64.91228070175438
3366,1,145,29,12.0,1.0,84.0,51.0,60.71428571428571
537,3,22,57,5.0,6.0,52.0,23.0,44.230769230769226
1177,1,28,29,3.0,1.0,57.0,39.0,68.42105263157895
3461,3,132,78,3.0,2.0,81.0,44.0,54.32098765432099
1498,1,121,64,7.0,1.0,87.0,57.0,65.51724137931035
5710,2,87,76,9.0,7.0,61.0,40.0,65.57377049180327
3238,2,13,23,3.0,6.0,143.0,81.0,56.64335664335665
3299,3,93,85,8.0,3.0,53.0,33.0,62.264150943396224
1758,3,130,73,6.0,1.0,38.0,26.0,68.42105263157895
4656,1,75,145,2.0,2.0,60.0,40.0,66.66666666666666
2775,2,96,58,4.0,6.0,70.0,38.0,54.285714285714285
4151,1,189,80,5.0,0.0,83.0,62.0,74.69879518072288
3542,1,164,4,3.0,2.0,67.0,31.0,46.26865671641791
2122,2,89,62,1.0,2.0,67.0,52.0,77.61194029850746
27,2,174,66,2.0,5.0,43.0,21.0,48.837209302325576
1635,2,88,21,13.0,0.0,70.0,42.0,60.0
2004,2,96,22,4.0,1.0,35.0,23.0,65.71428571428571
2566,1,74,142,6.0,0.0,81.0,46.0,56.79012345679012
1510,2,36,21,0.0,1.0,61.0,30.0,49.18032786885246
5329,3,94,78,2.0,4.0,83.0,53.0,63.85542168674698
4064,3,132,78,8.0,7.0,105.0,65.0,61.904761904761905
387,2,79,147,2.0,1.0,64.0,40.0,62.5
3928,3,94,78,6.0,6.0,81.0,50.0,61.72839506172839
4190,2,174,66,4.0,4.0,63.0,28.0,44.44444444444444
2745,2,168,9,10.0,3.0,89.0,47.0,52.80898876404494
2160,1,51,19,12.0,4.0,94.0,57.0,60.63829787234043
3334,2,184,58,11.0,2.0,99.0,54.0,54.54545454545454
1264,1,215,279,1.0,1.0,44.0,29.0,65.9090909090909
767,1,148,32,4.0,2.0,70.0,51.0,72.85714285714285
2267,2,184,22,5.0,2.0,80.0,49.0,61.25000000000001
2271,1,172,64,7.0,0.0,77.0,37.0,48.05194805194805
4177,1,39,18,6.0,1.0,37.0,26.0,70.27027027027027
1043,2,90,23,2.0,5.0,89.0,73.0,82.02247191011236
2945,2,173,148,7.0,2.0,77.0,52.0,67.53246753246754
1241,1,2,3,12.0,2.0,79.0,45.0,56.9620253164557
253,1,39,18,12.0,5.0,101.0,56.0,55.44554455445545
5171,1,16,28,2.0,3.0,108.0,78.0,72.22222222222221
2433,1,120,65,6.0,6.0,110.0,61.0,55.45454545454545
2694,1,52,5,2.0,2.0,103.0,75.0,72.81553398058253
1956,1,17,30,4.0,3.0,98.0,58.0,59.183673469387756
3793,3,95,59,4.0,7.0,102.0,56.0,54.90196078431373
5968,1,74,1,4.0,0.0,48.0,35.0,72.91666666666666
4234,2,173,149,6.0,2.0,86.0,65.0,75.5813953488372
1603,1,198,30,10.0,5.0,106.0,70.0,66.0377358490566
2882,2,85,69,1.0,2.0,88.0,58.0,65.9090909090909
3326,3,130,57,0.0,5.0,57.0,27.0,47.368421052631575
866,1,32,64,10.0,3.0,56.0,35.0,62.5
1781,1,16,28,3.0,2.0,70.0,42.0,60.0
3145,1,137,18,1.0,2.0,59.0,33.0,55.932203389830505
614,1,55,1,3.0,6.0,66.0,39.0,59.09090909090909
1876,2,48,76,0.0,1.0,65.0,44.0,67.6923076923077
2835,1,147,31,11.0,2.0,94.0,55.0,58.51063829787234
613,2,49,23,0.0,4.0,130.0,95.0,73.07692307692307
3595,1,33,65,1.0,3.0,66.0,37.0,56.060606060606055
3347,1,144,55,6.0,1.0,78.0,44.0,56.41025641025641
353,1,15,27,0.0,5.0,55.0,33.0,60.0
2165,2,35,66,2.0,1.0,39.0,31.0,79.48717948717949
4812,1,107,55,6.0,0.0,59.0,36.0,61.016949152542374
1557,2,96,22,1.0,2.0,70.0,44.0,62.857142857142854
1586,2,126,21,3.0,0.0,61.0,36.0,59.01639344262295
504,1,135,82,1.0,3.0,84.0,55.0,65.47619047619048
3480,1,137,18,8.0,1.0,48.0,32.0,66.66666666666666
1515,1,142,183,1.0,0.0,75.0,44.0,58.666666666666664
2525,2,78,9,2.0,0.0,49.0,32.0,65.3061224489796
3662,1,170,15,5.0,9.0,72.0,37.0,51.388888888888886
909,2,87,76,2.0,1.0,83.0,63.0,75.90361445783132
3759,3,50,78,13.0,2.0,82.0,57.0,69.51219512195121
3313,1,172,64,28.0,1.0,87.0,63.0,72.41379310344827
396,1,52,5,18.0,2.0,84.0,53.0,63.095238095238095
3274,1,149,84,5.0,1.0,90.0,65.0,72.22222222222221
3431,1,6,12,3.0,1.0,106.0,74.0,69.81132075471697
4963,1,190,19,13.0,7.0,118.0,71.0,60.16949152542372
4082,1,193,155,4.0,0.0,43.0,28.0,65.11627906976744
1317,3,181,73,2.0,1.0,71.0,50.0,70.4225352112676
1854,2,7,17,1.0,3.0,109.0,69.0,63.30275229357798
5800,1,9,19,13.0,4.0,88.0,53.0,60.22727272727273
2930,2,124,69,1.0,1.0,78.0,39.0,50.0
482,1,141,154,5.0,2.0,77.0,47.0,61.038961038961034
3465,1,75,144,10.0,2.0,75.0,41.0,54.666666666666664
602,1,159,211,1.0,3.0,53.0,32.0,60.37735849056604
3074,1,168,11,4.0,1.0,81.0,45.0,55.55555555555556
1002,1,165,5,8.0,1.0,113.0,82.0,72.56637168141593
2203,2,24,22,3.0,5.0,79.0,43.0,54.43037974683544
1312,1,135,67,4.0,1.0,79.0,48.0,60.75949367088608
3114,3,91,151,5.0,3.0,46.0,30.0,65.21739130434783
4533,1,102,19,0.0,2.0,97.0,63.0,64.94845360824742
2265,2,90,23,18.0,2.0,139.0,88.0,63.30935251798561
2692,1,165,5,14.0,4.0,134.0,73.0,54.47761194029851
3633,3,94,78,5.0,4.0,151.0,96.0,63.576158940397356
687,2,40,69,7.0,0.0,44.0,35.0,79.54545454545455
2100,1,28,74,6.0,2.0,67.0,48.0,71.64179104477611
2698,1,52,5,9.0,6.0,123.0,77.0,62.601626016260155
3733,1,170,15,1.0,2.0,74.0,35.0,47.2972972972973
2012,2,176,76,6.0,1.0,58.0,39.0,67.24137931034483
3676,3,132,78,10.0,3.0,167.0,118.0,70.65868263473054
3744,1,105,154,4.0,0.0,35.0,21.0,60.0
1667,1,121,64,3.0,1.0,71.0,49.0,69.01408450704226
4136,1,102,19,9.0,3.0,111.0,53.0,47.74774774774775
3759,2,128,23,12.0,1.0,132.0,76.0,57.57575757575758
3559,1,216,267,16.0,3.0,88.0,51.0,57.95454545454546
1858,2,90,23,3.0,3.0,87.0,67.0,77.01149425287356
3211,1,79,13,6.0,1.0,70.0,41.0,58.57142857142858
2840,2,176,76,3.0,5.0,81.0,52.0,64.19753086419753
1427,1,46,32,3.0,2.0,47.0,28.0,59.57446808510638
1657,1,39,18,9.0,7.0,76.0,49.0,64.47368421052632
2587,1,76,5,10.0,4.0,128.0,79.0,61.71875
5314,1,81,65,1.0,2.0,45.0,25.0,55.55555555555556
5911,2,59,92,1.0,5.0,99.0,62.0,62.62626262626263
3898,1,195,184,7.0,2.0,73.0,53.0,72.6027397260274
734,1,38,68,4.0,2.0,61.0,37.0,60.65573770491803
3202,1,145,159,6.0,3.0,55.0,30.0,54.54545454545454
3437,3,132,78,8.0,4.0,63.0,34.0,53.96825396825397
813,1,193,155,1.0,3.0,50.0,32.0,64.0
4695,1,109,30,5.0,3.0,54.0,31.0,57.407407407407405
1447,2,177,21,0.0,0.0,39.0,27.0,69.23076923076923
1588,1,56,86,8.0,2.0,84.0,60.0,71.42857142857143
618,2,179,23,3.0,7.0,152.0,79.0,51.973684210526315
5140,2,124,69,3.0,2.0,106.0,63.0,59.43396226415094
1689,1,109,30,1.0,6.0,104.0,60.0,57.692307692307686
1055,1,106,157,2.0,1.0,66.0,42.0,63.63636363636363
1174,1,171,65,4.0,1.0,73.0,44.0,60.273972602739725
4545,1,2,3,6.0,5.0,94.0,53.0,56.38297872340425
318,1,143,184,4.0,1.0,58.0,36.0,62.06896551724138
1984,2,4,6,3.0,7.0,69.0,39.0,56.52173913043478
1819,2,88,21,2.0,0.0,63.0,37.0,58.730158730158735
290,2,185,20,4.0,2.0,55.0,32.0,58.18181818181818
5460,2,175,69,0.0,2.0,90.0,65.0,72.22222222222221
3881,2,127,83,6.0,4.0,55.0,40.0,72.72727272727273
3373,2,49,23,2.0,3.0,105.0,60.0,57.14285714285714
3619,2,86,56,3.0,2.0,63.0,43.0,68.25396825396825
200,1,169,82,10.0,0.0,39.0,29.0,74.35897435897436
2027,1,167,146,8.0,0.0,79.0,56.0,70.88607594936708
33,1,39,18,5.0,2.0,72.0,47.0,65.27777777777779
2222,1,39,18,2.0,5.0,60.0,31.0,51.66666666666667
6394,2,175,56,0.0,1.0,69.0,45.0,65.21739130434783
4995,1,2,3,5.0,3.0,53.0,25.0,47.16981132075472
1965,1,43,2,2.0,0.0,54.0,42.0,77.77777777777779
398,1,9,19,4.0,4.0,66.0,43.0,65.15151515151516
467,1,56,86,15.0,3.0,77.0,47.0,61.038961038961034
525,1,147,31,7.0,1.0,106.0,71.0,66.98113207547169
969,1,163,178,11.0,1.0,91.0,67.0,73.62637362637363
5161,1,118,2,5.0,1.0,72.0,49.0,68.05555555555556
4146,1,30,30,1.0,1.0,61.0,33.0,54.09836065573771
2603,2,13,23,7.0,4.0,119.0,73.0,61.34453781512605
1182,2,179,23,0.0,2.0,65.0,38.0,58.46153846153847
3629,2,12,22,2.0,0.0,107.0,75.0,70.09345794392523
237,1,76,5,16.0,0.0,75.0,50.0,66.66666666666666
5244,1,3,5,2.0,2.0,124.0,74.0,59.67741935483871
5644,2,13,23,1.0,1.0,159.0,99.0,62.264150943396224
3040,1,32,64,6.0,0.0,42.0,27.0,64.28571428571429
1582,1,143,184,2.0,5.0,63.0,32.0,50.79365079365079
3321,1,2,4,6.0,4.0,85.0,40.0,47.05882352941176
2761,2,174,66,4.0,4.0,78.0,44.0,56.41025641025641
1815,3,130,73,5.0,3.0,70.0,44.0,62.857142857142854
3148,1,113,178,12.0,1.0,79.0,49.0,62.0253164556962
1471,1,75,144,6.0,3.0,50.0,30.0,60.0
981,2,24,60,2.0,1.0,67.0,44.0,65.67164179104478
3690,2,125,76,4.0,2.0,68.0,39.0,57.35294117647059
2566,1,144,155,6.0,2.0,41.0,22.0,53.65853658536586
1846,3,131,75,7.0,2.0,84.0,53.0,63.095238095238095
2164,1,171,65,2.0,1.0,63.0,34.0,53.96825396825397
4020,1,107,158,0.0,1.0,27.0,20.0,74.07407407407408
1928,2,123,66,1.0,3.0,80.0,49.0,61.25000000000001
3077,1,168,12,2.0,6.0,125.0,74.0,59.199999999999996
301,1,17,30,5.0,4.0,97.0,62.0,63.91752577319587
3846,2,133,58,4.0,5.0,90.0,46.0,51.11111111111111
542,1,107,70,11.0,5.0,86.0,55.0,63.95348837209303
276,1,120,65,9.0,1.0,59.0,43.0,72.88135593220339
3074,1,16,29,6.0,5.0,73.0,41.0,56.16438356164384
2957,2,179,23,2.0,6.0,217.0,137.0,63.133640552995395
325,1,52,5,7.0,3.0,100.0,56.0,56.00000000000001
364,1,115,5,15.0,3.0,149.0,88.0,59.06040268456376
1380,1,191,222,1.0,2.0,99.0,66.0,66.66666666666666
5874,1,77,7,8.0,3.0,48.0,29.0,60.416666666666664
1322,1,144,155,4.0,2.0,62.0,34.0,54.83870967741935
5688,1,76,5,12.0,0.0,155.0,108.0,69.6774193548387
2943,1,6,12,6.0,1.0,92.0,60.0,65.21739130434783
2801,3,92,73,10.0,2.0,67.0,41.0,61.19402985074627
3264,1,185,79,3.0,4.0,50.0,32.0,64.0
2303,3,129,61,19.0,4.0,112.0,70.0,62.5
3618,1,80,16,6.0,2.0,116.0,69.0,59.48275862068966
3329,1,201,225,6.0,2.0,55.0,33.0,60.0
5678,1,165,5,13.0,9.0,109.0,58.0,53.21100917431193
4089,3,183,78,2.0,2.0,136.0,82.0,60.29411764705882
1982,2,122,81,2.0,4.0,63.0,37.0,58.730158730158735
2230,2,13,23,0.0,8.0,95.0,59.0,62.10526315789474
4040,1,195,184,2.0,1.0,51.0,34.0,66.66666666666666
1974,1,163,219,3.0,3.0,71.0,42.0,59.154929577464785
6311,1,2,3,3.0,2.0,55.0,31.0,56.36363636363636
271,1,112,168,10.0,1.0,51.0,31.0,60.78431372549019
4126,1,104,31,5.0,10.0,97.0,46.0,47.42268041237113
3909,2,124,56,5.0,3.0,118.0,76.0,64.40677966101694
2735,1,143,184,4.0,3.0,61.0,38.0,62.295081967213115
6165,1,39,18,8.0,3.0,82.0,42.0,51.21951219512195
2925,3,182,85,2.0,2.0,52.0,28.0,53.84615384615385
987,2,90,23,15.0,2.0,159.0,108.0,67.9245283018868
2289,1,51,19,7.0,4.0,142.0,93.0,65.49295774647888
5270,3,50,78,5.0,3.0,143.0,95.0,66.43356643356644
5589,1,164,4,5.0,1.0,60.0,35.0,58.333333333333336
4827,1,6,12,5.0,2.0,58.0,33.0,56.896551724137936
2501,1,136,68,8.0,7.0,87.0,46.0,52.87356321839081
868,3,50,78,1.0,3.0,125.0,78.0,62.4
1683,2,177,21,0.0,4.0,79.0,44.0,55.69620253164557
3610,1,172,64,5.0,3.0,75.0,39.0,52.0
579,2,58,91,0.0,8.0,96.0,59.0,61.458333333333336
504,2,12,22,10.0,1.0,127.0,78.0,61.417322834645674
4169,1,108,29,7.0,5.0,62.0,39.0,62.903225806451616
2290,1,77,7,3.0,1.0,106.0,76.0,71.69811320754717
4062,1,104,152,4.0,2.0,56.0,28.0,50.0
258,2,27,62,4.0,1.0,44.0,24.0,54.54545454545454
33,1,142,183,0.0,1.0,86.0,61.0,70.93023255813954
1808,2,48,76,13.0,1.0,110.0,82.0,74.54545454545455
6276,2,86,81,5.0,5.0,91.0,44.0,48.35164835164835
4201,2,49,23,6.0,3.0,112.0,83.0,74.10714285714286
1439,1,140,181,6.0,5.0,50.0,28.0,56.00000000000001
2564,2,175,69,3.0,2.0,88.0,59.0,67.04545454545455
6006,1,103,94,2.0,2.0,68.0,39.0,57.35294117647059
893,1,39,18,2.0,3.0,90.0,60.0,66.66666666666666
1010,1,41,70,3.0,3.0,72.0,43.0,59.72222222222222
6185,1,139,19,2.0,15.0,106.0,55.0,51.886792452830186
1339,1,6,13,4.0,1.0,37.0,23.0,62.16216216216216
2020,1,119,15,5.0,3.0,62.0,35.0,56.451612903225815
1246,1,190,19,15.0,2.0,86.0,55.0,63.95348837209303
3243,2,178,62,5.0,0.0,78.0,34.0,43.58974358974359
4176,2,134,22,4.0,1.0,47.0,34.0,72.3404255319149
1453,1,2,3,6.0,1.0,49.0,27.0,55.10204081632652
3943,1,79,2,1.0,1.0,54.0,34.0,62.96296296296296
4231,1,6,12,6.0,5.0,68.0,43.0,63.23529411764706
3269,1,32,64,8.0,3.0,66.0,45.0,68.18181818181817
5218,2,35,66,8.0,1.0,96.0,54.0,56.25
3084,2,184,22,3.0,1.0,48.0,27.0,56.25
5288,1,164,3,7.0,1.0,58.0,39.0,67.24137931034483
2968,2,85,69,3.0,0.0,102.0,69.0,67.64705882352942
3557,3,92,73,11.0,3.0,86.0,57.0,66.27906976744185
849,2,49,23,9.0,6.0,101.0,59.0,58.415841584158414
4090,2,49,23,23.0,2.0,89.0,62.0,69.66292134831461
6103,2,173,148,6.0,0.0,97.0,65.0,67.0103092783505
2984,2,27,83,10.0,2.0,102.0,75.0,73.52941176470588
788,2,35,66,1.0,1.0,59.0,46.0,77.96610169491525
3378,1,162,172,3.0,1.0,37.0,18.0,48.64864864864865
5307,1,143,184,6.0,0.0,51.0,34.0,66.66666666666666
534,1,4,8,6.0,1.0,52.0,24.0,46.15384615384615
3323,1,3,5,16.0,5.0,64.0,46.0,71.875
3987,2,125,76,6.0,0.0,50.0,37.0,74.0
321,3,93,75,2.0,3.0,57.0,34.0,59.64912280701754
1324,1,118,2,8.0,1.0,65.0,43.0,66.15384615384615
3159,1,76,5,19.0,6.0,122.0,66.0,54.09836065573771
875,1,145,29,8.0,0.0,83.0,58.0,69.87951807228916
2511,1,109,30,10.0,4.0,60.0,31.0,51.66666666666667
2881,2,58,90,6.0,1.0,59.0,33.0,55.932203389830505
941,2,84,66,5.0,2.0,96.0,56.0,58.333333333333336
4417,2,175,220,7.0,3.0,98.0,63.0,64.28571428571429
652,1,46,32,3.0,2.0,47.0,28.0,59.57446808510638
513,3,94,78,6.0,5.0,74.0,37.0,50.0
3837,1,8,18,5.0,7.0,126.0,77.0,61.111111111111114
6081,2,97,72,0.0,2.0,47.0,34.0,72.3404255319149
5388,1,3,5,3.0,12.0,132.0,82.0,62.121212121212125
218,1,31,7,3.0,1.0,43.0,22.0,51.162790697674424
3470,1,118,2,5.0,5.0,73.0,41.0,56.16438356164384
574,1,44,16,3.0,1.0,73.0,40.0,54.794520547945204
305,1,109,30,5.0,0.0,47.0,29.0,61.702127659574465
4743,2,186,221,5.0,4.0,52.0,37.0,71.15384615384616
1084,3,182,75,15.0,1.0,54.0,44.0,81.48148148148148
804,1,198,30,1.0,1.0,95.0,60.0,63.1578947368421
2303,3,130,73,16.0,3.0,98.0,63.0,64.28571428571429
1630,1,190,19,5.0,6.0,109.0,61.0,55.96330275229357
4070,2,24,22,6.0,1.0,88.0,48.0,54.54545454545454
4050,2,97,20,1.0,1.0,57.0,39.0,68.42105263157895
2220,1,146,30,4.0,1.0,60.0,39.0,65.0
1871,2,35,66,1.0,0.0,58.0,35.0,60.3448275862069
4034,1,167,13,10.0,2.0,84.0,53.0,63.095238095238095
2182,1,41,70,6.0,9.0,97.0,65.0,67.0103092783505
2552,1,76,5,16.0,1.0,57.0,40.0,70.17543859649122
850,3,22,57,8.0,4.0,94.0,60.0,63.829787234042556
5652,2,185,72,3.0,1.0,51.0,36.0,70.58823529411765
102,1,1,1,4.0,2.0,53.0,29.0,54.71698113207547
4196,2,78,9,4.0,2.0,68.0,41.0,60.29411764705882
274,1,165,5,6.0,2.0,73.0,47.0,64.38356164383562
5600,1,146,30,8.0,2.0,100.0,58.0,57.99999999999999
1003,1,9,19,24.0,2.0,70.0,46.0,65.71428571428571
758,1,121,64,4.0,1.0,49.0,32.0,65.3061224489796
3240,1,108,159,11.0,3.0,90.0,57.0,63.33333333333333
3116,1,186,67,12.0,0.0,54.0,34.0,62.96296296296296
6230,2,126,21,2.0,6.0,95.0,61.0,64.21052631578948
6093,2,34,9,3.0,0.0,91.0,59.0,64.83516483516483
5737,3,131,75,18.0,3.0,106.0,66.0,62.264150943396224
506,1,79,2,1.0,0.0,62.0,42.0,67.74193548387096
3271,1,138,80,10.0,7.0,120.0,74.0,61.66666666666667
3814,1,120,65,6.0,0.0,47.0,30.0,63.829787234042556
981,2,13,23,6.0,0.0,88.0,60.0,68.18181818181817
563,2,49,23,10.0,3.0,94.0,56.0,59.57446808510638
281,1,196,70,1.0,0.0,74.0,49.0,66.21621621621621
3720,2,122,149,1.0,2.0,78.0,56.0,71.7948717948718
3044,3,182,75,2.0,2.0,48.0,34.0,70.83333333333334
2440,1,102,19,1.0,9.0,157.0,102.0,64.96815286624204
3603,2,122,148,6.0,1.0,48.0,26.0,54.166666666666664
562,1,9,19,3.0,5.0,110.0,71.0,64.54545454545455
2979,2,122,81,4.0,6.0,83.0,46.0,55.42168674698795
2554,2,173,148,10.0,3.0,121.0,74.0,61.15702479338842
2664,3,50,78,14.0,5.0,85.0,58.0,68.23529411764706
883,1,29,63,8.0,0.0,49.0,31.0,63.26530612244898
1100,1,28,74,5.0,2.0,48.0,26.0,54.166666666666664
1342,1,187,68,7.0,4.0,81.0,42.0,51.85185185185185
83,2,124,69,0.0,7.0,91.0,59.0,64.83516483516483
971,1,99,68,5.0,2.0,84.0,53.0,63.095238095238095
3611,3,129,151,1.0,3.0,69.0,39.0,56.52173913043478
893,2,35,66,0.0,1.0,57.0,35.0,61.40350877192983
5301,1,3,5,14.0,4.0,173.0,116.0,67.05202312138728
3242,1,28,74,6.0,1.0,72.0,48.0,66.66666666666666
3532,2,13,23,2.0,2.0,74.0,51.0,68.91891891891892
1051,1,37,67,6.0,2.0,51.0,31.0,60.78431372549019
3166,2,175,69,0.0,5.0,125.0,83.0,66.4
1037,1,5,10,3.0,1.0,55.0,26.0,47.27272727272727
4672,1,1,1,4.0,2.0,118.0,76.0,64.40677966101694
157,1,78,11,4.0,5.0,74.0,47.0,63.51351351351351
1796,1,43,2,12.0,5.0,92.0,56.0,60.86956521739131
4492,1,1,1,4.0,2.0,94.0,57.0,60.63829787234043
781,2,96,22,1.0,1.0,62.0,43.0,69.35483870967742
6033,1,103,94,4.0,1.0,62.0,36.0,58.06451612903226
860,1,143,184,1.0,3.0,77.0,52.0,67.53246753246754
1344,1,205,229,6.0,2.0,101.0,69.0,68.31683168316832
3023,1,72,132,5.0,1.0,47.0,37.0,78.72340425531915
3494,2,119,17,8.0,4.0,76.0,48.0,63.1578947368421
3784,3,92,73,9.0,3.0,113.0,79.0,69.91150442477876
2706,1,137,18,4.0,5.0,68.0,31.0,45.588235294117645
5156,2,23,72,0.0,1.0,65.0,38.0,58.46153846153847
2593,1,115,5,7.0,3.0,88.0,59.0,67.04545454545455
2582,1,100,18,7.0,2.0,44.0,26.0,59.09090909090909
5209,2,80,17,4.0,1.0,63.0,31.0,49.2063492063492
1523,1,99,68,2.0,2.0,59.0,42.0,71.1864406779661
2945,1,143,184,2.0,3.0,96.0,61.0,63.541666666666664
2755,1,163,218,9.0,3.0,80.0,44.0,55.00000000000001
2047,3,131,85,3.0,7.0,74.0,48.0,64.86486486486487
4680,1,143,184,10.0,3.0,86.0,61.0,70.93023255813954
5561,1,3,5,15.0,3.0,134.0,85.0,63.43283582089553
1369,2,21,56,3.0,0.0,66.0,39.0,59.09090909090909
3373,1,145,159,5.0,2.0,59.0,38.0,64.40677966101694
1761,2,126,21,1.0,1.0,79.0,44.0,55.69620253164557
2959,1,191,222,7.0,1.0,84.0,55.0,65.47619047619048
2428,2,13,23,2.0,9.0,116.0,82.0,70.6896551724138
5905,1,7,16,5.0,0.0,55.0,40.0,72.72727272727273
389,2,124,56,0.0,2.0,60.0,33.0,55.00000000000001
3186,2,86,56,1.0,0.0,58.0,46.0,79.3103448275862
3982,1,115,5,19.0,3.0,141.0,88.0,62.4113475177305
876,2,177,21,3.0,6.0,88.0,54.0,61.36363636363637
1840,2,48,76,2.0,2.0,87.0,53.0,60.91954022988506
2759,2,88,21,3.0,6.0,71.0,32.0,45.07042253521127
2148,1,43,13,5.0,1.0,51.0,27.0,52.94117647058824
1734,1,98,82,17.0,3.0,81.0,51.0,62.96296296296296
2564,1,30,30,6.0,0.0,62.0,42.0,67.74193548387096
2672,1,39,18,1.0,3.0,71.0,36.0,50.70422535211267
2805,3,182,85,3.0,2.0,65.0,50.0,76.92307692307693
1947,1,56,86,5.0,0.0,61.0,43.0,70.49180327868852
1896,3,93,85,24.0,3.0,114.0,79.0,69.2982456140351
2968,3,130,73,15.0,2.0,69.0,51.0,73.91304347826086
1438,2,13,23,10.0,2.0,80.0,58.0,72.5
1143,1,1,2,2.0,3.0,91.0,67.0,73.62637362637363
3651,1,139,19,3.0,1.0,35.0,18.0,51.42857142857142
428,1,200,32,9.0,1.0,70.0,55.0,78.57142857142857
3895,1,195,184,0.0,4.0,60.0,34.0,56.666666666666664
945,1,16,29,10.0,4.0,72.0,39.0,54.166666666666664
3349,2,116,6,4.0,3.0,73.0,45.0,61.64383561643836
3434,3,183,78,12.0,6.0,148.0,85.0,57.432432432432435
96,2,175,220,1.0,1.0,75.0,47.0,62.66666666666667
261,1,33,65,1.0,2.0,72.0,43.0,59.72222222222222
3484,1,15,55,4.0,2.0,109.0,64.0,58.71559633027523
1620,1,32,64,7.0,3.0,96.0,61.0,63.541666666666664
5109,1,29,63,4.0,3.0,58.0,29.0,50.0
1215,1,6,12,12.0,2.0,82.0,50.0,60.97560975609756
6146,2,78,9,2.0,1.0,76.0,59.0,77.63157894736842
5327,1,100,18,2.0,2.0,61.0,35.0,57.377049180327866
4558,3,92,57,14.0,3.0,59.0,34.0,57.6271186440678
985,2,179,23,8.0,3.0,69.0,43.0,62.31884057971014
5257,1,38,68,1.0,1.0,100.0,65.0,65.0
2653,1,119,15,4.0,2.0,83.0,55.0,66.26506024096386
4250,1,75,144,10.0,1.0,71.0,47.0,66.19718309859155
4469,1,25,79,12.0,5.0,112.0,67.0,59.82142857142857
5954,1,115,5,10.0,4.0,72.0,47.0,65.27777777777779
488,1,20,53,9.0,4.0,89.0,52.0,58.42696629213483
1530,1,30,30,3.0,5.0,62.0,39.0,62.903225806451616
2674,1,203,236,4.0,1.0,125.0,87.0,69.6
1137,3,180,61,3.0,5.0,116.0,71.0,61.206896551724135
1789,1,18,31,11.0,3.0,70.0,48.0,68.57142857142857
3555,1,188,18,13.0,5.0,103.0,57.0,55.33980582524271
3993,2,184,22,10.0,2.0,45.0,33.0,73.33333333333333
735,2,127,83,6.0,3.0,100.0,62.0,62.0
73,2,49,23,1.0,4.0,133.0,105.0,78.94736842105263
2066,2,35,66,3.0,3.0,126.0,72.0,57.14285714285714
5328,1,118,2,1.0,3.0,74.0,45.0,60.810810810810814
3853,1,109,30,4.0,0.0,57.0,38.0,66.66666666666666
1535,3,129,61,3.0,1.0,52.0,41.0,78.84615384615384
244,1,99,68,6.0,7.0,115.0,75.0,65.21739130434783
5828,3,182,75,4.0,3.0,95.0,64.0,67.36842105263158
3629,1,99,68,10.0,2.0,118.0,72.0,61.016949152542374
4170,1,155,205,10.0,4.0,76.0,49.0,64.47368421052632
2434,1,102,19,8.0,1.0,106.0,71.0,66.98113207547169
1148,1,109,30,5.0,2.0,68.0,41.0,60.29411764705882
6127,1,82,64,10.0,1.0,56.0,36.0,64.28571428571429
2107,1,79,2,1.0,0.0,62.0,42.0,67.74193548387096
2743,3,94,78,9.0,4.0,100.0,59.0,59.0
7,2,49,23,6.0,3.0,149.0,96.0,64.42953020134227
967,1,186,67,12.0,0.0,54.0,34.0,62.96296296296296
2163,1,41,84,5.0,0.0,77.0,51.0,66.23376623376623
310,1,164,3,2.0,1.0,87.0,64.0,73.5632183908046
1871,1,143,184,13.0,0.0,59.0,38.0,64.40677966101694
6077,2,125,76,0.0,2.0,68.0,54.0,79.41176470588235
6110,1,195,184,5.0,0.0,64.0,44.0,68.75
770,1,80,16,10.0,5.0,121.0,81.0,66.94214876033058
1756,1,172,64,7.0,1.0,47.0,25.0,53.191489361702125
790,1,120,65,5.0,3.0,78.0,45.0,57.692307692307686
4866,1,196,55,7.0,2.0,80.0,38.0,47.5
2339,1,170,16,1.0,2.0,73.0,49.0,67.12328767123287
420,1,168,11,6.0,3.0,62.0,39.0,62.903225806451616
3741,2,186,221,1.0,1.0,98.0,65.0,66.3265306122449
4614,3,50,78,3.0,1.0,97.0,59.0,60.824742268041234
3709,1,135,82,2.0,0.0,47.0,34.0,72.3404255319149
1616,1,33,65,11.0,0.0,62.0,35.0,56.451612903225815
3500,1,105,155,1.0,2.0,50.0,25.0,50.0
2313,1,33,65,2.0,0.0,74.0,45.0,60.810810810810814
1001,2,133,60,2.0,4.0,58.0,31.0,53.44827586206896
803,2,177,21,8.0,2.0,57.0,36.0,63.1578947368421
2785,2,124,69,2.0,2.0,51.0,38.0,74.50980392156863
2355,2,122,81,2.0,3.0,59.0,40.0,67.79661016949152
5495,2,13,23,0.0,2.0,85.0,48.0,56.470588235294116
2148,3,183,78,17.0,4.0,150.0,97.0,64.66666666666666
4154,1,54,94,4.0,4.0,95.0,59.0,62.10526315789474
1947,3,130,57,2.0,3.0,57.0,37.0,64.91228070175438
943,1,144,155,4.0,1.0,60.0,44.0,73.33333333333333
3047,1,2,3,4.0,2.0,64.0,35.0,54.6875
6421,1,147,31,5.0,2.0,81.0,50.0,61.72839506172839
2261,1,165,5,10.0,0.0,142.0,87.0,61.267605633802816
3502,1,145,29,4.0,0.0,55.0,38.0,69.0909090909091
1095,1,105,154,1.0,0.0,48.0,38.0,79.16666666666666
2288,1,102,19,13.0,5.0,92.0,59.0,64.13043478260869
5970,1,167,13,7.0,0.0,58.0,31.0,53.44827586206896
3395,2,117,9,3.0,2.0,59.0,38.0,64.40677966101694
2949,3,132,78,23.0,4.0,111.0,76.0,68.46846846846847
4961,2,90,23,0.0,5.0,132.0,94.0,71.21212121212122
3993,1,3,5,11.0,3.0,72.0,54.0,75.0
3659,2,128,23,2.0,7.0,100.0,69.0,69.0
4719,1,116,146,2.0,1.0,60.0,38.0,63.33333333333333
2252,3,130,57,2.0,1.0,52.0,28.0,53.84615384615385
1428,2,96,58,4.0,1.0,57.0,28.0,49.122807017543856
1888,1,8,18,8.0,2.0,78.0,44.0,56.41025641025641
3733,3,181,73,21.0,3.0,121.0,72.0,59.50413223140496
38,1,102,19,9.0,10.0,134.0,78.0,58.2089552238806
2117,2,90,23,4.0,8.0,128.0,80.0,62.5
6361,3,132,78,4.0,2.0,80.0,54.0,67.5
4544,1,207,244,5.0,1.0,51.0,33.0,64.70588235294117
2057,1,136,68,8.0,1.0,50.0,31.0,62.0
1356,3,94,78,2.0,2.0,74.0,48.0,64.86486486486487
3326,1,29,28,3.0,9.0,100.0,64.0,64.0
1637,1,190,19,14.0,3.0,79.0,56.0,70.88607594936708
4959,1,121,64,3.0,1.0,61.0,45.0,73.77049180327869
3891,1,197,159,2.0,0.0,55.0,43.0,78.18181818181819
169,1,98,67,3.0,3.0,59.0,37.0,62.71186440677966
3995,1,115,5,19.0,3.0,137.0,84.0,61.31386861313869
4877,1,76,5,11.0,1.0,79.0,50.0,63.29113924050633
1037,1,9,19,26.0,10.0,163.0,91.0,55.828220858895705
3234,1,80,16,9.0,4.0,71.0,47.0,66.19718309859155
881,1,117,11,3.0,4.0,54.0,32.0,59.25925925925925
1895,1,41,70,4.0,3.0,91.0,51.0,56.043956043956044
4845,2,40,69,4.0,3.0,131.0,79.0,60.30534351145038
1088,3,95,59,11.0,2.0,80.0,58.0,72.5
4071,2,175,69,3.0,2.0,68.0,33.0,48.529411764705884
1783,1,54,31,3.0,0.0,52.0,35.0,67.3076923076923
5702,1,1,2,17.0,3.0,89.0,60.0,67.41573033707866
1425,1,102,19,6.0,6.0,91.0,58.0,63.73626373626373
1362,2,126,21,1.0,1.0,79.0,44.0,55.69620253164557
759,1,3,5,8.0,2.0,79.0,49.0,62.0253164556962
4188,1,102,19,13.0,9.0,88.0,52.0,59.09090909090909
1092,1,28,29,10.0,2.0,64.0,44.0,68.75
3125,1,102,19,8.0,2.0,100.0,58.0,57.99999999999999
3692,1,52,5,17.0,10.0,147.0,93.0,63.26530612244898
3914,3,184,59,16.0,6.0,81.0,47.0,58.0246913580247
5566,1,102,19,6.0,1.0,109.0,69.0,63.30275229357798
4164,3,47,75,5.0,2.0,110.0,79.0,71.81818181818181
1029,1,79,13,6.0,4.0,66.0,30.0,45.45454545454545
3283,1,104,153,8.0,0.0,41.0,27.0,65.85365853658537
4245,1,196,55,9.0,4.0,111.0,72.0,64.86486486486487
2781,1,32,64,8.0,11.0,102.0,58.0,56.86274509803921
5987,1,101,80,10.0,5.0,86.0,48.0,55.81395348837209
4672,1,168,11,10.0,4.0,111.0,57.0,51.35135135135135
5960,1,97,79,4.0,3.0,77.0,52.0,67.53246753246754
5882,2,174,66,3.0,3.0,70.0,38.0,54.285714285714285
609,2,40,69,5.0,0.0,49.0,32.0,65.3061224489796
1113,1,44,16,12.0,2.0,105.0,71.0,67.61904761904762
2362,1,108,29,6.0,4.0,56.0,40.0,71.42857142857143
4359,1,165,5,8.0,3.0,108.0,68.0,62.96296296296296
3671,2,173,148,7.0,2.0,83.0,57.0,68.67469879518072
4412,1,6,12,1.0,6.0,97.0,63.0,64.94845360824742
2598,1,100,18,10.0,4.0,70.0,47.0,67.14285714285714
4996,1,31,7,6.0,4.0,92.0,64.0,69.56521739130434
2589,2,124,56,5.0,0.0,80.0,48.0,60.0
4669,3,180,151,4.0,2.0,95.0,61.0,64.21052631578948
3894,2,179,23,3.0,7.0,152.0,79.0,51.973684210526315
2844,1,82,64,5.0,3.0,106.0,79.0,74.52830188679245
2235,2,170,17,2.0,4.0,53.0,31.0,58.490566037735846
161,1,117,11,1.0,3.0,54.0,27.0,50.0
4250,2,97,20,4.0,2.0,70.0,35.0,50.0
4505,2,185,72,6.0,2.0,55.0,39.0,70.9090909090909
1047,1,74,142,9.0,1.0,80.0,53.0,66.25
899,2,175,69,4.0,3.0,46.0,26.0,56.52173913043478
3364,1,30,30,6.0,3.0,103.0,61.0,59.22330097087378
1629,2,184,60,5.0,0.0,60.0,43.0,71.66666666666667
634,2,13,23,0.0,2.0,68.0,46.0,67.64705882352942
4029,1,192,223,4.0,3.0,68.0,45.0,66.17647058823529
2519,3,132,78,5.0,5.0,127.0,69.0,54.330708661417326
2180,1,44,15,1.0,2.0,62.0,38.0,61.29032258064516
94,1,119,15,3.0,1.0,51.0,32.0,62.745098039215684
142,2,89,62,5.0,0.0,48.0,29.0,60.416666666666664
4095,1,119,16,12.0,2.0,101.0,63.0,62.37623762376238
1062,1,142,183,0.0,1.0,86.0,61.0,70.93023255813954
4680,2,78,9,2.0,2.0,77.0,48.0,62.33766233766234
1583,1,117,11,9.0,2.0,74.0,53.0,71.62162162162163
6100,2,127,62,4.0,1.0,114.0,62.0,54.385964912280706
4421,2,117,9,4.0,2.0,95.0,56.0,58.94736842105262
6093,3,47,85,8.0,3.0,112.0,78.0,69.64285714285714
1599,1,196,70,2.0,0.0,60.0,40.0,66.66666666666666
159,1,52,5,6.0,8.0,138.0,81.0,58.69565217391305
5602,1,51,19,8.0,4.0,117.0,69.0,58.97435897435898
4215,1,139,19,10.0,0.0,50.0,23.0,46.0
6171,3,183,78,14.0,0.0,80.0,56.0,70.0
1801,1,148,32,1.0,0.0,8.0,6.0,75.0
6151,1,55,1,5.0,0.0,17.0,10.0,58.82352941176471
6117,1,7,16,14.0,4.0,91.0,47.0,51.64835164835166
2837,2,89,83,8.0,10.0,110.0,57.0,51.81818181818182
4087,3,92,73,27.0,1.0,98.0,65.0,66.3265306122449
3203,3,50,78,13.0,6.0,130.0,79.0,60.76923076923077
5556,2,23,72,1.0,5.0,52.0,36.0,69.23076923076923
1924,1,169,82,0.0,1.0,47.0,26.0,55.319148936170215
2240,2,90,23,4.0,3.0,159.0,108.0,67.9245283018868
4185,1,82,64,7.0,7.0,100.0,62.0,62.0
3564,2,88,21,7.0,4.0,67.0,47.0,70.1492537313433
1761,1,56,88,4.0,3.0,111.0,69.0,62.16216216216216
723,3,183,78,10.0,9.0,126.0,76.0,60.317460317460316
2834,1,138,80,7.0,7.0,97.0,52.0,53.608247422680414
1207,2,27,83,6.0,2.0,97.0,62.0,63.91752577319587
2899,2,127,62,6.0,2.0,63.0,39.0,61.904761904761905
5514,1,143,184,5.0,4.0,106.0,67.0,63.20754716981132
1727,1,120,65,10.0,1.0,86.0,60.0,69.76744186046511
2473,3,130,57,11.0,13.0,86.0,45.0,52.32558139534884
811,1,57,87,3.0,3.0,52.0,27.0,51.92307692307693
3795,2,48,76,7.0,0.0,65.0,42.0,64.61538461538461
2002,2,49,23,2.0,4.0,196.0,133.0,67.85714285714286
297,2,117,9,1.0,4.0,71.0,47.0,66.19718309859155
2781,1,1,1,12.0,4.0,92.0,61.0,66.30434782608695
3934,1,9,19,9.0,4.0,117.0,68.0,58.119658119658126
3225,1,196,70,14.0,2.0,98.0,67.0,68.36734693877551
1978,3,92,57,1.0,4.0,79.0,44.0,55.69620253164557
1509,3,130,73,8.0,1.0,78.0,53.0,67.94871794871796
2789,1,64,113,4.0,1.0,60.0,40.0,66.66666666666666
4496,1,120,65,10.0,2.0,63.0,34.0,53.96825396825397
5103,2,49,23,3.0,4.0,100.0,60.0,60.0
5737,3,131,75,5.0,4.0,76.0,48.0,63.1578947368421
2918,1,139,19,17.0,2.0,137.0,67.0,48.9051094890511
96,2,175,220,7.0,3.0,98.0,63.0,64.28571428571429
2160,1,187,68,9.0,6.0,121.0,65.0,53.71900826446281
6023,2,135,20,9.0,2.0,122.0,82.0,67.21311475409836
4171,1,113,8,2.0,5.0,103.0,70.0,67.96116504854369
1288,1,187,68,4.0,3.0,95.0,64.0,67.36842105263158
1615,2,185,72,4.0,6.0,79.0,43.0,54.43037974683544
3192,1,80,15,14.0,3.0,120.0,78.0,65.0
1163,1,39,18,0.0,1.0,53.0,32.0,60.37735849056604
3815,1,193,155,0.0,2.0,54.0,33.0,61.111111111111114
3723,1,213,254,2.0,3.0,72.0,42.0,58.333333333333336
3926,1,195,184,5.0,1.0,48.0,36.0,75.0
6174,2,11,21,0.0,2.0,113.0,78.0,69.02654867256636
3582,1,56,86,2.0,5.0,56.0,36.0,64.28571428571429
583,3,183,78,13.0,3.0,143.0,92.0,64.33566433566433
267,2,127,83,6.0,3.0,100.0,62.0,62.0
1423,3,26,61,4.0,6.0,72.0,42.0,58.333333333333336
3241,1,120,65,3.0,5.0,83.0,43.0,51.80722891566265
1800,3,183,78,15.0,2.0,96.0,73.0,76.04166666666666
4545,3,183,78,17.0,8.0,152.0,108.0,71.05263157894737
1909,2,125,76,3.0,4.0,75.0,46.0,61.33333333333333
102,3,94,78,4.0,1.0,82.0,52.0,63.41463414634146
4148,1,144,155,9.0,6.0,111.0,64.0,57.65765765765766
4175,2,48,76,6.0,2.0,85.0,57.0,67.05882352941175
5751,2,169,179,2.0,1.0,47.0,36.0,76.59574468085107
2406,1,80,15,8.0,0.0,40.0,27.0,67.5
1948,1,99,68,10.0,2.0,118.0,72.0,61.016949152542374
1054,2,59,92,0.0,0.0,45.0,37.0,82.22222222222221
5002,1,6,13,6.0,3.0,104.0,73.0,70.1923076923077
191,1,75,144,10.0,1.0,71.0,47.0,66.19718309859155
1703,1,3,5,6.0,6.0,157.0,109.0,69.42675159235668
1520,1,146,30,1.0,1.0,77.0,46.0,59.74025974025974
2735,2,24,60,3.0,7.0,97.0,57.0,58.76288659793815
4000,2,123,66,1.0,1.0,59.0,40.0,67.79661016949152
789,2,23,72,3.0,4.0,86.0,45.0,52.32558139534884
1192,1,105,155,6.0,5.0,106.0,57.0,53.77358490566038
3145,1,15,27,1.0,3.0,94.0,59.0,62.76595744680851
3023,2,85,69,2.0,1.0,54.0,33.0,61.111111111111114
1980,1,52,5,12.0,3.0,81.0,42.0,51.85185185185185
1267,1,56,86,8.0,1.0,69.0,40.0,57.971014492753625
3395,2,125,76,10.0,1.0,100.0,69.0,69.0
223,1,80,16,12.0,0.0,83.0,56.0,67.46987951807229
2972,1,74,143,11.0,3.0,54.0,39.0,72.22222222222221
349,1,32,64,6.0,3.0,44.0,29.0,65.9090909090909
776,2,49,23,0.0,3.0,156.0,102.0,65.38461538461539
360,2,49,23,11.0,7.0,142.0,99.0,69.71830985915493
4173,2,175,56,11.0,5.0,120.0,72.0,60.0
4884,1,3,5,11.0,1.0,134.0,80.0,59.70149253731343
2654,1,110,84,9.0,1.0,112.0,77.0,68.75
1208,3,91,61,5.0,5.0,73.0,36.0,49.31506849315068
6087,2,134,22,1.0,1.0,55.0,40.0,72.72727272727273
4204,1,99,68,2.0,2.0,59.0,42.0,71.1864406779661
1777,2,176,76,4.0,1.0,55.0,37.0,67.27272727272727
1008,1,15,55,12.0,0.0,75.0,56.0,74.66666666666667
4701,1,82,64,6.0,2.0,68.0,48.0,70.58823529411765
3319,1,108,29,21.0,1.0,113.0,70.0,61.94690265486725
4784,2,135,20,2.0,4.0,74.0,46.0,62.16216216216216
1450,1,32,64,3.0,0.0,118.0,69.0,58.47457627118644
828,2,36,21,12.0,2.0,110.0,67.0,60.909090909090914
3743,1,139,19,12.0,7.0,160.0,86.0,53.75
388,2,83,149,0.0,0.0,69.0,47.0,68.11594202898551
1757,1,33,65,2.0,7.0,89.0,54.0,60.67415730337079
135,1,78,11,2.0,1.0,52.0,29.0,55.769230769230774
3984,2,175,69,3.0,2.0,68.0,33.0,48.529411764705884
21,2,84,66,4.0,2.0,48.0,29.0,60.416666666666664
5136,1,75,144,10.0,2.0,75.0,41.0,54.666666666666664
3894,2,126,21,1.0,1.0,104.0,66.0,63.46153846153846
4088,1,32,64,6.0,0.0,78.0,49.0,62.82051282051282
3044,2,78,9,1.0,1.0,71.0,52.0,73.23943661971832
979,2,40,77,2.0,2.0,62.0,39.0,62.903225806451616
4207,1,74,1,5.0,3.0,94.0,57.0,60.63829787234043
5407,2,23,72,9.0,2.0,70.0,44.0,62.857142857142854
3754,2,40,69,1.0,2.0,48.0,32.0,66.66666666666666
5677,1,42,55,13.0,0.0,79.0,55.0,69.62025316455697
523,1,81,65,1.0,2.0,82.0,51.0,62.19512195121951
1519,2,59,92,2.0,5.0,85.0,50.0,58.82352941176471
5588,1,103,94,14.0,1.0,92.0,64.0,69.56521739130434
5406,1,43,2,1.0,1.0,73.0,51.0,69.86301369863014
3220,1,215,263,12.0,2.0,76.0,52.0,68.42105263157895
2673,1,74,1,4.0,0.0,48.0,35.0,72.91666666666666
2216,1,34,11,6.0,2.0,83.0,62.0,74.69879518072288
2202,3,22,57,7.0,2.0,84.0,52.0,61.904761904761905
3386,2,40,69,1.0,3.0,46.0,26.0,56.52173913043478
6421,1,82,64,0.0,2.0,55.0,31.0,56.36363636363636
4788,2,10,20,6.0,0.0,76.0,53.0,69.73684210526315
6017,2,176,76,11.0,0.0,83.0,54.0,65.06024096385542
3110,1,31,89,3.0,1.0,68.0,43.0,63.23529411764706
5669,1,52,5,11.0,4.0,129.0,78.0,60.46511627906976
2978,2,119,17,2.0,0.0,64.0,47.0,73.4375
2612,1,31,7,18.0,2.0,61.0,48.0,78.68852459016394
2074,3,130,57,0.0,5.0,57.0,27.0,47.368421052631575
4959,3,93,85,4.0,2.0,70.0,50.0,71.42857142857143
3211,2,178,83,2.0,1.0,75.0,48.0,64.0
3966,1,3,5,20.0,4.0,122.0,85.0,69.67213114754098
2833,1,6,13,5.0,2.0,46.0,24.0,52.17391304347826
1804,1,69,118,8.0,1.0,97.0,61.0,62.88659793814433
2538,1,188,18,12.0,8.0,89.0,43.0,48.31460674157304
3909,1,120,65,14.0,3.0,98.0,59.0,60.204081632653065
1241,1,168,11,7.0,4.0,107.0,71.0,66.35514018691589
4965,3,91,61,12.0,1.0,69.0,46.0,66.66666666666666
3567,1,115,5,16.0,5.0,128.0,76.0,59.375
4175,1,32,64,3.0,0.0,118.0,69.0,58.47457627118644
94,1,8,18,7.0,3.0,53.0,34.0,64.15094339622641
1317,3,184,59,6.0,1.0,81.0,44.0,54.32098765432099
5044,2,122,81,2.0,4.0,54.0,34.0,62.96296296296296
6396,2,97,20,4.0,2.0,70.0,35.0,50.0
2770,2,90,23,8.0,5.0,128.0,110.0,85.9375
237,1,7,15,11.0,2.0,70.0,39.0,55.714285714285715
1001,2,126,21,6.0,3.0,85.0,57.0,67.05882352941175
4266,2,13,23,3.0,1.0,102.0,56.0,54.90196078431373
680,1,172,64,11.0,0.0,102.0,70.0,68.62745098039215
1797,3,184,59,14.0,23.0,108.0,53.0,49.074074074074076
3934,2,11,21,12.0,1.0,82.0,49.0,59.756097560975604
2688,1,169,2,4.0,3.0,69.0,43.0,62.31884057971014
3700,2,31,6,3.0,6.0,97.0,72.0,74.22680412371135
1151,1,197,29,10.0,5.0,99.0,69.0,69.6969696969697
888,2,48,76,4.0,5.0,55.0,34.0,61.81818181818181
404,2,124,69,4.0,4.0,87.0,48.0,55.172413793103445
1435,2,184,58,7.0,0.0,63.0,50.0,79.36507936507937
238,2,58,90,1.0,0.0,82.0,64.0,78.04878048780488
1005,1,8,18,0.0,5.0,27.0,9.0,33.33333333333333
2304,1,33,65,1.0,3.0,108.0,62.0,57.407407407407405
3159,1,30,30,12.0,1.0,75.0,49.0,65.33333333333333
4680,1,82,64,6.0,2.0,97.0,70.0,72.16494845360825
6131,1,102,19,16.0,13.0,180.0,106.0,58.88888888888889
1724,1,82,64,1.0,1.0,61.0,41.0,67.21311475409836
3100,1,9,19,18.0,2.0,77.0,51.0,66.23376623376623
2810,1,139,19,5.0,7.0,153.0,99.0,64.70588235294117
6174,2,123,66,3.0,0.0,65.0,43.0,66.15384615384615
3023,1,187,68,9.0,1.0,80.0,60.0,75.0
3689,1,135,82,6.0,4.0,59.0,34.0,57.6271186440678
213,1,139,19,7.0,5.0,101.0,54.0,53.46534653465347
527,1,74,1,6.0,1.0,63.0,43.0,68.25396825396825
2842,2,5,9,3.0,1.0,64.0,38.0,59.375
6354,1,68,117,2.0,2.0,43.0,21.0,48.837209302325576
2882,1,190,19,8.0,11.0,130.0,71.0,54.61538461538461
3105,3,129,151,4.0,1.0,68.0,42.0,61.76470588235294
5002,1,6,13,2.0,3.0,54.0,38.0,70.37037037037037
3917,3,50,78,9.0,2.0,86.0,53.0,61.627906976744185
3780,3,181,73,6.0,4.0,78.0,58.0,74.35897435897436
5715,1,4,7,3.0,0.0,46.0,33.0,71.73913043478261
1633,1,117,11,10.0,5.0,100.0,62.0,62.0
1355,1,52,5,11.0,7.0,78.0,44.0,56.41025641025641
15,2,27,83,1.0,6.0,106.0,70.0,66.0377358490566
1430,2,12,22,3.0,5.0,88.0,55.0,62.5
4794,2,215,264,2.0,2.0,74.0,48.0,64.86486486486487
6398,2,184,60,1.0,5.0,61.0,44.0,72.1311475409836
1246,2,179,23,8.0,6.0,133.0,97.0,72.93233082706767
6451,3,183,78,7.0,4.0,137.0,90.0,65.69343065693431
2347,2,58,91,4.0,3.0,62.0,35.0,56.451612903225815
2703,2,58,91,2.0,1.0,45.0,27.0,60.0
2143,2,40,69,5.0,0.0,43.0,29.0,67.44186046511628
1525,1,81,65,0.0,7.0,101.0,59.0,58.415841584158414
2812,2,49,23,11.0,7.0,142.0,99.0,69.71830985915493
1905,3,92,73,9.0,3.0,63.0,36.0,57.14285714285714
869,3,47,85,4.0,2.0,66.0,50.0,75.75757575757575
4039,1,193,155,11.0,5.0,62.0,39.0,62.903225806451616
2687,1,118,13,3.0,2.0,58.0,31.0,53.44827586206896
2892,2,77,6,2.0,2.0,83.0,49.0,59.036144578313255
65,1,82,64,5.0,2.0,64.0,46.0,71.875
4655,1,143,184,18.0,1.0,74.0,50.0,67.56756756756756
2022,3,184,59,3.0,2.0,71.0,46.0,64.7887323943662
2491,2,179,23,4.0,2.0,76.0,41.0,53.94736842105263
994,2,122,149,4.0,2.0,44.0,26.0,59.09090909090909
421,3,183,78,13.0,5.0,104.0,75.0,72.11538461538461
2496,2,78,9,1.0,3.0,87.0,62.0,71.26436781609196
1712,1,138,80,18.0,2.0,98.0,58.0,59.183673469387756
4866,2,24,60,2.0,2.0,61.0,43.0,70.49180327868852
5467,1,198,30,19.0,6.0,49.0,36.0,73.46938775510205
2346,2,179,23,21.0,4.0,138.0,93.0,67.3913043478261
521,1,9,19,5.0,3.0,98.0,61.0,62.244897959183675
933,1,105,155,8.0,1.0,86.0,58.0,67.44186046511628
1797,1,186,67,6.0,10.0,58.0,34.0,58.620689655172406
4709,1,188,18,19.0,3.0,73.0,49.0,67.12328767123287
2550,1,9,19,9.0,0.0,28.0,20.0,71.42857142857143
5323,2,168,9,5.0,4.0,49.0,27.0,55.10204081632652
2316,2,176,76,0.0,2.0,62.0,45.0,72.58064516129032
4721,1,102,19,5.0,4.0,86.0,51.0,59.30232558139535
2593,1,9,19,9.0,4.0,117.0,68.0,58.119658119658126
994,1,137,18,3.0,6.0,74.0,40.0,54.054054054054056
879,1,7,15,28.0,7.0,81.0,62.0,76.5432098765432
3436,3,181,57,5.0,1.0,86.0,55.0,63.95348837209303
5774,3,133,59,20.0,1.0,75.0,50.0,66.66666666666666
4168,1,38,68,13.0,4.0,71.0,48.0,67.6056338028169
2826,3,94,78,9.0,3.0,116.0,74.0,63.793103448275865
2678,2,49,23,2.0,1.0,81.0,48.0,59.25925925925925
3440,1,138,80,3.0,2.0,85.0,49.0,57.647058823529406
1801,1,100,18,14.0,1.0,49.0,37.0,75.51020408163265
3749,3,94,78,0.0,2.0,79.0,48.0,60.75949367088608
1934,3,92,57,1.0,5.0,48.0,28.0,58.333333333333336
2261,1,76,5,4.0,2.0,72.0,46.0,63.888888888888886
2847,2,49,23,2.0,1.0,81.0,48.0,59.25925925925925
431,1,205,233,5.0,0.0,88.0,55.0,62.5
84,3,50,78,4.0,8.0,114.0,65.0,57.01754385964912
2150,2,184,58,2.0,1.0,79.0,50.0,63.29113924050633
1063,3,94,78,10.0,9.0,71.0,43.0,60.56338028169014
3038,3,94,78,21.0,7.0,158.0,93.0,58.86075949367089
1245,2,123,66,3.0,1.0,67.0,38.0,56.71641791044776
457,1,66,115,7.0,5.0,85.0,56.0,65.88235294117646
85,1,4,7,13.0,4.0,89.0,49.0,55.0561797752809
4448,1,144,155,4.0,4.0,60.0,30.0,50.0
2839,1,170,16,8.0,6.0,63.0,39.0,61.904761904761905
1091,1,167,146,2.0,0.0,41.0,28.0,68.29268292682927
4811,2,167,6,0.0,6.0,96.0,48.0,50.0
1863,2,127,62,13.0,0.0,103.0,63.0,61.165048543689316
810,3,181,73,14.0,3.0,97.0,64.0,65.97938144329896
3341,3,130,73,21.0,12.0,78.0,45.0,57.692307692307686
1354,1,113,178,7.0,0.0,91.0,69.0,75.82417582417582
1703,1,33,65,1.0,1.0,55.0,38.0,69.0909090909091
1168,2,128,23,4.0,4.0,103.0,64.0,62.13592233009708
1849,2,58,90,2.0,2.0,46.0,24.0,52.17391304347826
2166,1,199,77,8.0,2.0,47.0,30.0,63.829787234042556
1026,3,183,78,4.0,1.0,93.0,70.0,75.26881720430107
1175,3,183,78,20.0,6.0,135.0,91.0,67.4074074074074
5090,3,92,57,8.0,3.0,91.0,66.0,72.52747252747253
4874,1,78,11,4.0,6.0,99.0,64.0,64.64646464646465
804,2,88,21,2.0,5.0,96.0,70.0,72.91666666666666
5939,1,172,64,17.0,0.0,74.0,58.0,78.37837837837837
3653,2,77,6,2.0,2.0,83.0,49.0,59.036144578313255
2280,1,33,65,1.0,0.0,59.0,40.0,67.79661016949152
5969,1,25,79,18.0,1.0,62.0,42.0,67.74193548387096
1425,1,44,16,1.0,0.0,12.0,6.0,50.0
3733,2,128,23,7.0,7.0,103.0,53.0,51.45631067961165
652,3,92,73,8.0,4.0,66.0,45.0,68.18181818181817
3412,2,119,17,4.0,2.0,100.0,69.0,69.0
436,2,177,21,1.0,1.0,77.0,52.0,67.53246753246754
580,1,190,19,15.0,11.0,122.0,67.0,54.91803278688525
2988,1,38,68,10.0,7.0,103.0,61.0,59.22330097087378
3031,3,95,59,2.0,1.0,74.0,41.0,55.4054054054054
1282,1,39,18,15.0,3.0,96.0,55.0,57.291666666666664
3210,3,183,78,27.0,5.0,112.0,77.0,68.75
304,1,8,18,15.0,3.0,98.0,54.0,55.10204081632652
2802,3,182,85,13.0,4.0,62.0,39.0,62.903225806451616
1282,1,33,65,14.0,1.0,104.0,62.0,59.61538461538461
2297,1,172,64,9.0,2.0,104.0,72.0,69.23076923076923
6420,2,177,21,3.0,5.0,123.0,67.0,54.47154471544715
6253,2,11,21,1.0,1.0,70.0,52.0,74.28571428571429
893,2,31,6,1.0,3.0,83.0,53.0,63.85542168674698
3726,1,29,28,1.0,6.0,77.0,44.0,57.14285714285714
2275,1,74,143,9.0,2.0,45.0,33.0,73.33333333333333
761,1,32,64,5.0,2.0,77.0,56.0,72.72727272727273
4155,1,120,65,16.0,3.0,65.0,43.0,66.15384615384615
2664,2,128,23,8.0,5.0,121.0,74.0,61.15702479338842
2115,2,112,166,5.0,0.0,65.0,46.0,70.76923076923077
3651,1,193,155,5.0,4.0,65.0,41.0,63.07692307692307
1057,1,139,19,12.0,3.0,76.0,51.0,67.10526315789474
74,1,18,31,19.0,3.0,74.0,41.0,55.4054054054054
1100,1,119,15,4.0,2.0,83.0,55.0,66.26506024096386
599,2,87,76,4.0,0.0,54.0,27.0,50.0
1342,1,144,155,13.0,1.0,53.0,34.0,64.15094339622641
1578,3,91,151,8.0,0.0,58.0,37.0,63.793103448275865
4031,2,88,21,5.0,2.0,96.0,65.0,67.70833333333334
1577,1,54,94,5.0,4.0,62.0,45.0,72.58064516129032
4829,2,77,6,3.0,3.0,51.0,35.0,68.62745098039215
3587,2,97,20,5.0,3.0,91.0,56.0,61.53846153846154
4553,2,127,83,5.0,1.0,74.0,38.0,51.35135135135135
1530,1,108,29,6.0,4.0,56.0,40.0,71.42857142857143
3235,1,111,32,10.0,2.0,71.0,48.0,67.6056338028169
4860,1,29,28,2.0,0.0,18.0,15.0,83.33333333333334
3026,1,6,12,1.0,1.0,19.0,9.0,47.368421052631575
3515,1,81,65,3.0,4.0,61.0,38.0,62.295081967213115
4116,1,189,80,2.0,3.0,50.0,24.0,48.0
6177,1,172,64,13.0,1.0,91.0,59.0,64.83516483516483
2820,2,169,179,4.0,3.0,74.0,45.0,60.810810810810814
1031,1,76,5,11.0,1.0,73.0,47.0,64.38356164383562
5905,2,174,66,1.0,0.0,64.0,45.0,70.3125
1750,1,99,68,1.0,2.0,69.0,44.0,63.76811594202898
1837,2,119,17,8.0,5.0,80.0,53.0,66.25
276,1,115,5,15.0,5.0,138.0,77.0,55.79710144927537
231,1,139,19,2.0,5.0,72.0,40.0,55.55555555555556
3961,1,103,94,5.0,2.0,64.0,42.0,65.625
4032,1,18,31,7.0,1.0,71.0,46.0,64.7887323943662
1785,1,121,64,6.0,2.0,80.0,54.0,67.5
1966,1,99,68,7.0,3.0,74.0,42.0,56.75675675675676
3548,3,94,78,6.0,0.0,71.0,51.0,71.83098591549296
2049,1,114,4,5.0,4.0,88.0,64.0,72.72727272727273
4690,2,25,20,3.0,4.0,81.0,57.0,70.37037037037037
2735,1,82,64,0.0,1.0,67.0,40.0,59.70149253731343
3119,2,36,21,11.0,3.0,100.0,57.0,56.99999999999999
1097,2,128,23,7.0,4.0,113.0,70.0,61.94690265486725
3187,2,78,9,4.0,2.0,68.0,41.0,60.29411764705882
3494,2,85,150,5.0,3.0,148.0,99.0,66.8918918918919
4489,1,75,145,3.0,3.0,69.0,43.0,62.31884057971014
383,2,58,91,0.0,1.0,51.0,25.0,49.01960784313725
3185,2,173,149,4.0,1.0,50.0,37.0,74.0
801,1,137,18,1.0,2.0,62.0,48.0,77.41935483870968
2566,1,38,68,6.0,4.0,49.0,23.0,46.93877551020408
1877,2,23,58,2.0,2.0,95.0,60.0,63.1578947368421
1975,2,116,6,4.0,1.0,49.0,26.0,53.06122448979592
890,1,103,63,2.0,2.0,76.0,55.0,72.36842105263158
1669,1,190,19,3.0,5.0,107.0,53.0,49.532710280373834
3552,2,185,20,2.0,0.0,78.0,56.0,71.7948717948718
2302,2,85,150,3.0,4.0,119.0,67.0,56.30252100840336
3295,1,105,155,1.0,2.0,50.0,25.0,50.0
2302,1,111,32,9.0,3.0,131.0,85.0,64.8854961832061
4204,2,84,66,3.0,2.0,41.0,21.0,51.21951219512195
323,3,24,59,22.0,10.0,89.0,52.0,58.42696629213483
3094,2,118,179,1.0,0.0,77.0,45.0,58.44155844155844
5826,2,179,23,9.0,4.0,111.0,78.0,70.27027027027027
754,1,165,5,14.0,1.0,170.0,132.0,77.64705882352942
646,3,181,57,6.0,3.0,106.0,70.0,66.0377358490566
3511,1,138,80,4.0,5.0,58.0,33.0,56.896551724137936
4401,1,82,64,9.0,1.0,86.0,51.0,59.30232558139535
4742,3,94,78,2.0,3.0,86.0,53.0,61.627906976744185
1196,3,50,78,0.0,3.0,112.0,85.0,75.89285714285714
2303,2,184,58,5.0,0.0,51.0,31.0,60.78431372549019
4513,1,82,64,2.0,1.0,38.0,13.0,34.21052631578947
2222,2,85,150,4.0,2.0,78.0,41.0,52.56410256410257
1828,2,85,69,7.0,1.0,111.0,70.0,63.06306306306306
2012,1,196,55,8.0,0.0,52.0,32.0,61.53846153846154
3614,1,146,30,10.0,6.0,84.0,46.0,54.761904761904766
300,1,105,154,5.0,0.0,51.0,40.0,78.43137254901961
2161,3,22,57,4.0,2.0,68.0,47.0,69.11764705882352
1104,1,37,67,5.0,3.0,72.0,38.0,52.77777777777778
3359,1,169,2,7.0,4.0,52.0,35.0,67.3076923076923
4170,1,171,65,3.0,6.0,57.0,32.0,56.14035087719298
3127,1,197,159,6.0,3.0,86.0,46.0,53.48837209302325
5122,1,33,65,7.0,8.0,115.0,64.0,55.65217391304348
869,1,3,5,13.0,5.0,168.0,121.0,72.02380952380952
2388,1,138,80,3.0,4.0,58.0,37.0,63.793103448275865
534,1,54,31,6.0,5.0,70.0,29.0,41.42857142857143
2947,1,34,11,1.0,1.0,65.0,48.0,73.84615384615385
313,2,83,149,1.0,6.0,92.0,65.0,70.65217391304348
4028,2,173,149,3.0,2.0,43.0,28.0,65.11627906976744
3621,1,74,1,6.0,4.0,41.0,25.0,60.97560975609756
748,1,33,65,2.0,2.0,67.0,34.0,50.74626865671642
3410,1,121,64,6.0,2.0,50.0,31.0,62.0
221,1,119,16,6.0,3.0,62.0,37.0,59.67741935483871
4122,3,180,61,9.0,10.0,96.0,59.0,61.458333333333336
12,1,109,30,3.0,3.0,95.0,53.0,55.78947368421052
870,2,87,76,4.0,0.0,38.0,26.0,68.42105263157895
2293,2,7,17,1.0,0.0,68.0,45.0,66.17647058823529
1251,1,121,64,4.0,5.0,58.0,40.0,68.96551724137932
1631,1,78,146,2.0,1.0,55.0,34.0,61.81818181818181
4210,2,125,76,13.0,2.0,79.0,53.0,67.08860759493672
4081,1,163,218,13.0,2.0,82.0,51.0,62.19512195121951
3026,1,144,70,2.0,0.0,57.0,37.0,64.91228070175438
3489,2,87,76,9.0,0.0,67.0,50.0,74.6268656716418
5644,1,191,222,4.0,1.0,66.0,35.0,53.03030303030303
2254,2,58,90,5.0,1.0,60.0,28.0,46.666666666666664
46,2,124,69,1.0,5.0,42.0,22.0,52.38095238095239
1531,2,89,62,2.0,5.0,70.0,44.0,62.857142857142854
4554,2,83,149,6.0,1.0,63.0,36.0,57.14285714285714
3561,1,198,30,10.0,2.0,89.0,52.0,58.42696629213483
1631,1,37,67,1.0,4.0,54.0,36.0,66.66666666666666
1601,1,186,67,12.0,1.0,92.0,51.0,55.434782608695656
6451,3,183,78,15.0,4.0,96.0,69.0,71.875
1029,1,51,19,1.0,6.0,105.0,58.0,55.23809523809524
237,1,76,5,13.0,4.0,136.0,84.0,61.76470588235294
3432,1,164,4,5.0,1.0,77.0,56.0,72.72727272727273
2247,1,33,65,1.0,5.0,51.0,32.0,62.745098039215684
4842,2,49,23,2.0,4.0,87.0,41.0,47.12643678160919
5248,1,16,29,5.0,1.0,50.0,31.0,62.0
2589,1,29,63,5.0,1.0,75.0,51.0,68.0
4992,2,89,83,3.0,1.0,58.0,36.0,62.06896551724138
2401,2,134,22,2.0,1.0,82.0,50.0,60.97560975609756
3684,1,186,67,21.0,6.0,114.0,62.0,54.385964912280706
3461,1,190,19,4.0,4.0,32.0,22.0,68.75
6312,2,186,221,0.0,1.0,65.0,40.0,61.53846153846154
1940,2,10,20,13.0,3.0,101.0,53.0,52.475247524752476
2073,1,171,65,9.0,2.0,47.0,24.0,51.06382978723404
4716,1,3,5,5.0,1.0,110.0,69.0,62.727272727272734
2481,2,13,23,2.0,9.0,116.0,82.0,70.6896551724138
3018,3,22,73,7.0,5.0,64.0,40.0,62.5
3437,1,5,11,3.0,5.0,70.0,44.0,62.857142857142854
1616,1,190,19,9.0,5.0,91.0,44.0,48.35164835164835
1333,1,4,8,6.0,0.0,66.0,47.0,71.21212121212122
2734,2,85,150,2.0,0.0,68.0,44.0,64.70588235294117
3155,1,143,184,5.0,2.0,118.0,78.0,66.10169491525424
782,1,51,19,7.0,4.0,162.0,126.0,77.77777777777779
4169,2,124,69,13.0,4.0,68.0,45.0,66.17647058823529
943,1,104,152,6.0,1.0,68.0,43.0,63.23529411764706
5471,1,141,154,7.0,2.0,72.0,49.0,68.05555555555556
3019,1,1,1,18.0,3.0,95.0,66.0,69.47368421052632
842,3,180,61,7.0,0.0,63.0,41.0,65.07936507936508
5990,1,162,216,6.0,1.0,62.0,34.0,54.83870967741935
2510,1,197,159,5.0,3.0,77.0,54.0,70.12987012987013
3495,1,102,19,6.0,5.0,136.0,71.0,52.20588235294118
2694,2,95,60,2.0,2.0,122.0,80.0,65.57377049180327
1123,1,28,29,3.0,1.0,66.0,41.0,62.121212121212125
2306,1,74,1,1.0,3.0,65.0,39.0,60.0
391,2,186,221,0.0,1.0,76.0,64.0,84.21052631578947
1129,1,75,145,4.0,0.0,69.0,45.0,65.21739130434783
2673,1,51,19,6.0,4.0,111.0,72.0,64.86486486486487
3294,1,100,18,7.0,4.0,85.0,54.0,63.52941176470588
3389,3,22,73,20.0,0.0,88.0,65.0,73.86363636363636
643,3,183,78,10.0,0.0,91.0,48.0,52.74725274725275
3312,1,139,19,16.0,6.0,162.0,113.0,69.75308641975309
344,3,130,57,2.0,1.0,73.0,47.0,64.38356164383562
4342,1,102,19,16.0,2.0,104.0,58.0,55.769230769230774
420,1,52,5,10.0,4.0,85.0,58.0,68.23529411764706
444,3,133,59,2.0,3.0,56.0,35.0,62.5
3617,1,51,19,5.0,5.0,166.0,93.0,56.024096385542165
1545,1,18,31,3.0,1.0,53.0,27.0,50.943396226415096
3093,1,201,225,2.0,4.0,57.0,33.0,57.89473684210527
4761,2,59,93,7.0,3.0,105.0,70.0,66.66666666666666
762,1,52,5,17.0,3.0,77.0,52.0,67.53246753246754
800,1,76,5,7.0,2.0,109.0,80.0,73.39449541284404
2100,1,39,18,7.0,1.0,82.0,52.0,63.41463414634146
5793,2,6,14,0.0,2.0,111.0,88.0,79.27927927927928
6394,2,48,76,4.0,4.0,56.0,33.0,58.92857142857143
2718,3,129,61,13.0,2.0,98.0,59.0,60.204081632653065
5519,1,121,64,5.0,1.0,61.0,43.0,70.49180327868852
2441,1,170,15,2.0,6.0,53.0,31.0,58.490566037735846
3385,1,197,29,0.0,3.0,75.0,52.0,69.33333333333334
2462,1,114,4,7.0,1.0,72.0,51.0,70.83333333333334
6254,2,173,81,1.0,1.0,77.0,46.0,59.74025974025974
1021,2,36,21,5.0,2.0,95.0,66.0,69.47368421052632
4865,1,144,155,10.0,4.0,127.0,83.0,65.35433070866141
283,1,82,64,1.0,0.0,40.0,23.0,57.49999999999999
866,1,37,67,14.0,19.0,98.0,44.0,44.89795918367347
4893,2,5,9,3.0,3.0,63.0,41.0,65.07936507936508
1586,2,178,62,5.0,3.0,72.0,41.0,56.94444444444444
3813,1,81,65,0.0,1.0,71.0,44.0,61.97183098591549
2693,1,17,30,2.0,1.0,72.0,46.0,63.888888888888886
2659,1,78,11,4.0,0.0,92.0,55.0,59.78260869565217
4916,1,67,116,8.0,1.0,61.0,38.0,62.295081967213115
4252,2,128,23,1.0,1.0,65.0,38.0,58.46153846153847
2436,1,102,19,6.0,6.0,79.0,35.0,44.303797468354425
1940,1,57,87,3.0,2.0,76.0,47.0,61.8421052631579
2092,1,38,68,4.0,2.0,97.0,63.0,64.94845360824742
4141,1,143,184,8.0,5.0,95.0,57.0,60.0
43,1,118,13,4.0,2.0,64.0,33.0,51.5625
654,1,9,19,5.0,5.0,82.0,49.0,59.756097560975604
5034,1,144,70,4.0,1.0,70.0,46.0,65.71428571428571
3626,3,183,78,13.0,8.0,179.0,109.0,60.893854748603346
2839,1,172,64,5.0,5.0,59.0,35.0,59.32203389830508
392,1,41,70,2.0,0.0,68.0,35.0,51.470588235294116
4351,2,117,9,0.0,0.0,73.0,43.0,58.9041095890411
4512,2,40,77,6.0,0.0,60.0,45.0,75.0
3785,1,15,55,17.0,1.0,61.0,44.0,72.1311475409836
1564,1,99,68,13.0,2.0,85.0,57.0,67.05882352941175
1863,1,111,32,15.0,1.0,81.0,55.0,67.90123456790124
1603,1,16,29,5.0,5.0,93.0,63.0,67.74193548387096
5275,1,51,19,13.0,8.0,119.0,69.0,57.98319327731093
1745,2,40,69,6.0,0.0,90.0,61.0,67.77777777777779
2893,1,79,12,4.0,6.0,68.0,40.0,58.82352941176471
2028,3,92,73,0.0,2.0,66.0,41.0,62.121212121212125
3269,3,183,78,16.0,4.0,81.0,53.0,65.4320987654321
5288,2,83,149,1.0,3.0,54.0,38.0,70.37037037037037
1355,3,47,85,11.0,4.0,60.0,38.0,63.33333333333333
874,2,125,76,7.0,2.0,86.0,52.0,60.46511627906976
3966,1,117,12,9.0,1.0,71.0,41.0,57.74647887323944
395,2,6,14,4.0,2.0,68.0,45.0,66.17647058823529
4933,1,79,12,2.0,0.0,74.0,35.0,47.2972972972973
2990,1,198,30,6.0,1.0,58.0,34.0,58.620689655172406
1690,2,176,76,3.0,5.0,81.0,52.0,64.19753086419753
871,2,125,76,10.0,1.0,61.0,38.0,62.295081967213115
1142,1,56,88,14.0,0.0,84.0,52.0,61.904761904761905
1325,1,1,1,4.0,1.0,133.0,88.0,66.16541353383458
6410,1,76,5,3.0,2.0,141.0,112.0,79.43262411347519
1836,1,151,191,17.0,2.0,108.0,82.0,75.92592592592592
3479,2,5,9,0.0,1.0,61.0,40.0,65.57377049180327
1293,2,125,76,1.0,1.0,89.0,65.0,73.03370786516854
3316,2,133,60,3.0,1.0,63.0,41.0,65.07936507936508
5595,1,14,26,2.0,0.0,69.0,52.0,75.36231884057972
3020,1,187,68,5.0,2.0,63.0,32.0,50.79365079365079
298,1,172,64,2.0,2.0,54.0,33.0,61.111111111111114
1950,1,77,7,5.0,7.0,72.0,39.0,54.166666666666664
5184,1,103,63,0.0,0.0,61.0,43.0,70.49180327868852
5270,2,174,66,1.0,4.0,80.0,52.0,65.0
5677,1,75,144,13.0,2.0,76.0,50.0,65.78947368421053
4746,1,29,28,4.0,0.0,75.0,57.0,76.0
3986,1,135,82,1.0,5.0,42.0,27.0,64.28571428571429
84,2,24,22,2.0,2.0,85.0,72.0,84.70588235294117
924,1,77,8,3.0,3.0,66.0,41.0,62.121212121212125
4763,1,103,63,1.0,2.0,49.0,31.0,63.26530612244898
4621,2,116,6,1.0,3.0,86.0,53.0,61.627906976744185
665,1,119,16,12.0,1.0,80.0,57.0,71.25
2760,1,165,5,13.0,2.0,113.0,79.0,69.91150442477876
1357,1,166,7,19.0,6.0,90.0,55.0,61.111111111111114
1470,2,49,23,5.0,9.0,164.0,102.0,62.19512195121951
2728,2,179,23,1.0,3.0,153.0,93.0,60.78431372549019
5255,1,169,82,7.0,1.0,97.0,56.0,57.73195876288659
1101,1,79,12,2.0,0.0,74.0,35.0,47.2972972972973
818,2,87,76,1.0,1.0,83.0,49.0,59.036144578313255
3793,1,44,16,10.0,5.0,65.0,38.0,58.46153846153847
6311,1,108,159,10.0,3.0,57.0,39.0,68.42105263157895
170,2,90,23,19.0,7.0,156.0,97.0,62.17948717948718
5359,2,179,23,5.0,2.0,108.0,59.0,54.629629629629626
3125,3,94,78,16.0,2.0,104.0,66.0,63.46153846153846
4021,1,112,167,9.0,1.0,82.0,59.0,71.95121951219512
1467,1,39,18,16.0,0.0,55.0,34.0,61.81818181818181
2955,2,88,21,10.0,1.0,112.0,71.0,63.39285714285714
2199,1,162,172,3.0,1.0,37.0,18.0,48.64864864864865
803,2,7,17,7.0,3.0,79.0,50.0,63.29113924050633
4460,3,93,75,8.0,4.0,52.0,31.0,59.61538461538461
3980,2,123,66,1.0,0.0,55.0,31.0,56.36363636363636
1860,1,76,5,12.0,2.0,117.0,77.0,65.8119658119658
3517,2,175,69,4.0,1.0,56.0,34.0,60.71428571428571
2945,1,163,218,4.0,4.0,57.0,34.0,59.64912280701754
1262,1,4,8,5.0,4.0,63.0,36.0,57.14285714285714
6389,1,103,94,11.0,0.0,61.0,40.0,65.57377049180327
462,1,167,146,9.0,2.0,85.0,61.0,71.76470588235294
2415,1,120,65,6.0,2.0,56.0,33.0,58.92857142857143
2268,1,163,219,4.0,2.0,65.0,34.0,52.307692307692314
5100,1,115,5,5.0,2.0,91.0,61.0,67.03296703296702
5520,2,124,180,3.0,6.0,71.0,41.0,57.74647887323944
580,1,31,7,3.0,2.0,51.0,28.0,54.90196078431373
4470,2,21,56,0.0,3.0,51.0,29.0,56.86274509803921
5031,1,117,11,13.0,2.0,84.0,49.0,58.333333333333336
1685,1,119,16,4.0,3.0,83.0,49.0,59.036144578313255
3510,3,129,61,3.0,1.0,52.0,41.0,78.84615384615384
270,2,124,69,3.0,0.0,56.0,43.0,76.78571428571429
3661,1,118,2,10.0,3.0,77.0,46.0,59.74025974025974
88,1,3,5,21.0,1.0,119.0,70.0,58.82352941176471
3081,2,124,180,1.0,1.0,81.0,51.0,62.96296296296296
541,1,200,32,15.0,1.0,85.0,64.0,75.29411764705883
3061,2,83,148,2.0,0.0,18.0,9.0,50.0
1426,1,189,80,6.0,3.0,47.0,26.0,55.319148936170215
3446,1,171,65,10.0,0.0,63.0,47.0,74.60317460317461
3563,1,15,55,4.0,3.0,67.0,42.0,62.68656716417911
2898,1,51,19,7.0,9.0,93.0,63.0,67.74193548387096
3417,2,97,72,0.0,2.0,47.0,34.0,72.3404255319149
2300,1,107,55,4.0,2.0,83.0,54.0,65.06024096385542
809,1,43,13,4.0,1.0,43.0,22.0,51.162790697674424
4710,1,33,65,2.0,3.0,54.0,32.0,59.25925925925925
104,1,53,80,13.0,15.0,96.0,54.0,56.25
2303,3,132,78,13.0,3.0,153.0,100.0,65.359477124183
2426,1,44,15,7.0,3.0,74.0,51.0,68.91891891891892
2570,2,127,62,1.0,2.0,88.0,62.0,70.45454545454545
2863,3,132,78,6.0,3.0,99.0,68.0,68.68686868686868
1874,1,102,19,15.0,5.0,152.0,91.0,59.86842105263158
6052,1,165,5,11.0,4.0,114.0,73.0,64.03508771929825
5299,2,71,130,2.0,4.0,60.0,34.0,56.666666666666664
2903,2,179,23,10.0,6.0,138.0,75.0,54.347826086956516
2374,1,113,142,3.0,2.0,57.0,36.0,63.1578947368421
5184,1,102,19,2.0,1.0,94.0,51.0,54.25531914893617
6482,1,112,174,6.0,3.0,90.0,65.0,72.22222222222221
1651,1,52,5,3.0,4.0,100.0,67.0,67.0
5929,1,201,225,0.0,0.0,17.0,14.0,82.35294117647058
1499,2,59,92,3.0,1.0,64.0,46.0,71.875
93,2,87,76,3.0,5.0,47.0,31.0,65.95744680851064
3835,1,37,67,3.0,0.0,64.0,38.0,59.375
6095,1,168,11,8.0,2.0,115.0,67.0,58.26086956521739
3306,2,174,66,4.0,3.0,68.0,34.0,50.0
4176,3,181,57,4.0,2.0,63.0,33.0,52.38095238095239
570,2,89,83,6.0,4.0,89.0,48.0,53.93258426966292
280,2,128,23,1.0,4.0,65.0,38.0,58.46153846153847
1322,1,136,68,4.0,4.0,70.0,43.0,61.42857142857143
77,1,101,80,5.0,3.0,58.0,32.0,55.172413793103445
634,1,188,18,5.0,0.0,44.0,27.0,61.36363636363637
4172,1,171,65,3.0,0.0,59.0,31.0,52.54237288135594
1171,2,125,76,7.0,0.0,107.0,78.0,72.89719626168224
4720,2,80,17,0.0,5.0,49.0,30.0,61.224489795918366
5465,2,128,23,0.0,2.0,97.0,60.0,61.855670103092784
338,1,8,18,12.0,2.0,84.0,45.0,53.57142857142857
2336,2,58,91,3.0,1.0,109.0,61.0,55.96330275229357
35,1,100,18,14.0,1.0,49.0,37.0,75.51020408163265
303,1,54,94,6.0,2.0,83.0,56.0,67.46987951807229
5682,1,214,258,9.0,3.0,78.0,44.0,56.41025641025641
2261,1,165,5,8.0,1.0,123.0,83.0,67.47967479674797
5737,1,121,64,5.0,2.0,68.0,42.0,61.76470588235294
3297,3,181,57,9.0,2.0,91.0,58.0,63.73626373626373
1760,1,82,64,1.0,2.0,72.0,50.0,69.44444444444444
691,1,74,143,6.0,6.0,102.0,71.0,69.6078431372549
4929,1,37,67,4.0,2.0,69.0,41.0,59.42028985507246
3853,3,94,78,7.0,2.0,81.0,55.0,67.90123456790124
6394,2,173,81,1.0,5.0,63.0,32.0,50.79365079365079
34,1,120,65,2.0,1.0,77.0,43.0,55.84415584415584
3667,2,49,23,11.0,7.0,142.0,99.0,69.71830985915493
5644,2,124,180,2.0,0.0,71.0,36.0,50.70422535211267
4779,2,5,9,5.0,1.0,92.0,46.0,50.0
5522,2,125,76,4.0,0.0,82.0,47.0,57.3170731707317
3723,2,175,69,0.0,1.0,73.0,50.0,68.4931506849315
1823,1,81,65,13.0,6.0,115.0,55.0,47.82608695652174
2424,2,21,81,1.0,2.0,99.0,72.0,72.72727272727273
686,1,117,12,1.0,2.0,61.0,40.0,65.57377049180327
5706,1,39,18,6.0,4.0,83.0,47.0,56.62650602409639
5901,3,131,85,9.0,0.0,64.0,34.0,53.125
2269,2,128,23,1.0,4.0,140.0,101.0,72.14285714285714
2113,1,101,80,1.0,0.0,28.0,15.0,53.57142857142857
3666,1,116,7,19.0,14.0,123.0,69.0,56.09756097560976
6089,1,201,225,7.0,3.0,84.0,56.0,66.66666666666666
4869,1,51,19,21.0,2.0,102.0,69.0,67.64705882352942
1342,1,115,5,32.0,2.0,101.0,67.0,66.33663366336634
6069,1,168,11,7.0,4.0,85.0,57.0,67.05882352941175
3542,3,131,85,2.0,1.0,72.0,52.0,72.22222222222221
1854,1,29,28,3.0,3.0,118.0,72.0,61.016949152542374
265,1,77,7,6.0,2.0,60.0,36.0,60.0
1884,2,176,76,0.0,0.0,41.0,27.0,65.85365853658537
1697,3,22,57,14.0,5.0,102.0,60.0,58.82352941176471
3678,2,13,23,3.0,1.0,108.0,71.0,65.74074074074075
405,1,147,31,6.0,0.0,91.0,52.0,57.14285714285714
3045,1,54,94,9.0,2.0,98.0,60.0,61.224489795918366
631,1,38,68,22.0,5.0,111.0,64.0,57.65765765765766
945,1,113,142,6.0,5.0,51.0,33.0,64.70588235294117
1359,1,77,7,4.0,10.0,105.0,55.0,52.38095238095239
1010,2,125,76,0.0,1.0,61.0,37.0,60.65573770491803
3335,1,140,181,6.0,1.0,57.0,32.0,56.14035087719298
2023,3,50,78,9.0,3.0,179.0,112.0,62.56983240223464
2504,1,117,11,2.0,1.0,40.0,22.0,55.00000000000001
2398,1,120,65,5.0,5.0,63.0,43.0,68.25396825396825
2718,1,9,19,1.0,1.0,70.0,44.0,62.857142857142854
5482,3,91,61,21.0,1.0,83.0,59.0,71.08433734939759
6185,2,48,76,5.0,1.0,59.0,38.0,64.40677966101694
3217,2,179,23,0.0,5.0,84.0,48.0,57.14285714285714
3494,1,107,158,2.0,0.0,52.0,35.0,67.3076923076923
2008,1,101,80,4.0,2.0,64.0,33.0,51.5625
1174,1,190,19,8.0,10.0,95.0,45.0,47.368421052631575
3431,3,183,78,2.0,0.0,67.0,50.0,74.6268656716418
1302,2,123,66,6.0,6.0,74.0,31.0,41.891891891891895
1620,2,174,66,7.0,3.0,84.0,50.0,59.523809523809526
1304,2,49,23,2.0,7.0,90.0,61.0,67.77777777777779
5839,2,124,56,9.0,1.0,88.0,52.0,59.09090909090909
877,1,2,3,1.0,2.0,83.0,53.0,63.85542168674698
201,1,139,19,5.0,3.0,99.0,67.0,67.67676767676768
1820,1,144,70,7.0,3.0,69.0,41.0,59.42028985507246
3235,1,107,70,1.0,2.0,78.0,54.0,69.23076923076923
4439,1,167,146,5.0,1.0,53.0,33.0,62.264150943396224
793,1,1,2,2.0,1.0,59.0,32.0,54.23728813559322
301,1,193,155,3.0,2.0,64.0,48.0,75.0
502,3,22,73,8.0,3.0,85.0,42.0,49.411764705882355
5277,1,77,8,6.0,1.0,42.0,25.0,59.523809523809526
5278,1,4,8,15.0,2.0,122.0,82.0,67.21311475409836
208,2,97,20,1.0,1.0,48.0,25.0,52.083333333333336
2212,2,87,76,9.0,7.0,61.0,40.0,65.57377049180327
3231,1,168,11,6.0,2.0,59.0,39.0,66.10169491525424
949,2,40,69,7.0,0.0,44.0,35.0,79.54545454545455
3436,3,183,78,5.0,1.0,84.0,51.0,60.71428571428571
1063,1,139,19,8.0,6.0,95.0,54.0,56.84210526315789
4204,1,82,64,2.0,1.0,66.0,45.0,68.18181818181817
1325,2,125,76,0.0,1.0,61.0,37.0,60.65573770491803
2011,3,94,78,3.0,7.0,135.0,87.0,64.44444444444444
326,1,75,144,2.0,1.0,50.0,29.0,57.99999999999999
1897,1,80,15,5.0,0.0,60.0,32.0,53.333333333333336
4642,1,164,4,9.0,5.0,111.0,66.0,59.45945945945946
1163,3,132,78,1.0,2.0,81.0,58.0,71.60493827160494
5101,1,196,224,4.0,2.0,50.0,26.0,52.0
897,2,90,23,0.0,3.0,75.0,52.0,69.33333333333334
1644,1,121,64,2.0,0.0,48.0,29.0,60.416666666666664
705,2,176,76,11.0,1.0,72.0,49.0,68.05555555555556
2297,1,142,183,6.0,4.0,84.0,57.0,67.85714285714286
2858,1,106,157,6.0,1.0,55.0,37.0,67.27272727272727
841,2,89,62,4.0,4.0,77.0,51.0,66.23376623376623
1983,2,96,58,7.0,5.0,78.0,43.0,55.12820512820513
3767,1,77,7,7.0,1.0,56.0,28.0,50.0
4045,2,78,9,4.0,1.0,82.0,47.0,57.3170731707317
222,3,184,59,19.0,1.0,78.0,48.0,61.53846153846154
1877,1,53,80,2.0,6.0,79.0,48.0,60.75949367088608
2366,3,94,78,8.0,7.0,134.0,72.0,53.73134328358209
3095,1,121,64,4.0,5.0,57.0,33.0,57.89473684210527
2186,1,113,142,0.0,0.0,54.0,40.0,74.07407407407408
3479,2,122,81,4.0,2.0,76.0,54.0,71.05263157894737
235,1,116,7,6.0,1.0,61.0,39.0,63.934426229508205
700,1,51,19,27.0,3.0,108.0,73.0,67.5925925925926
2530,2,177,21,4.0,3.0,47.0,27.0,57.446808510638306
1947,2,79,147,2.0,3.0,84.0,53.0,63.095238095238095
1927,2,122,81,1.0,2.0,49.0,33.0,67.3469387755102
2282,2,89,62,4.0,2.0,52.0,26.0,50.0
17,1,43,2,7.0,3.0,69.0,42.0,60.86956521739131
3454,2,117,9,3.0,0.0,48.0,33.0,68.75
5089,1,136,68,8.0,1.0,50.0,31.0,62.0
692,1,134,79,18.0,5.0,87.0,51.0,58.620689655172406
2517,1,79,2,13.0,2.0,116.0,87.0,75.0
779,1,115,5,5.0,2.0,102.0,76.0,74.50980392156863
509,2,128,23,5.0,5.0,110.0,69.0,62.727272727272734
1229,1,3,5,6.0,2.0,76.0,51.0,67.10526315789474
1910,1,4,7,9.0,2.0,49.0,31.0,63.26530612244898
3196,3,132,78,10.0,1.0,123.0,84.0,68.29268292682927
4696,1,9,19,3.0,2.0,70.0,40.0,57.14285714285714
3626,1,139,19,16.0,10.0,173.0,114.0,65.89595375722543
3797,1,29,28,5.0,2.0,89.0,41.0,46.06741573033708
1093,1,75,144,4.0,0.0,52.0,36.0,69.23076923076923
5513,1,136,68,8.0,7.0,87.0,46.0,52.87356321839081
6422,2,35,66,5.0,4.0,82.0,46.0,56.09756097560976
1295,1,189,80,9.0,3.0,58.0,35.0,60.3448275862069
1615,3,182,75,5.0,1.0,83.0,52.0,62.65060240963856
243,1,28,29,21.0,4.0,77.0,54.0,70.12987012987013
3511,2,84,66,2.0,2.0,64.0,44.0,68.75
417,1,136,68,8.0,8.0,78.0,43.0,55.12820512820513
6276,2,49,23,8.0,9.0,143.0,76.0,53.14685314685315
365,3,132,78,8.0,3.0,90.0,54.0,60.0
5693,1,191,181,5.0,3.0,63.0,30.0,47.61904761904761
6124,2,173,148,8.0,9.0,90.0,53.0,58.88888888888889
1535,2,6,14,6.0,4.0,99.0,57.0,57.57575757575758
3523,2,49,23,3.0,1.0,100.0,59.0,59.0
5459,3,91,151,4.0,1.0,42.0,31.0,73.80952380952381
1872,2,85,69,4.0,3.0,87.0,51.0,58.620689655172406
793,2,135,20,3.0,2.0,47.0,30.0,63.829787234042556
4876,1,31,7,10.0,2.0,113.0,65.0,57.52212389380531
2941,1,186,67,7.0,4.0,102.0,58.0,56.86274509803921
1328,3,24,59,4.0,2.0,50.0,23.0,46.0
98,1,165,5,9.0,1.0,110.0,64.0,58.18181818181818
3999,1,7,16,3.0,3.0,71.0,43.0,60.56338028169014
191,2,78,9,4.0,1.0,59.0,40.0,67.79661016949152
2865,1,77,7,3.0,2.0,43.0,26.0,60.46511627906976
2572,1,186,67,8.0,2.0,51.0,36.0,70.58823529411765
3425,1,100,18,7.0,2.0,44.0,26.0,59.09090909090909
2282,2,184,58,6.0,2.0,77.0,44.0,57.14285714285714
2309,3,26,61,11.0,2.0,87.0,59.0,67.81609195402298
5942,1,55,1,3.0,3.0,62.0,42.0,67.74193548387096
1689,2,88,21,1.0,1.0,58.0,45.0,77.58620689655173
506,3,94,78,10.0,2.0,114.0,81.0,71.05263157894737
5678,1,7,16,4.0,5.0,76.0,43.0,56.57894736842105
762,1,81,65,7.0,1.0,65.0,43.0,66.15384615384615
5482,1,9,19,5.0,3.0,110.0,62.0,56.36363636363636
1090,1,99,68,18.0,1.0,99.0,52.0,52.52525252525253
2405,1,28,74,8.0,0.0,55.0,33.0,60.0
2619,2,95,60,1.0,3.0,53.0,42.0,79.24528301886792
872,1,69,118,7.0,9.0,51.0,30.0,58.82352941176471
3023,1,136,68,9.0,4.0,124.0,72.0,58.06451612903226
3237,1,46,32,12.0,0.0,88.0,58.0,65.9090909090909
850,1,80,16,5.0,2.0,93.0,59.0,63.44086021505376
2445,1,30,30,4.0,1.0,57.0,35.0,61.40350877192983
2799,1,143,184,8.0,1.0,85.0,55.0,64.70588235294117
1138,1,111,32,12.0,0.0,43.0,35.0,81.3953488372093
1642,1,145,29,5.0,1.0,55.0,38.0,69.0909090909091
1614,2,186,221,3.0,2.0,41.0,24.0,58.536585365853654
1760,3,183,78,16.0,5.0,163.0,106.0,65.03067484662577
991,1,120,65,5.0,0.0,57.0,31.0,54.385964912280706
1867,2,31,6,5.0,2.0,105.0,63.0,60.0
1386,2,97,72,1.0,5.0,62.0,34.0,54.83870967741935
3044,1,171,65,4.0,0.0,75.0,45.0,60.0
4226,1,190,19,17.0,7.0,141.0,69.0,48.93617021276596
2992,1,99,68,4.0,3.0,130.0,85.0,65.38461538461539
417,3,92,57,4.0,4.0,64.0,33.0,51.5625
2768,1,214,266,10.0,0.0,70.0,48.0,68.57142857142857
5338,1,144,55,4.0,0.0,70.0,54.0,77.14285714285715
5122,2,133,58,5.0,5.0,97.0,61.0,62.88659793814433
3432,3,95,59,9.0,4.0,68.0,47.0,69.11764705882352
3233,2,36,21,1.0,1.0,55.0,34.0,61.81818181818181
242,1,55,1,4.0,0.0,57.0,42.0,73.68421052631578
1897,1,169,82,6.0,3.0,66.0,39.0,59.09090909090909
2734,1,38,68,6.0,11.0,111.0,55.0,49.549549549549546
2946,2,49,23,7.0,3.0,72.0,41.0,56.94444444444444
94,3,91,61,19.0,3.0,83.0,52.0,62.65060240963856
4748,1,137,18,3.0,5.0,78.0,38.0,48.717948717948715
2369,1,79,13,13.0,2.0,106.0,65.0,61.32075471698113
682,1,3,5,7.0,1.0,109.0,65.0,59.63302752293578
5184,3,93,85,5.0,4.0,87.0,51.0,58.620689655172406
840,1,103,94,3.0,1.0,78.0,52.0,66.66666666666666
6131,2,49,23,12.0,8.0,142.0,85.0,59.859154929577464
3509,3,180,151,5.0,1.0,46.0,30.0,65.21739130434783
4639,2,86,81,3.0,0.0,96.0,57.0,59.375
6293,2,179,23,0.0,1.0,67.0,38.0,56.71641791044776
3230,1,81,65,9.0,0.0,56.0,33.0,58.92857142857143
3363,1,168,12,14.0,1.0,69.0,39.0,56.52173913043478
4035,1,15,55,6.0,1.0,82.0,52.0,63.41463414634146
3879,1,100,18,6.0,3.0,62.0,35.0,56.451612903225815
3016,2,90,23,2.0,0.0,67.0,46.0,68.65671641791045
2405,1,170,15,3.0,2.0,56.0,32.0,57.14285714285714
4862,1,56,86,10.0,1.0,96.0,61.0,63.541666666666664
2259,1,76,5,13.0,3.0,158.0,109.0,68.9873417721519
3692,1,143,184,7.0,1.0,83.0,59.0,71.08433734939759
3614,1,144,70,1.0,1.0,43.0,27.0,62.7906976744186
857,1,140,182,4.0,2.0,61.0,36.0,59.01639344262295
809,2,85,69,5.0,2.0,87.0,50.0,57.47126436781609
762,1,54,94,13.0,4.0,86.0,47.0,54.65116279069767
2114,3,93,75,12.0,4.0,110.0,82.0,74.54545454545455
5737,2,13,23,5.0,1.0,73.0,38.0,52.054794520547944
2679,2,48,76,2.0,0.0,47.0,34.0,72.3404255319149
2816,1,211,252,5.0,1.0,59.0,34.0,57.6271186440678
6436,2,6,14,12.0,2.0,69.0,48.0,69.56521739130434
3746,2,27,83,4.0,4.0,105.0,66.0,62.857142857142854
1037,1,1,2,0.0,1.0,57.0,31.0,54.385964912280706
5193,3,92,73,8.0,2.0,74.0,48.0,64.86486486486487
2503,1,146,30,5.0,2.0,68.0,35.0,51.470588235294116
1576,1,80,16,9.0,2.0,92.0,62.0,67.3913043478261
3223,1,74,143,8.0,3.0,88.0,52.0,59.09090909090909
5838,3,95,59,29.0,5.0,120.0,78.0,65.0
4207,3,94,78,3.0,0.0,74.0,50.0,67.56756756756756
2239,1,134,79,5.0,3.0,58.0,34.0,58.620689655172406
2842,1,32,64,3.0,2.0,63.0,43.0,68.25396825396825
2971,1,113,8,3.0,3.0,74.0,40.0,54.054054054054056
210,1,100,18,3.0,1.0,74.0,52.0,70.27027027027027
2781,3,50,78,14.0,16.0,164.0,91.0,55.487804878048784
31,1,148,32,24.0,6.0,89.0,52.0,58.42696629213483
583,2,173,148,3.0,3.0,133.0,84.0,63.1578947368421
3025,2,173,148,3.0,4.0,84.0,57.0,67.85714285714286
2222,1,108,159,8.0,1.0,99.0,60.0,60.60606060606061
5516,2,128,23,1.0,4.0,114.0,80.0,70.17543859649122
2139,2,97,72,0.0,2.0,44.0,28.0,63.63636363636363
2220,1,196,224,5.0,1.0,67.0,42.0,62.68656716417911
3724,2,13,23,1.0,5.0,143.0,99.0,69.23076923076923
1279,1,198,30,7.0,1.0,72.0,37.0,51.388888888888886
3809,1,79,12,6.0,2.0,64.0,41.0,64.0625
2546,1,29,28,1.0,6.0,69.0,35.0,50.72463768115942
1282,1,113,178,18.0,4.0,94.0,58.0,61.702127659574465
50,1,106,156,19.0,15.0,103.0,60.0,58.252427184466015
1930,1,165,5,19.0,2.0,84.0,53.0,63.095238095238095
2364,1,199,77,8.0,9.0,116.0,72.0,62.06896551724138
404,2,127,62,6.0,3.0,60.0,29.0,48.333333333333336
1134,1,2,3,5.0,1.0,97.0,58.0,59.79381443298969
967,3,92,73,3.0,5.0,72.0,40.0,55.55555555555556
1915,2,88,21,1.0,0.0,66.0,41.0,62.121212121212125
1001,1,120,65,1.0,1.0,50.0,33.0,66.0
2973,1,190,19,2.0,4.0,96.0,37.0,38.54166666666667
5194,1,100,18,0.0,2.0,44.0,20.0,45.45454545454545
2200,2,48,76,0.0,2.0,67.0,38.0,56.71641791044776
2849,2,177,21,2.0,1.0,43.0,32.0,74.4186046511628
35,1,8,18,4.0,0.0,23.0,14.0,60.86956521739131
2273,1,105,155,8.0,1.0,86.0,58.0,67.44186046511628
4415,2,58,90,6.0,4.0,78.0,46.0,58.97435897435898
3684,1,166,7,5.0,1.0,84.0,55.0,65.47619047619048
1869,2,89,62,1.0,3.0,67.0,42.0,62.68656716417911
3284,3,183,78,14.0,8.0,188.0,108.0,57.446808510638306
4657,1,2,4,10.0,7.0,96.0,51.0,53.125
2514,1,119,16,9.0,1.0,72.0,47.0,65.27777777777779
3984,1,119,15,0.0,2.0,47.0,29.0,61.702127659574465
629,1,205,233,5.0,0.0,88.0,55.0,62.5
1742,2,175,69,0.0,3.0,92.0,62.0,67.3913043478261
3657,1,56,88,1.0,2.0,54.0,38.0,70.37037037037037
691,1,135,67,7.0,0.0,62.0,46.0,74.19354838709677
2966,1,143,184,6.0,1.0,85.0,55.0,64.70588235294117
419,1,104,153,7.0,2.0,64.0,43.0,67.1875
4038,1,140,182,7.0,4.0,126.0,78.0,61.904761904761905
2471,1,135,67,3.0,5.0,124.0,85.0,68.54838709677419
3039,1,172,64,3.0,2.0,50.0,32.0,64.0
682,1,5,10,2.0,0.0,53.0,33.0,62.264150943396224
5926,3,47,75,18.0,2.0,55.0,33.0,60.0
3566,2,177,21,9.0,4.0,94.0,57.0,60.63829787234043
1868,2,23,72,0.0,2.0,89.0,63.0,70.78651685393258
3266,1,171,65,8.0,4.0,85.0,41.0,48.23529411764706
402,1,104,152,7.0,0.0,60.0,36.0,60.0
4085,1,109,30,11.0,1.0,58.0,37.0,63.793103448275865
6199,1,191,181,11.0,1.0,57.0,32.0,56.14035087719298
3238,2,179,23,8.0,3.0,76.0,58.0,76.31578947368422
3524,3,183,78,10.0,2.0,135.0,88.0,65.18518518518519
1786,1,143,184,5.0,1.0,72.0,52.0,72.22222222222221
2580,2,58,91,8.0,5.0,102.0,57.0,55.88235294117647
3194,1,137,18,4.0,1.0,60.0,39.0,65.0
2730,2,90,23,2.0,4.0,99.0,63.0,63.63636363636363
3676,1,193,155,3.0,0.0,41.0,24.0,58.536585365853654
4023,1,185,79,6.0,2.0,85.0,47.0,55.294117647058826
3730,1,52,5,7.0,5.0,107.0,76.0,71.02803738317756
2342,2,127,83,5.0,1.0,65.0,41.0,63.07692307692307
3319,2,36,21,4.0,4.0,64.0,33.0,51.5625
2883,1,3,5,1.0,3.0,84.0,58.0,69.04761904761905
163,1,15,55,3.0,1.0,71.0,36.0,50.70422535211267
5790,2,177,21,1.0,2.0,61.0,34.0,55.73770491803278
818,1,165,5,8.0,4.0,80.0,49.0,61.25000000000001
229,1,74,1,10.0,0.0,50.0,35.0,70.0
1041,1,82,64,4.0,1.0,61.0,38.0,62.295081967213115
700,1,105,154,5.0,1.0,56.0,44.0,78.57142857142857
4216,1,165,5,14.0,6.0,156.0,94.0,60.256410256410255
6270,2,96,58,1.0,2.0,38.0,22.0,57.89473684210527
5898,1,108,159,4.0,0.0,59.0,45.0,76.27118644067797
3378,2,78,9,2.0,2.0,74.0,45.0,60.810810810810814
906,3,132,78,5.0,1.0,69.0,36.0,52.17391304347826
2288,2,175,56,3.0,3.0,65.0,42.0,64.61538461538461
1072,3,92,73,22.0,10.0,111.0,67.0,60.36036036036037
4834,2,169,179,2.0,1.0,102.0,70.0,68.62745098039215
3985,3,183,78,1.0,0.0,25.0,14.0,56.00000000000001
5551,2,133,58,11.0,2.0,78.0,50.0,64.1025641025641
21,1,165,5,11.0,2.0,118.0,72.0,61.016949152542374
201,2,49,23,5.0,3.0,134.0,91.0,67.91044776119402
5107,1,1,1,17.0,3.0,105.0,71.0,67.61904761904762
778,1,191,181,9.0,3.0,100.0,62.0,62.0
153,3,24,59,3.0,0.0,74.0,41.0,55.4054054054054
1161,2,48,76,1.0,5.0,49.0,26.0,53.06122448979592
1691,1,190,19,21.0,6.0,115.0,68.0,59.130434782608695
3454,1,146,30,0.0,2.0,54.0,35.0,64.81481481481481
1694,3,50,78,6.0,7.0,128.0,84.0,65.625
849,1,186,67,7.0,0.0,63.0,41.0,65.07936507936508
117,2,4,6,5.0,4.0,120.0,65.0,54.166666666666664
424,3,131,85,6.0,4.0,87.0,54.0,62.06896551724138
5331,2,167,6,2.0,1.0,76.0,59.0,77.63157894736842
424,1,5,11,4.0,1.0,80.0,47.0,58.75
4506,1,2,4,8.0,2.0,81.0,57.0,70.37037037037037
2539,2,87,76,6.0,1.0,49.0,35.0,71.42857142857143
3843,1,81,65,3.0,5.0,72.0,45.0,62.5
3738,1,119,16,2.0,2.0,110.0,76.0,69.0909090909091
5344,1,170,15,1.0,2.0,105.0,60.0,57.14285714285714
4177,1,51,19,16.0,8.0,124.0,77.0,62.096774193548384
9,1,74,143,2.0,5.0,67.0,32.0,47.76119402985074
4557,1,56,86,2.0,4.0,49.0,25.0,51.02040816326531
910,1,56,88,14.0,1.0,76.0,49.0,64.47368421052632
1579,1,107,158,5.0,2.0,102.0,70.0,68.62745098039215
4343,2,128,23,8.0,5.0,157.0,105.0,66.87898089171973
6131,1,101,80,8.0,4.0,71.0,39.0,54.929577464788736
191,1,199,63,10.0,2.0,97.0,63.0,64.94845360824742
3694,1,56,86,11.0,5.0,115.0,72.0,62.60869565217392
3644,3,180,61,9.0,4.0,86.0,55.0,63.95348837209303
2362,1,192,223,4.0,3.0,68.0,45.0,66.17647058823529
5515,1,32,64,4.0,2.0,79.0,55.0,69.62025316455697
809,1,19,32,8.0,1.0,93.0,66.0,70.96774193548387
3575,1,149,84,9.0,3.0,81.0,62.0,76.5432098765432
2469,1,169,82,5.0,0.0,123.0,69.0,56.09756097560976
4952,1,195,184,7.0,4.0,82.0,50.0,60.97560975609756
3422,1,16,28,12.0,2.0,131.0,78.0,59.541984732824424
4121,3,94,78,20.0,8.0,114.0,71.0,62.28070175438597
1094,2,87,76,4.0,4.0,136.0,91.0,66.91176470588235
644,2,177,21,0.0,4.0,79.0,44.0,55.69620253164557
935,3,24,59,3.0,3.0,86.0,47.0,54.65116279069767
2192,2,177,21,8.0,2.0,103.0,68.0,66.01941747572816
3467,2,176,76,10.0,4.0,103.0,63.0,61.165048543689316
1986,2,40,69,0.0,1.0,48.0,34.0,70.83333333333334
2849,2,128,23,1.0,4.0,134.0,110.0,82.08955223880598
5737,2,176,76,1.0,1.0,104.0,58.0,55.769230769230774
4048,2,83,149,0.0,4.0,78.0,43.0,55.12820512820513
921,1,120,65,5.0,1.0,72.0,52.0,72.22222222222221
5190,2,77,6,6.0,6.0,85.0,32.0,37.64705882352941
1308,1,51,19,17.0,2.0,147.0,91.0,61.904761904761905
648,2,179,23,12.0,6.0,168.0,104.0,61.904761904761905
3338,1,140,181,1.0,2.0,51.0,30.0,58.82352941176471
2251,2,125,76,2.0,2.0,49.0,29.0,59.183673469387756
98,1,18,31,4.0,4.0,89.0,54.0,60.67415730337079
4991,1,140,181,2.0,0.0,72.0,40.0,55.55555555555556
4932,1,52,5,8.0,8.0,99.0,57.0,57.57575757575758
4690,2,185,20,1.0,6.0,105.0,74.0,70.47619047619048
707,1,55,1,2.0,3.0,56.0,24.0,42.857142857142854
4672,1,15,55,4.0,1.0,43.0,27.0,62.7906976744186
102,1,120,65,5.0,3.0,78.0,45.0,57.692307692307686
5874,1,171,65,10.0,2.0,57.0,37.0,64.91228070175438
2567,1,147,31,6.0,2.0,81.0,40.0,49.382716049382715
2360,2,126,21,1.0,0.0,57.0,42.0,73.68421052631578
3073,2,134,72,5.0,0.0,56.0,32.0,57.14285714285714
1106,2,80,17,1.0,1.0,57.0,38.0,66.66666666666666
2591,1,74,142,4.0,1.0,62.0,36.0,58.06451612903226
3382,1,34,11,8.0,6.0,95.0,54.0,56.84210526315789
4912,1,76,5,14.0,4.0,90.0,53.0,58.88888888888889
3618,1,54,31,4.0,4.0,87.0,49.0,56.32183908045977
316,1,190,19,9.0,12.0,153.0,92.0,60.130718954248366
3315,1,46,32,10.0,0.0,71.0,45.0,63.38028169014085
2460,3,129,61,5.0,2.0,68.0,43.0,63.23529411764706
33,1,17,30,0.0,0.0,52.0,35.0,67.3076923076923
2773,1,188,18,5.0,5.0,83.0,49.0,59.036144578313255
2043,1,141,154,1.0,2.0,70.0,34.0,48.57142857142857
1741,1,118,13,1.0,4.0,63.0,42.0,66.66666666666666
4497,1,105,155,6.0,1.0,103.0,63.0,61.165048543689316
5945,1,143,184,4.0,3.0,65.0,36.0,55.38461538461539
1134,1,100,18,7.0,7.0,61.0,39.0,63.934426229508205
2930,3,181,57,8.0,6.0,90.0,50.0,55.55555555555556
2922,1,141,154,4.0,1.0,98.0,58.0,59.183673469387756
5776,1,80,16,19.0,7.0,119.0,77.0,64.70588235294117
1723,1,28,74,10.0,5.0,103.0,59.0,57.28155339805825
3362,1,103,94,6.0,2.0,68.0,44.0,64.70588235294117
3994,2,35,66,2.0,2.0,98.0,60.0,61.224489795918366
445,2,40,69,6.0,0.0,90.0,61.0,67.77777777777779
3424,1,137,18,2.0,0.0,55.0,26.0,47.27272727272727
1297,1,135,67,9.0,3.0,86.0,52.0,60.46511627906976
796,1,194,183,4.0,3.0,77.0,45.0,58.44155844155844
6376,1,138,80,4.0,1.0,90.0,65.0,72.22222222222221
6410,1,143,184,5.0,1.0,72.0,52.0,72.22222222222221
1520,1,113,178,20.0,1.0,94.0,60.0,63.829787234042556
420,1,142,183,5.0,1.0,55.0,33.0,60.0
1911,1,139,19,8.0,7.0,159.0,90.0,56.60377358490566
5314,1,102,19,10.0,5.0,111.0,60.0,54.054054054054056
1653,2,117,9,1.0,4.0,51.0,33.0,64.70588235294117
4173,2,85,69,7.0,9.0,92.0,59.0,64.13043478260869
2573,2,123,66,2.0,3.0,83.0,44.0,53.01204819277109
287,1,75,144,10.0,1.0,57.0,41.0,71.9298245614035
3688,2,179,23,5.0,2.0,110.0,75.0,68.18181818181817
1100,1,137,18,3.0,0.0,12.0,10.0,83.33333333333334
4158,1,199,63,6.0,4.0,62.0,44.0,70.96774193548387
4016,2,59,93,2.0,0.0,109.0,75.0,68.80733944954129
2045,2,31,6,1.0,2.0,44.0,33.0,75.0
4767,3,131,85,3.0,4.0,70.0,36.0,51.42857142857142
6354,3,180,61,12.0,8.0,119.0,68.0,57.14285714285714
3234,1,16,29,4.0,1.0,72.0,50.0,69.44444444444444
2415,1,120,65,8.0,6.0,76.0,47.0,61.8421052631579
2600,1,98,82,1.0,3.0,49.0,29.0,59.183673469387756
3382,1,165,5,16.0,5.0,140.0,89.0,63.57142857142857
3746,2,88,21,11.0,3.0,75.0,47.0,62.66666666666667
300,1,148,32,20.0,1.0,100.0,63.0,63.0
2424,3,47,85,2.0,1.0,54.0,36.0,66.66666666666666
3840,3,50,78,18.0,10.0,131.0,83.0,63.358778625954194
2311,1,30,30,12.0,1.0,75.0,49.0,65.33333333333333
6043,1,139,19,8.0,6.0,95.0,54.0,56.84210526315789
4148,1,146,30,5.0,3.0,96.0,58.0,60.416666666666664
2988,2,35,66,1.0,1.0,41.0,24.0,58.536585365853654
4727,1,81,65,7.0,4.0,63.0,36.0,57.14285714285714
6438,3,22,57,2.0,2.0,88.0,58.0,65.9090909090909
1292,2,14,25,2.0,2.0,46.0,28.0,60.86956521739131
3349,2,185,72,1.0,0.0,89.0,75.0,84.26966292134831
1438,1,82,64,4.0,2.0,50.0,35.0,70.0
2004,1,61,96,0.0,0.0,63.0,48.0,76.19047619047619
3396,1,8,18,6.0,1.0,66.0,38.0,57.57575757575758
1134,2,58,91,0.0,3.0,88.0,57.0,64.77272727272727
178,3,183,78,13.0,5.0,104.0,75.0,72.11538461538461
1458,2,85,150,4.0,4.0,110.0,64.0,58.18181818181818
264,1,30,30,12.0,2.0,104.0,69.0,66.34615384615384
380,1,52,5,8.0,8.0,99.0,57.0,57.57575757575758
769,1,137,18,10.0,1.0,107.0,68.0,63.55140186915887
3206,1,61,98,14.0,2.0,58.0,42.0,72.41379310344827
4716,1,144,155,6.0,0.0,63.0,41.0,65.07936507936508
4452,1,77,8,1.0,1.0,52.0,28.0,53.84615384615385
3966,2,13,23,9.0,1.0,119.0,64.0,53.78151260504202
1293,2,59,92,1.0,1.0,30.0,23.0,76.66666666666667
3480,1,30,30,6.0,4.0,57.0,38.0,66.66666666666666
3690,3,181,73,12.0,4.0,106.0,71.0,66.98113207547169
1100,2,58,91,8.0,1.0,55.0,29.0,52.72727272727272
4551,2,175,69,1.0,0.0,83.0,65.0,78.3132530120482
6226,2,21,81,4.0,1.0,80.0,51.0,63.74999999999999
6259,1,138,80,2.0,4.0,85.0,59.0,69.41176470588235
3717,1,6,12,0.0,3.0,66.0,46.0,69.6969696969697
1775,1,139,19,6.0,7.0,88.0,46.0,52.27272727272727
1084,1,82,64,4.0,1.0,67.0,37.0,55.223880597014926
4122,1,52,5,12.0,9.0,157.0,99.0,63.05732484076433
260,2,12,22,3.0,5.0,93.0,69.0,74.19354838709677
93,2,49,23,11.0,7.0,142.0,99.0,69.71830985915493
3248,2,128,23,1.0,6.0,165.0,103.0,62.42424242424243
2805,1,165,5,6.0,4.0,108.0,70.0,64.81481481481481
3984,1,9,19,9.0,2.0,87.0,58.0,66.66666666666666
3213,1,107,55,5.0,0.0,103.0,70.0,67.96116504854369
3382,1,81,65,13.0,1.0,71.0,46.0,64.7887323943662
6103,1,202,246,4.0,3.0,75.0,50.0,66.66666666666666
4028,2,178,62,6.0,4.0,86.0,60.0,69.76744186046511
2739,2,134,72,1.0,3.0,105.0,55.0,52.38095238095239
3382,1,74,1,16.0,0.0,76.0,60.0,78.94736842105263
3820,1,144,70,11.0,2.0,53.0,35.0,66.0377358490566
4082,3,22,73,7.0,3.0,111.0,76.0,68.46846846846847
2063,1,107,55,0.0,0.0,41.0,26.0,63.41463414634146
1910,1,142,183,11.0,1.0,131.0,73.0,55.72519083969466
5577,2,89,83,5.0,2.0,62.0,35.0,56.451612903225815
655,3,91,61,10.0,2.0,63.0,40.0,63.49206349206349
6226,1,164,4,12.0,1.0,85.0,59.0,69.41176470588235
218,2,126,21,0.0,0.0,48.0,34.0,70.83333333333334
2267,2,126,21,4.0,2.0,58.0,38.0,65.51724137931035
4603,1,190,19,5.0,11.0,124.0,65.0,52.41935483870967
554,2,48,76,14.0,9.0,72.0,47.0,65.27777777777779
2800,2,27,83,0.0,1.0,61.0,52.0,85.24590163934425
2228,1,25,79,25.0,4.0,105.0,68.0,64.76190476190476
3795,2,184,58,7.0,0.0,63.0,50.0,79.36507936507937
5606,2,80,17,0.0,0.0,48.0,34.0,70.83333333333334
6198,1,15,55,3.0,1.0,71.0,36.0,50.70422535211267
2669,1,119,16,7.0,4.0,63.0,40.0,63.49206349206349
713,1,30,30,5.0,1.0,78.0,52.0,66.66666666666666
2622,2,118,179,5.0,3.0,104.0,58.0,55.769230769230774
4125,2,175,69,2.0,0.0,35.0,24.0,68.57142857142857
4689,1,52,5,10.0,3.0,108.0,63.0,58.333333333333336
2316,1,80,15,3.0,0.0,57.0,45.0,78.94736842105263
1236,1,15,55,7.0,2.0,115.0,68.0,59.130434782608695
4093,1,121,64,8.0,0.0,46.0,28.0,60.86956521739131
3103,2,84,66,1.0,1.0,63.0,42.0,66.66666666666666
2900,1,143,184,9.0,1.0,76.0,56.0,73.68421052631578
826,1,168,12,14.0,1.0,69.0,39.0,56.52173913043478
3042,3,50,78,8.0,0.0,69.0,46.0,66.66666666666666
1091,1,32,64,4.0,1.0,88.0,50.0,56.81818181818182
2048,1,136,68,8.0,7.0,87.0,46.0,52.87356321839081
3409,2,79,147,7.0,2.0,55.0,36.0,65.45454545454545
353,2,167,6,2.0,6.0,75.0,49.0,65.33333333333333
39,1,171,65,1.0,5.0,52.0,35.0,67.3076923076923
5637,1,190,19,16.0,9.0,99.0,57.0,57.57575757575758
1055,1,167,146,7.0,0.0,109.0,77.0,70.64220183486239
3793,1,33,65,5.0,2.0,66.0,37.0,56.060606060606055
828,2,123,66,7.0,5.0,70.0,35.0,50.0
4857,2,89,83,0.0,2.0,65.0,37.0,56.92307692307692
891,1,17,30,2.0,4.0,43.0,23.0,53.48837209302325
4544,1,78,11,7.0,6.0,69.0,39.0,56.52173913043478
5276,1,141,154,4.0,2.0,82.0,53.0,64.63414634146342
3416,1,199,63,4.0,1.0,79.0,58.0,73.41772151898735
1047,3,94,78,6.0,2.0,93.0,53.0,56.98924731182796
4421,3,92,57,8.0,3.0,91.0,66.0,72.52747252747253
1745,1,18,31,4.0,5.0,92.0,60.0,65.21739130434783
1255,2,126,21,0.0,3.0,134.0,111.0,82.83582089552239
2864,1,165,5,16.0,2.0,185.0,108.0,58.37837837837838
3935,2,178,62,2.0,2.0,71.0,40.0,56.33802816901409
3500,2,122,81,1.0,1.0,68.0,43.0,63.23529411764706
1282,2,176,76,11.0,1.0,72.0,49.0,68.05555555555556
1344,2,59,92,4.0,5.0,128.0,71.0,55.46875
3353,3,47,85,4.0,2.0,98.0,56.0,57.14285714285714
3168,1,118,13,3.0,0.0,47.0,34.0,72.3404255319149
4188,2,35,66,6.0,7.0,74.0,32.0,43.24324324324324
1926,2,125,76,2.0,3.0,65.0,45.0,69.23076923076923
4213,1,7,16,17.0,8.0,115.0,65.0,56.52173913043478
1877,1,101,80,0.0,1.0,58.0,41.0,70.6896551724138
694,1,187,68,1.0,3.0,82.0,57.0,69.51219512195121
638,2,84,66,2.0,1.0,110.0,69.0,62.727272727272734
2057,3,47,75,3.0,2.0,60.0,37.0,61.66666666666667
6385,1,56,88,8.0,1.0,67.0,39.0,58.2089552238806
4214,3,130,73,10.0,3.0,106.0,65.0,61.32075471698113
1075,2,90,23,5.0,2.0,76.0,46.0,60.526315789473685
3213,3,47,85,1.0,0.0,22.0,12.0,54.54545454545454
2825,2,85,69,0.0,4.0,144.0,69.0,47.91666666666667
2069,3,132,78,11.0,5.0,127.0,78.0,61.417322834645674
2789,1,16,29,8.0,5.0,78.0,50.0,64.1025641025641
1242,1,2,4,4.0,2.0,91.0,50.0,54.94505494505495
584,1,74,1,1.0,1.0,13.0,4.0,30.76923076923077
1528,1,79,13,10.0,5.0,105.0,60.0,57.14285714285714
2833,1,172,64,8.0,2.0,110.0,64.0,58.18181818181818
3436,3,133,59,5.0,4.0,66.0,38.0,57.57575757575758
2129,1,15,55,6.0,1.0,82.0,52.0,63.41463414634146
2187,2,176,76,8.0,12.0,90.0,52.0,57.77777777777777
4257,1,62,107,2.0,0.0,93.0,70.0,75.26881720430107
933,1,74,1,6.0,7.0,57.0,36.0,63.1578947368421
3366,2,175,69,5.0,6.0,87.0,50.0,57.47126436781609
2243,1,80,15,8.0,4.0,56.0,31.0,55.35714285714286
6245,2,35,66,0.0,0.0,53.0,28.0,52.83018867924528
5774,1,38,68,4.0,1.0,50.0,38.0,76.0
596,1,62,104,4.0,4.0,91.0,52.0,57.14285714285714
2817,2,215,273,1.0,2.0,77.0,50.0,64.93506493506493
635,1,76,5,10.0,9.0,162.0,110.0,67.90123456790124
1042,2,124,56,3.0,4.0,51.0,26.0,50.98039215686274
2584,2,83,149,7.0,7.0,106.0,60.0,56.60377358490566
3993,1,172,64,14.0,1.0,92.0,69.0,75.0
4035,3,130,57,1.0,1.0,60.0,42.0,70.0
3533,2,118,179,3.0,0.0,56.0,39.0,69.64285714285714
147,2,24,22,2.0,4.0,82.0,52.0,63.41463414634146
1508,1,98,67,7.0,6.0,86.0,49.0,56.97674418604651
1665,1,39,18,11.0,2.0,61.0,39.0,63.934426229508205
3088,1,195,184,6.0,2.0,87.0,59.0,67.81609195402298
5653,3,133,59,20.0,3.0,114.0,73.0,64.03508771929825
3410,2,24,60,1.0,1.0,71.0,49.0,69.01408450704226
1079,1,31,7,14.0,2.0,108.0,56.0,51.85185185185185
2370,2,134,22,1.0,1.0,96.0,58.0,60.416666666666664
23,1,171,65,3.0,6.0,63.0,28.0,44.44444444444444
2271,1,136,68,4.0,0.0,53.0,25.0,47.16981132075472
2761,2,7,17,4.0,5.0,80.0,43.0,53.75
3595,3,24,59,5.0,1.0,80.0,47.0,58.75
4609,3,182,85,3.0,3.0,66.0,42.0,63.63636363636363
3239,1,194,183,2.0,3.0,80.0,45.0,56.25
995,2,49,23,2.0,3.0,90.0,59.0,65.55555555555556
1141,1,168,12,14.0,1.0,69.0,39.0,56.52173913043478
747,3,183,78,10.0,2.0,121.0,62.0,51.2396694214876
1134,1,16,29,0.0,0.0,48.0,29.0,60.416666666666664
5169,1,9,19,10.0,2.0,92.0,53.0,57.608695652173914
1445,1,15,27,0.0,0.0,75.0,52.0,69.33333333333334
3594,1,119,15,3.0,3.0,86.0,57.0,66.27906976744185
2048,1,30,30,7.0,3.0,76.0,56.0,73.68421052631578
3524,1,44,16,2.0,2.0,84.0,51.0,60.71428571428571
626,1,143,184,2.0,5.0,63.0,32.0,50.79365079365079
407,1,14,24,0.0,1.0,48.0,25.0,52.083333333333336
1424,1,115,5,16.0,7.0,111.0,62.0,55.85585585585585
2413,1,41,84,4.0,0.0,58.0,37.0,63.793103448275865
3011,1,118,13,4.0,2.0,70.0,45.0,64.28571428571429
287,1,28,74,19.0,7.0,116.0,58.0,50.0
6180,2,27,62,2.0,2.0,89.0,52.0,58.42696629213483
117,2,43,17,9.0,10.0,140.0,77.0,55.00000000000001
2622,1,147,63,1.0,2.0,47.0,28.0,59.57446808510638
556,2,168,9,5.0,3.0,94.0,63.0,67.02127659574468
2813,1,135,67,7.0,3.0,54.0,32.0,59.25925925925925
3141,2,11,21,3.0,1.0,63.0,40.0,63.49206349206349
3980,1,145,29,8.0,1.0,71.0,57.0,80.28169014084507
444,1,195,184,3.0,1.0,84.0,59.0,70.23809523809523
2261,1,108,159,0.0,1.0,34.0,22.0,64.70588235294117
5585,1,107,158,5.0,0.0,35.0,20.0,57.14285714285714
1632,1,137,18,4.0,5.0,67.0,33.0,49.25373134328358
3222,2,24,22,0.0,0.0,41.0,29.0,70.73170731707317
3283,2,59,93,2.0,3.0,49.0,27.0,55.10204081632652
3661,2,176,76,8.0,1.0,43.0,33.0,76.74418604651163
3024,3,181,57,2.0,0.0,56.0,43.0,76.78571428571429
2687,1,197,159,5.0,3.0,63.0,33.0,52.38095238095239
1919,1,103,63,2.0,0.0,18.0,8.0,44.44444444444444
2882,1,8,18,4.0,6.0,98.0,56.0,57.14285714285714
1739,1,140,181,2.0,0.0,72.0,40.0,55.55555555555556
1641,1,32,64,2.0,0.0,60.0,39.0,65.0
1372,1,111,32,9.0,0.0,50.0,30.0,60.0
877,2,31,6,5.0,2.0,105.0,63.0,60.0
609,3,181,73,15.0,2.0,93.0,62.0,66.66666666666666
5456,1,33,65,0.0,1.0,45.0,31.0,68.88888888888889
298,2,40,69,6.0,0.0,90.0,61.0,67.77777777777779
2211,1,63,99,8.0,2.0,68.0,39.0,57.35294117647059
5940,1,165,5,7.0,3.0,105.0,66.0,62.857142857142854
445,1,18,31,4.0,4.0,89.0,54.0,60.67415730337079
3647,1,190,19,4.0,6.0,79.0,43.0,54.43037974683544
4024,1,171,65,4.0,0.0,71.0,45.0,63.38028169014085
3444,3,92,73,0.0,2.0,36.0,26.0,72.22222222222221
3023,1,82,64,7.0,1.0,68.0,39.0,57.35294117647059
2617,1,119,16,7.0,2.0,69.0,38.0,55.072463768115945
1764,3,132,78,5.0,5.0,101.0,61.0,60.396039603960396
1836,2,128,23,12.0,8.0,184.0,112.0,60.86956521739131
846,1,6,13,3.0,3.0,61.0,39.0,63.934426229508205
3469,2,85,150,4.0,2.0,78.0,41.0,52.56410256410257
4810,2,122,148,6.0,0.0,33.0,16.0,48.484848484848484
785,1,163,218,6.0,1.0,41.0,26.0,63.41463414634146
3165,3,130,73,8.0,0.0,84.0,52.0,61.904761904761905
6440,1,185,79,2.0,1.0,65.0,36.0,55.38461538461539
2673,1,102,19,9.0,9.0,94.0,62.0,65.95744680851064
2009,1,214,258,8.0,0.0,40.0,25.0,62.5
5727,1,31,7,18.0,2.0,61.0,48.0,78.68852459016394
3811,3,183,78,10.0,1.0,144.0,88.0,61.111111111111114
4230,2,25,20,2.0,2.0,55.0,24.0,43.63636363636363
2693,1,29,63,6.0,3.0,94.0,54.0,57.446808510638306
5998,1,144,70,4.0,2.0,72.0,44.0,61.111111111111114
3627,1,137,18,3.0,5.0,71.0,35.0,49.29577464788733
1894,2,49,23,23.0,2.0,89.0,62.0,69.66292134831461
1452,2,36,21,18.0,1.0,84.0,48.0,57.14285714285714
5601,3,182,75,5.0,0.0,54.0,31.0,57.407407407407405
2538,3,132,78,2.0,3.0,97.0,56.0,57.73195876288659
1714,1,45,12,4.0,1.0,51.0,31.0,60.78431372549019
2988,1,5,11,4.0,1.0,80.0,47.0,58.75
2832,2,49,23,25.0,11.0,181.0,91.0,50.27624309392266
6406,1,144,70,0.0,3.0,61.0,40.0,65.57377049180327
3224,1,215,262,10.0,2.0,50.0,28.0,56.00000000000001
3438,1,102,19,17.0,3.0,108.0,66.0,61.111111111111114
2316,2,40,69,3.0,3.0,56.0,35.0,62.5
3535,1,195,184,5.0,1.0,48.0,36.0,75.0
236,1,145,159,7.0,1.0,91.0,65.0,71.42857142857143
2852,1,144,155,13.0,3.0,119.0,88.0,73.94957983193278
3393,3,130,73,14.0,8.0,113.0,68.0,60.17699115044248
2562,3,94,78,9.0,4.0,100.0,59.0,59.0
2876,1,196,70,14.0,2.0,98.0,67.0,68.36734693877551
5560,2,170,17,3.0,2.0,71.0,40.0,56.33802816901409
428,2,87,76,11.0,4.0,89.0,69.0,77.52808988764045
641,2,124,56,5.0,0.0,80.0,48.0,60.0
3798,3,50,78,5.0,1.0,102.0,64.0,62.745098039215684
2051,1,167,13,8.0,2.0,51.0,29.0,56.86274509803921
2218,1,172,64,3.0,2.0,50.0,32.0,64.0
3309,1,5,10,7.0,2.0,78.0,49.0,62.82051282051282
2400,2,87,76,11.0,1.0,78.0,50.0,64.1025641025641
3346,3,50,78,0.0,4.0,96.0,60.0,62.5
3980,1,139,19,12.0,7.0,160.0,86.0,53.75
394,1,29,63,4.0,1.0,111.0,79.0,71.17117117117117
2109,1,139,19,8.0,0.0,64.0,42.0,65.625
6108,2,122,149,1.0,3.0,82.0,52.0,63.41463414634146
3268,2,96,22,2.0,1.0,53.0,40.0,75.47169811320755
1453,3,180,151,10.0,2.0,87.0,57.0,65.51724137931035
5109,3,94,78,23.0,10.0,210.0,113.0,53.80952380952381
648,1,137,18,1.0,4.0,44.0,22.0,50.0
208,1,38,68,4.0,5.0,86.0,47.0,54.65116279069767
5807,1,100,18,10.0,2.0,115.0,64.0,55.65217391304348
3915,1,165,5,6.0,4.0,117.0,78.0,66.66666666666666
2431,1,197,159,13.0,1.0,93.0,68.0,73.11827956989248
5961,2,177,21,5.0,6.0,117.0,69.0,58.97435897435898
1689,2,96,22,5.0,3.0,103.0,54.0,52.42718446601942
757,2,40,77,5.0,1.0,57.0,39.0,68.42105263157895
693,1,7,16,9.0,3.0,122.0,65.0,53.278688524590166
1708,2,173,81,4.0,2.0,50.0,28.0,56.00000000000001
886,2,88,21,3.0,1.0,91.0,55.0,60.43956043956044
2377,1,139,19,19.0,3.0,121.0,76.0,62.8099173553719
70,1,75,144,4.0,2.0,77.0,56.0,72.72727272727273
1104,2,40,69,6.0,1.0,80.0,52.0,65.0
1989,1,1,1,15.0,1.0,70.0,48.0,68.57142857142857
2655,2,186,221,5.0,0.0,56.0,36.0,64.28571428571429
4664,2,185,72,0.0,2.0,35.0,22.0,62.857142857142854
1061,1,120,65,1.0,5.0,46.0,26.0,56.52173913043478
3,1,33,65,2.0,2.0,55.0,43.0,78.18181818181819
2491,1,146,30,1.0,5.0,64.0,41.0,64.0625
6031,2,84,66,2.0,0.0,65.0,38.0,58.46153846153847
2884,2,124,56,2.0,2.0,79.0,50.0,63.29113924050633
1044,2,177,21,5.0,4.0,103.0,64.0,62.13592233009708
2211,1,115,5,14.0,7.0,147.0,95.0,64.62585034013605
3835,1,167,146,7.0,0.0,45.0,35.0,77.77777777777779
1220,2,14,25,3.0,2.0,63.0,36.0,57.14285714285714
4660,1,190,19,11.0,0.0,81.0,51.0,62.96296296296296
788,2,84,66,2.0,5.0,56.0,35.0,62.5
6264,1,108,29,9.0,0.0,52.0,36.0,69.23076923076923
161,1,106,156,7.0,1.0,59.0,39.0,66.10169491525424
209,2,126,21,0.0,5.0,69.0,40.0,57.971014492753625
1990,1,199,77,4.0,3.0,73.0,44.0,60.273972602739725
4648,1,30,30,0.0,1.0,48.0,25.0,52.083333333333336
1514,1,168,11,6.0,0.0,63.0,37.0,58.730158730158735
200,2,128,23,6.0,3.0,80.0,48.0,60.0
723,1,9,19,14.0,1.0,72.0,43.0,59.72222222222222
1886,1,121,64,3.0,1.0,47.0,31.0,65.95744680851064
455,1,62,104,4.0,4.0,91.0,52.0,57.14285714285714
687,2,126,21,4.0,1.0,56.0,38.0,67.85714285714286
413,2,173,148,4.0,0.0,72.0,50.0,69.44444444444444
630,1,38,68,10.0,9.0,74.0,32.0,43.24324324324324
1575,1,196,55,8.0,0.0,52.0,32.0,61.53846153846154
1711,1,74,143,2.0,5.0,67.0,32.0,47.76119402985074
1242,3,183,78,12.0,7.0,106.0,63.0,59.43396226415094
2352,1,168,11,4.0,0.0,48.0,29.0,60.416666666666664
702,2,177,21,7.0,4.0,94.0,57.0,60.63829787234043
840,1,119,15,2.0,0.0,43.0,25.0,58.139534883720934
890,2,85,69,3.0,3.0,56.0,37.0,66.07142857142857
293,1,101,80,12.0,3.0,114.0,70.0,61.40350877192983
2992,2,177,21,2.0,0.0,58.0,39.0,67.24137931034483
2234,2,125,76,1.0,1.0,89.0,65.0,73.03370786516854
3599,1,103,94,6.0,1.0,69.0,47.0,68.11594202898551
1905,1,82,64,4.0,2.0,68.0,41.0,60.29411764705882
2438,2,177,21,8.0,1.0,50.0,30.0,60.0
1668,3,183,78,10.0,0.0,91.0,48.0,52.74725274725275
1937,1,187,68,12.0,2.0,103.0,66.0,64.07766990291263
1964,2,135,20,5.0,7.0,108.0,58.0,53.70370370370371
3165,1,97,79,5.0,2.0,46.0,32.0,69.56521739130434
709,1,16,28,7.0,4.0,74.0,34.0,45.94594594594595
4907,1,52,5,4.0,4.0,127.0,75.0,59.055118110236215
652,1,105,154,9.0,2.0,65.0,49.0,75.38461538461539
5658,1,167,13,3.0,2.0,62.0,40.0,64.51612903225806
4084,1,167,13,3.0,2.0,62.0,40.0,64.51612903225806
667,1,74,143,2.0,5.0,67.0,32.0,47.76119402985074
796,2,84,66,3.0,3.0,100.0,55.0,55.00000000000001
4658,1,116,146,9.0,3.0,56.0,35.0,62.5
2060,2,176,76,9.0,2.0,77.0,52.0,67.53246753246754
5773,1,75,145,7.0,5.0,50.0,34.0,68.0
1374,1,82,64,3.0,0.0,46.0,33.0,71.73913043478261
774,1,34,11,6.0,2.0,88.0,50.0,56.81818181818182
1924,1,113,142,4.0,0.0,79.0,61.0,77.21518987341773
1758,1,170,16,21.0,6.0,122.0,82.0,67.21311475409836
819,3,183,78,14.0,2.0,92.0,58.0,63.04347826086957
436,2,35,66,1.0,1.0,59.0,46.0,77.96610169491525
713,1,39,18,15.0,8.0,107.0,60.0,56.074766355140184
2676,1,112,168,9.0,3.0,86.0,51.0,59.30232558139535
5905,1,9,19,2.0,0.0,66.0,47.0,71.21212121212122
2070,1,117,12,10.0,0.0,68.0,37.0,54.41176470588235
3431,1,82,64,1.0,0.0,89.0,66.0,74.15730337078652
2851,2,13,23,1.0,5.0,189.0,124.0,65.60846560846561
5470,1,147,31,5.0,1.0,41.0,25.0,60.97560975609756
2822,2,173,148,7.0,2.0,77.0,52.0,67.53246753246754
25,2,27,62,2.0,1.0,58.0,39.0,67.24137931034483
324,3,47,85,9.0,4.0,75.0,51.0,68.0
3710,1,199,77,9.0,2.0,101.0,71.0,70.29702970297029
1189,1,111,32,7.0,4.0,69.0,49.0,71.01449275362319
4028,2,59,92,3.0,5.0,118.0,75.0,63.559322033898304
4435,3,94,78,10.0,7.0,130.0,79.0,60.76923076923077
1281,1,43,13,2.0,0.0,56.0,34.0,60.71428571428571
4445,1,1,2,10.0,4.0,66.0,41.0,62.121212121212125
38,1,74,1,2.0,0.0,63.0,34.0,53.96825396825397
4524,1,78,11,4.0,3.0,64.0,26.0,40.625
6336,2,123,66,2.0,2.0,68.0,46.0,67.64705882352942
1914,2,174,66,0.0,1.0,50.0,37.0,74.0
3676,1,41,70,10.0,0.0,103.0,66.0,64.07766990291263
2521,3,94,78,3.0,6.0,90.0,61.0,67.77777777777779
2043,1,115,5,1.0,1.0,91.0,56.0,61.53846153846154
5734,2,128,23,0.0,5.0,90.0,59.0,65.55555555555556
368,2,86,81,1.0,0.0,54.0,40.0,74.07407407407408
2039,1,115,5,6.0,2.0,82.0,54.0,65.85365853658537
2310,1,23,82,21.0,0.0,50.0,33.0,66.0
1794,2,21,56,5.0,4.0,85.0,52.0,61.1764705882353
2572,2,35,66,3.0,0.0,58.0,39.0,67.24137931034483
4386,1,14,24,0.0,2.0,57.0,33.0,57.89473684210527
761,1,42,55,2.0,1.0,88.0,58.0,65.9090909090909
3299,1,193,155,14.0,2.0,74.0,44.0,59.45945945945946
3626,2,185,72,1.0,4.0,126.0,91.0,72.22222222222221
1038,1,34,11,6.0,0.0,56.0,36.0,64.28571428571429
1314,3,132,78,11.0,8.0,145.0,89.0,61.37931034482759
6346,2,135,20,1.0,5.0,60.0,36.0,60.0
3962,3,132,78,6.0,0.0,92.0,39.0,42.391304347826086
5345,1,144,155,11.0,2.0,71.0,45.0,63.38028169014085
4701,1,137,18,3.0,5.0,86.0,47.0,54.65116279069767
3244,2,125,76,4.0,1.0,86.0,54.0,62.7906976744186
4190,1,2,3,9.0,1.0,55.0,27.0,49.09090909090909
2571,1,169,2,2.0,5.0,79.0,54.0,68.35443037974683
3790,2,89,83,1.0,6.0,92.0,42.0,45.65217391304348
59,2,12,22,2.0,1.0,60.0,37.0,61.66666666666667
2602,1,32,64,2.0,5.0,58.0,36.0,62.06896551724138
5943,1,114,4,5.0,0.0,35.0,24.0,68.57142857142857
653,1,39,18,17.0,1.0,68.0,48.0,70.58823529411765
354,1,43,2,17.0,5.0,110.0,70.0,63.63636363636363
641,1,171,65,2.0,1.0,63.0,34.0,53.96825396825397
2308,2,85,69,1.0,2.0,135.0,94.0,69.62962962962963
6410,2,169,179,2.0,0.0,43.0,34.0,79.06976744186046
2421,1,200,32,9.0,0.0,46.0,27.0,58.69565217391305
6440,3,182,75,8.0,2.0,93.0,56.0,60.215053763440864
2284,2,178,83,4.0,4.0,114.0,60.0,52.63157894736842
1778,2,126,21,4.0,1.0,45.0,26.0,57.77777777777777
2632,1,193,155,4.0,3.0,118.0,68.0,57.6271186440678
1944,3,94,78,16.0,2.0,104.0,66.0,63.46153846153846
6422,1,188,18,21.0,2.0,114.0,70.0,61.40350877192983
798,3,181,73,7.0,1.0,56.0,44.0,78.57142857142857
3687,1,138,80,6.0,6.0,69.0,36.0,52.17391304347826
4821,1,31,7,4.0,4.0,59.0,37.0,62.71186440677966
2311,2,127,62,8.0,5.0,78.0,41.0,52.56410256410257
3771,1,28,29,4.0,2.0,74.0,51.0,68.91891891891892
1628,3,93,75,3.0,2.0,86.0,60.0,69.76744186046511
3014,1,81,65,8.0,7.0,85.0,50.0,58.82352941176471
3256,1,17,30,12.0,2.0,80.0,53.0,66.25
589,2,27,62,3.0,0.0,34.0,27.0,79.41176470588235
810,3,181,73,15.0,2.0,93.0,62.0,66.66666666666666
5896,2,124,56,0.0,2.0,27.0,18.0,66.66666666666666
808,1,9,19,4.0,1.0,149.0,106.0,71.14093959731544
2781,1,80,16,6.0,1.0,42.0,24.0,57.14285714285714
1541,1,191,222,3.0,1.0,71.0,53.0,74.64788732394366
5581,1,144,155,1.0,1.0,54.0,39.0,72.22222222222221
1440,2,125,76,8.0,3.0,102.0,56.0,54.90196078431373
918,1,77,8,4.0,2.0,57.0,37.0,64.91228070175438
130,1,42,71,6.0,5.0,63.0,41.0,65.07936507936508
5045,1,60,120,1.0,2.0,36.0,22.0,61.111111111111114
4769,1,69,118,12.0,6.0,109.0,67.0,61.46788990825688
22,1,79,12,1.0,0.0,52.0,32.0,61.53846153846154
2142,1,99,68,20.0,2.0,99.0,61.0,61.61616161616161
2844,2,179,23,5.0,1.0,68.0,48.0,70.58823529411765
2515,1,140,182,2.0,0.0,64.0,36.0,56.25
4927,1,116,7,25.0,5.0,104.0,62.0,59.61538461538461
56,2,7,17,2.0,2.0,62.0,43.0,69.35483870967742
3067,1,206,190,9.0,3.0,73.0,48.0,65.75342465753424
2414,2,125,76,9.0,4.0,83.0,55.0,66.26506024096386
1426,1,100,18,6.0,13.0,141.0,78.0,55.319148936170215
3881,1,117,11,9.0,3.0,54.0,27.0,50.0
6449,1,106,156,3.0,1.0,54.0,37.0,68.51851851851852
2574,1,56,88,9.0,1.0,69.0,43.0,62.31884057971014
3335,2,86,56,2.0,0.0,48.0,35.0,72.91666666666666
2129,1,151,191,2.0,2.0,71.0,42.0,59.154929577464785
2434,3,92,73,0.0,3.0,57.0,39.0,68.42105263157895
315,1,101,80,6.0,3.0,67.0,43.0,64.17910447761194
6096,3,132,78,3.0,3.0,106.0,62.0,58.490566037735846
3354,1,140,182,2.0,0.0,64.0,36.0,56.25
979,1,81,65,4.0,2.0,67.0,42.0,62.68656716417911
75,1,76,5,16.0,6.0,88.0,48.0,54.54545454545454
1880,3,182,85,8.0,1.0,108.0,61.0,56.481481481481474
5516,1,102,19,12.0,5.0,160.0,114.0,71.25
1254,2,43,17,7.0,0.0,77.0,53.0,68.83116883116884
1554,1,77,8,11.0,3.0,106.0,58.0,54.71698113207547
1051,1,113,142,4.0,1.0,20.0,14.0,70.0
631,1,99,68,18.0,3.0,76.0,53.0,69.73684210526315
5559,1,115,5,3.0,3.0,107.0,72.0,67.28971962616822
1743,1,142,183,2.0,3.0,97.0,57.0,58.76288659793815
5708,1,102,19,3.0,8.0,102.0,73.0,71.56862745098039
5392,1,103,63,5.0,0.0,61.0,36.0,59.01639344262295
494,1,167,13,14.0,0.0,48.0,31.0,64.58333333333334
2835,1,147,31,15.0,1.0,109.0,71.0,65.13761467889908
5607,3,183,78,19.0,2.0,146.0,96.0,65.75342465753424
1576,2,96,22,2.0,1.0,65.0,38.0,58.46153846153847
3999,1,77,7,5.0,7.0,52.0,26.0,50.0
3248,2,126,21,1.0,3.0,51.0,28.0,54.90196078431373
3256,1,194,183,5.0,3.0,61.0,29.0,47.540983606557376
2683,1,163,218,3.0,2.0,69.0,37.0,53.62318840579711
2248,2,6,14,4.0,5.0,99.0,74.0,74.74747474747475
754,2,128,23,13.0,10.0,144.0,93.0,64.58333333333334
3852,3,130,57,2.0,4.0,60.0,34.0,56.666666666666664
638,2,96,22,3.0,1.0,74.0,49.0,66.21621621621621
807,2,11,21,1.0,3.0,60.0,37.0,61.66666666666667
2637,3,131,85,2.0,1.0,72.0,52.0,72.22222222222221
2531,2,168,9,8.0,3.0,102.0,54.0,52.94117647058824
1265,1,165,5,8.0,2.0,107.0,69.0,64.48598130841121
1551,1,107,70,2.0,4.0,66.0,43.0,65.15151515151516
3313,1,38,68,22.0,5.0,111.0,64.0,57.65765765765766
3626,1,171,65,1.0,3.0,119.0,85.0,71.42857142857143
3662,1,14,24,4.0,3.0,47.0,28.0,59.57446808510638
1241,1,119,16,9.0,1.0,72.0,47.0,65.27777777777779
2338,2,184,58,6.0,4.0,85.0,57.0,67.05882352941175
3386,2,174,66,3.0,2.0,60.0,40.0,66.66666666666666
23,2,49,23,3.0,3.0,108.0,76.0,70.37037037037037
3040,3,132,78,7.0,5.0,123.0,80.0,65.04065040650406
2777,3,130,57,5.0,0.0,77.0,48.0,62.33766233766234
1427,1,136,68,9.0,5.0,61.0,43.0,70.49180327868852
5039,3,184,59,8.0,1.0,48.0,26.0,54.166666666666664
5514,1,144,55,6.0,2.0,56.0,37.0,66.07142857142857
670,1,135,67,1.0,2.0,61.0,41.0,67.21311475409836
4193,1,197,159,17.0,2.0,63.0,38.0,60.317460317460316
4104,2,175,56,9.0,0.0,40.0,25.0,62.5
4909,3,50,78,3.0,2.0,96.0,55.0,57.291666666666664
5226,2,11,21,12.0,1.0,79.0,53.0,67.08860759493672
5089,1,143,184,11.0,3.0,104.0,63.0,60.57692307692307
1056,1,146,30,6.0,8.0,113.0,67.0,59.29203539823009
3461,1,141,154,11.0,5.0,77.0,47.0,61.038961038961034
3604,1,102,19,17.0,3.0,117.0,56.0,47.863247863247864
202,2,58,91,8.0,5.0,102.0,57.0,55.88235294117647
1769,2,83,148,11.0,3.0,90.0,64.0,71.11111111111111
873,1,172,64,28.0,1.0,87.0,63.0,72.41379310344827
1046,2,48,76,5.0,2.0,67.0,48.0,71.64179104477611
1481,2,31,6,3.0,4.0,97.0,62.0,63.91752577319587
3085,1,139,19,15.0,1.0,116.0,62.0,53.44827586206896
5416,3,132,78,5.0,3.0,75.0,44.0,58.666666666666664
3636,1,146,30,3.0,1.0,40.0,29.0,72.5
401,1,116,7,19.0,14.0,123.0,69.0,56.09756097560976
623,1,56,86,2.0,5.0,75.0,49.0,65.33333333333333
5306,3,131,85,11.0,3.0,88.0,59.0,67.04545454545455
3470,1,32,64,11.0,5.0,74.0,56.0,75.67567567567568
3542,2,83,149,0.0,5.0,70.0,44.0,62.857142857142854
1911,1,30,30,5.0,1.0,43.0,27.0,62.7906976744186
2923,1,196,70,16.0,1.0,85.0,46.0,54.11764705882353
305,1,187,68,6.0,0.0,36.0,28.0,77.77777777777779
1449,3,47,75,16.0,2.0,114.0,65.0,57.01754385964912
269,1,9,19,12.0,3.0,70.0,48.0,68.57142857142857
4087,1,145,159,23.0,0.0,99.0,60.0,60.60606060606061
5897,2,126,21,1.0,1.0,63.0,43.0,68.25396825396825
762,1,39,18,8.0,2.0,82.0,46.0,56.09756097560976
3813,1,81,65,0.0,3.0,57.0,33.0,57.89473684210527
192,2,58,90,0.0,4.0,82.0,57.0,69.51219512195121
910,2,84,66,3.0,2.0,83.0,55.0,66.26506024096386
3426,1,28,29,0.0,2.0,55.0,38.0,69.0909090909091
680,3,180,151,7.0,3.0,75.0,44.0,58.666666666666664
2154,1,148,32,5.0,0.0,47.0,34.0,72.3404255319149
516,1,190,19,5.0,1.0,50.0,30.0,60.0
5345,1,98,67,11.0,2.0,49.0,28.0,57.14285714285714
1973,1,100,18,11.0,1.0,62.0,45.0,72.58064516129032
3146,1,51,19,8.0,1.0,87.0,68.0,78.16091954022988
4926,2,125,76,5.0,1.0,62.0,39.0,62.903225806451616
4021,3,130,73,11.0,2.0,93.0,48.0,51.61290322580645
2622,1,107,158,2.0,2.0,58.0,33.0,56.896551724137936
798,1,51,19,11.0,3.0,53.0,43.0,81.13207547169812
645,1,134,79,6.0,1.0,81.0,51.0,62.96296296296296
3203,1,106,156,5.0,4.0,68.0,42.0,61.76470588235294
3437,2,125,76,10.0,3.0,82.0,56.0,68.29268292682927
2020,1,197,29,7.0,1.0,106.0,66.0,62.264150943396224
3657,1,1,2,0.0,3.0,62.0,48.0,77.41935483870968
4659,1,44,15,2.0,0.0,48.0,25.0,52.083333333333336
3543,2,186,221,10.0,0.0,61.0,41.0,67.21311475409836
5685,3,50,78,0.0,3.0,112.0,85.0,75.89285714285714
1110,1,120,65,28.0,18.0,94.0,44.0,46.808510638297875
1884,1,5,10,2.0,0.0,53.0,33.0,62.264150943396224
281,1,104,152,7.0,0.0,60.0,36.0,60.0
3488,2,117,9,4.0,2.0,102.0,73.0,71.56862745098039
4005,1,99,68,4.0,0.0,47.0,33.0,70.2127659574468
1241,3,130,73,5.0,3.0,77.0,46.0,59.74025974025974
2358,1,144,55,11.0,0.0,79.0,57.0,72.15189873417721
3739,1,113,178,5.0,4.0,61.0,37.0,60.65573770491803
2562,2,97,72,2.0,1.0,61.0,38.0,62.295081967213115
2034,1,140,181,5.0,0.0,50.0,31.0,62.0
2666,2,186,221,6.0,3.0,103.0,73.0,70.87378640776699
5347,1,9,19,10.0,3.0,115.0,71.0,61.73913043478261
5612,2,184,58,2.0,6.0,68.0,33.0,48.529411764705884
886,1,55,1,4.0,1.0,66.0,38.0,57.57575757575758
1080,1,98,67,3.0,1.0,94.0,62.0,65.95744680851064
6368,1,42,71,6.0,3.0,73.0,45.0,61.64383561643836
750,2,174,66,7.0,3.0,84.0,50.0,59.523809523809526
1740,1,3,5,4.0,5.0,108.0,60.0,55.55555555555556
1655,1,114,144,3.0,3.0,93.0,56.0,60.215053763440864
165,1,196,224,6.0,1.0,81.0,58.0,71.60493827160494
4828,1,16,28,7.0,3.0,70.0,56.0,80.0
1889,1,143,184,6.0,2.0,54.0,34.0,62.96296296296296
4524,1,102,19,3.0,2.0,73.0,39.0,53.42465753424658
5570,2,6,14,0.0,3.0,99.0,67.0,67.67676767676768
5918,1,189,80,6.0,4.0,83.0,53.0,63.85542168674698
2180,1,45,12,6.0,4.0,60.0,36.0,60.0
502,1,39,18,4.0,3.0,61.0,33.0,54.09836065573771
794,1,195,184,6.0,4.0,108.0,77.0,71.29629629629629
685,2,90,23,0.0,7.0,127.0,98.0,77.16535433070865
468,1,7,15,2.0,2.0,52.0,36.0,69.23076923076923
1543,2,126,21,5.0,3.0,65.0,44.0,67.6923076923077
4373,1,52,5,6.0,8.0,138.0,81.0,58.69565217391305
275,1,68,117,9.0,2.0,43.0,32.0,74.4186046511628
22,2,36,21,3.0,2.0,63.0,42.0,66.66666666666666
2569,1,172,64,10.0,1.0,68.0,41.0,60.29411764705882
585,1,28,74,9.0,0.0,45.0,31.0,68.88888888888889
3858,2,89,62,11.0,2.0,117.0,79.0,67.52136752136752
3492,1,196,55,11.0,1.0,68.0,46.0,67.64705882352942
4182,2,25,20,2.0,7.0,104.0,60.0,57.692307692307686
1505,2,21,56,3.0,7.0,105.0,56.0,53.333333333333336
5891,2,124,56,10.0,5.0,99.0,58.0,58.58585858585859
960,1,29,63,10.0,1.0,94.0,64.0,68.08510638297872
3640,1,169,2,5.0,2.0,71.0,45.0,63.38028169014085
2317,1,32,64,7.0,1.0,55.0,31.0,56.36363636363636
1757,1,163,219,5.0,4.0,62.0,39.0,62.903225806451616
5256,2,175,220,3.0,1.0,101.0,72.0,71.28712871287128
3621,1,165,5,11.0,10.0,180.0,110.0,61.111111111111114
2277,1,119,15,2.0,3.0,66.0,42.0,63.63636363636363
5778,1,171,65,0.0,1.0,44.0,29.0,65.9090909090909
5873,1,202,246,11.0,6.0,81.0,51.0,62.96296296296296
1960,1,107,55,5.0,1.0,37.0,21.0,56.75675675675676
3242,1,171,65,14.0,1.0,53.0,36.0,67.9245283018868
5145,1,44,16,3.0,4.0,82.0,47.0,57.3170731707317
2446,2,86,81,4.0,0.0,64.0,41.0,64.0625
802,2,77,6,5.0,0.0,45.0,30.0,66.66666666666666
3966,1,100,18,13.0,6.0,113.0,69.0,61.06194690265486
2863,3,180,61,6.0,0.0,108.0,72.0,66.66666666666666
4095,1,78,11,8.0,2.0,57.0,32.0,56.14035087719298
621,3,132,78,6.0,5.0,117.0,78.0,66.66666666666666
3023,2,122,81,3.0,2.0,66.0,35.0,53.03030303030303
2423,2,128,23,8.0,5.0,108.0,77.0,71.29629629629629
1654,2,168,9,2.0,5.0,87.0,41.0,47.12643678160919
4959,1,39,18,1.0,2.0,65.0,46.0,70.76923076923077
2605,1,98,82,5.0,1.0,55.0,34.0,61.81818181818181
943,3,92,73,0.0,2.0,66.0,41.0,62.121212121212125
2766,1,102,19,7.0,7.0,89.0,46.0,51.68539325842697
5509,2,4,6,5.0,2.0,83.0,52.0,62.65060240963856
3257,3,22,57,9.0,1.0,51.0,30.0,58.82352941176471
2452,1,103,63,0.0,0.0,61.0,43.0,70.49180327868852
3392,1,169,2,5.0,1.0,76.0,49.0,64.47368421052632
2966,2,122,149,5.0,4.0,52.0,29.0,55.769230769230774
4530,1,102,19,6.0,5.0,87.0,52.0,59.77011494252874
3593,1,187,68,4.0,5.0,79.0,54.0,68.35443037974683
609,2,49,23,0.0,4.0,76.0,50.0,65.78947368421053
2346,1,190,19,27.0,5.0,106.0,56.0,52.83018867924528
999,1,119,16,2.0,1.0,56.0,44.0,78.57142857142857
2655,2,49,23,11.0,2.0,132.0,93.0,70.45454545454545
2928,1,141,154,5.0,2.0,61.0,42.0,68.85245901639344
2730,2,4,6,14.0,9.0,114.0,60.0,52.63157894736842
3377,1,108,29,5.0,1.0,54.0,33.0,61.111111111111114
4087,3,92,73,10.0,2.0,71.0,33.0,46.478873239436616
2621,1,114,144,4.0,1.0,70.0,45.0,64.28571428571429
2339,2,83,149,5.0,3.0,92.0,67.0,72.82608695652173
2593,2,126,21,3.0,1.0,71.0,45.0,63.38028169014085
2439,2,177,21,13.0,2.0,118.0,78.0,66.10169491525424
2342,1,79,12,0.0,3.0,63.0,47.0,74.60317460317461
4000,2,80,17,2.0,2.0,111.0,78.0,70.27027027027027
2304,1,57,87,1.0,3.0,56.0,35.0,62.5
6036,1,76,5,10.0,7.0,172.0,96.0,55.81395348837209
5769,3,92,73,13.0,7.0,69.0,36.0,52.17391304347826
2127,1,57,87,6.0,7.0,82.0,44.0,53.65853658536586
4216,1,108,29,7.0,0.0,49.0,37.0,75.51020408163265
5861,2,124,56,10.0,2.0,91.0,60.0,65.93406593406593
995,1,37,67,3.0,3.0,69.0,39.0,56.52173913043478
5226,2,11,21,4.0,1.0,48.0,32.0,66.66666666666666
3201,2,83,148,7.0,3.0,59.0,32.0,54.23728813559322
2731,1,171,65,3.0,2.0,51.0,27.0,52.94117647058824
4687,2,124,69,1.0,5.0,42.0,22.0,52.38095238095239
4070,1,144,155,3.0,2.0,61.0,38.0,62.295081967213115
2298,1,52,5,18.0,5.0,106.0,70.0,66.0377358490566
1169,1,120,65,2.0,3.0,51.0,30.0,58.82352941176471
5399,1,41,70,11.0,1.0,46.0,31.0,67.3913043478261
2536,2,124,56,5.0,2.0,97.0,56.0,57.73195876288659
943,1,52,5,13.0,0.0,115.0,82.0,71.30434782608695
2574,1,145,159,9.0,2.0,95.0,60.0,63.1578947368421
748,1,143,184,15.0,2.0,92.0,60.0,65.21739130434783
1608,1,51,19,9.0,5.0,101.0,64.0,63.366336633663366
1438,1,30,30,4.0,0.0,58.0,43.0,74.13793103448276
4177,2,186,221,0.0,0.0,57.0,52.0,91.22807017543859
1679,1,109,30,10.0,7.0,102.0,60.0,58.82352941176471
1661,3,132,78,15.0,3.0,112.0,77.0,68.75
2935,3,95,59,22.0,2.0,66.0,47.0,71.21212121212122
2674,1,196,55,1.0,1.0,50.0,38.0,76.0
313,2,170,17,3.0,2.0,71.0,40.0,56.33802816901409
1038,1,108,29,13.0,0.0,73.0,52.0,71.23287671232876
1493,2,119,17,0.0,2.0,45.0,30.0,66.66666666666666
3461,1,146,30,8.0,2.0,51.0,32.0,62.745098039215684
3926,2,86,81,1.0,2.0,78.0,41.0,52.56410256410257
6058,2,135,20,7.0,2.0,72.0,39.0,54.166666666666664
1594,1,82,64,7.0,2.0,85.0,55.0,64.70588235294117
599,3,50,78,4.0,6.0,115.0,75.0,65.21739130434783
3535,3,92,57,4.0,3.0,128.0,91.0,71.09375
3205,1,120,65,3.0,2.0,80.0,48.0,60.0
2472,1,106,156,3.0,0.0,50.0,41.0,82.0
2668,1,137,18,7.0,3.0,76.0,43.0,56.57894736842105
1615,2,133,60,3.0,6.0,60.0,35.0,58.333333333333336
632,1,29,28,4.0,3.0,96.0,62.0,64.58333333333334
3705,1,139,19,5.0,3.0,73.0,49.0,67.12328767123287
2263,2,185,20,2.0,1.0,87.0,57.0,65.51724137931035
3206,2,126,21,5.0,3.0,65.0,44.0,67.6923076923077
3267,2,21,81,2.0,0.0,57.0,44.0,77.19298245614034
2566,1,52,5,11.0,1.0,102.0,73.0,71.56862745098039
3620,1,151,186,5.0,1.0,90.0,60.0,66.66666666666666
1056,1,76,5,10.0,6.0,86.0,57.0,66.27906976744185
4700,2,174,66,2.0,2.0,63.0,46.0,73.01587301587301
1935,3,93,75,0.0,1.0,65.0,40.0,61.53846153846154
4049,1,115,5,15.0,6.0,191.0,121.0,63.35078534031413
1156,3,184,59,9.0,2.0,71.0,47.0,66.19718309859155
4166,1,198,30,4.0,2.0,96.0,72.0,75.0
800,1,120,65,1.0,5.0,81.0,52.0,64.19753086419753
2063,2,11,21,0.0,1.0,38.0,22.0,57.89473684210527
581,1,74,143,0.0,3.0,46.0,22.0,47.82608695652174
2679,1,136,68,0.0,2.0,50.0,26.0,52.0
6227,2,175,220,1.0,5.0,76.0,57.0,75.0
2087,1,115,5,7.0,2.0,78.0,46.0,58.97435897435898
2049,2,177,21,4.0,5.0,101.0,59.0,58.415841584158414
1710,1,121,64,2.0,0.0,48.0,29.0,60.416666666666664
6038,2,90,23,8.0,5.0,145.0,97.0,66.89655172413794
3521,1,56,88,7.0,0.0,52.0,25.0,48.07692307692308
2175,2,4,6,3.0,4.0,76.0,52.0,68.42105263157895
2762,1,195,184,7.0,1.0,69.0,49.0,71.01449275362319
1986,1,33,65,6.0,2.0,104.0,59.0,56.730769230769226
6294,1,52,5,2.0,7.0,146.0,72.0,49.31506849315068
1979,2,86,81,4.0,0.0,64.0,41.0,64.0625
2511,1,145,159,18.0,1.0,73.0,51.0,69.86301369863014
4346,1,186,67,27.0,0.0,99.0,59.0,59.59595959595959
431,1,109,30,3.0,0.0,64.0,52.0,81.25
3366,1,19,32,10.0,0.0,83.0,57.0,68.67469879518072
3111,2,117,9,1.0,1.0,90.0,52.0,57.77777777777777
2877,2,87,76,4.0,4.0,66.0,48.0,72.72727272727273
1804,1,1,2,4.0,1.0,56.0,34.0,60.71428571428571
687,2,117,9,5.0,5.0,119.0,77.0,64.70588235294117
6174,1,143,184,3.0,1.0,90.0,60.0,66.66666666666666
1370,1,108,29,1.0,3.0,63.0,36.0,57.14285714285714
5512,3,50,78,12.0,5.0,98.0,63.0,64.28571428571429
538,2,127,83,1.0,1.0,43.0,36.0,83.72093023255815
3484,2,124,69,4.0,1.0,71.0,47.0,66.19718309859155
2228,3,182,75,15.0,1.0,54.0,44.0,81.48148148148148
812,1,106,157,13.0,0.0,67.0,50.0,74.6268656716418
284,1,18,31,8.0,3.0,45.0,28.0,62.22222222222222
2165,2,35,66,3.0,3.0,126.0,72.0,57.14285714285714
5399,1,42,55,5.0,1.0,57.0,34.0,59.64912280701754
300,1,104,153,8.0,1.0,66.0,43.0,65.15151515151516
2341,2,48,76,5.0,1.0,49.0,34.0,69.38775510204081
2729,1,2,3,6.0,5.0,94.0,53.0,56.38297872340425
1858,1,41,70,5.0,1.0,68.0,42.0,61.76470588235294
3583,2,124,56,2.0,3.0,54.0,30.0,55.55555555555556
3500,2,40,77,1.0,2.0,51.0,30.0,58.82352941176471
3570,1,107,55,7.0,1.0,51.0,40.0,78.43137254901961
528,1,82,64,4.0,1.0,77.0,48.0,62.33766233766234
4641,3,130,57,4.0,2.0,85.0,53.0,62.35294117647059
2720,2,186,221,8.0,0.0,60.0,44.0,73.33333333333333
2782,2,186,221,4.0,0.0,58.0,52.0,89.65517241379311
2475,2,90,23,5.0,5.0,135.0,92.0,68.14814814814815
5776,1,80,16,6.0,8.0,58.0,34.0,58.620689655172406
2488,1,76,5,11.0,1.0,142.0,82.0,57.74647887323944
4136,1,61,108,10.0,3.0,102.0,63.0,61.76470588235294
1698,2,128,23,1.0,2.0,110.0,64.0,58.18181818181818
36,2,123,66,6.0,6.0,74.0,31.0,41.891891891891895
1517,3,94,78,4.0,1.0,75.0,53.0,70.66666666666667
431,2,13,23,3.0,3.0,112.0,78.0,69.64285714285714
2336,1,41,70,3.0,4.0,72.0,45.0,62.5
3707,2,179,23,6.0,6.0,91.0,63.0,69.23076923076923
6283,2,31,6,6.0,2.0,78.0,51.0,65.38461538461539
739,2,49,23,0.0,0.0,88.0,53.0,60.22727272727273
5944,3,132,78,1.0,5.0,167.0,124.0,74.25149700598801
5,3,47,85,6.0,2.0,58.0,41.0,70.6896551724138
1074,1,62,112,2.0,4.0,74.0,41.0,55.4054054054054
4417,1,4,7,5.0,2.0,113.0,72.0,63.716814159292035
5399,1,190,19,21.0,4.0,146.0,88.0,60.273972602739725
623,2,125,76,1.0,0.0,72.0,47.0,65.27777777777779
1885,1,76,5,4.0,8.0,88.0,54.0,61.36363636363637
2154,2,125,76,5.0,1.0,71.0,48.0,67.6056338028169
5787,1,99,68,6.0,3.0,43.0,24.0,55.81395348837209
4095,1,100,18,16.0,2.0,110.0,66.0,60.0
1956,1,42,71,2.0,6.0,88.0,46.0,52.27272727272727
2719,1,79,13,13.0,2.0,106.0,65.0,61.32075471698113
3070,1,143,184,4.0,1.0,110.0,76.0,69.0909090909091
3629,1,72,132,5.0,2.0,47.0,34.0,72.3404255319149
687,1,34,11,4.0,2.0,46.0,33.0,71.73913043478261
3964,2,186,221,3.0,1.0,65.0,44.0,67.6923076923077
2094,2,35,66,4.0,2.0,62.0,35.0,56.451612903225815
6206,2,126,21,1.0,2.0,18.0,11.0,61.111111111111114
5577,1,74,143,2.0,1.0,68.0,40.0,58.82352941176471
3272,1,170,15,5.0,1.0,88.0,48.0,54.54545454545454
2251,2,123,66,2.0,4.0,120.0,88.0,73.33333333333333
3524,2,176,76,2.0,0.0,42.0,29.0,69.04761904761905
1710,2,21,56,4.0,3.0,97.0,63.0,64.94845360824742
4216,1,14,26,6.0,2.0,71.0,44.0,61.97183098591549
6414,1,104,153,11.0,3.0,102.0,69.0,67.64705882352942
5103,1,98,67,5.0,7.0,124.0,79.0,63.70967741935484
178,1,120,65,12.0,5.0,131.0,87.0,66.41221374045801
6018,1,145,29,0.0,1.0,105.0,69.0,65.71428571428571
916,2,43,17,6.0,1.0,63.0,37.0,58.730158730158735
446,1,29,28,4.0,1.0,87.0,63.0,72.41379310344827
5162,1,170,15,10.0,3.0,95.0,62.0,65.26315789473685
5734,1,79,2,2.0,2.0,53.0,34.0,64.15094339622641
3543,2,85,150,0.0,3.0,55.0,31.0,56.36363636363636
4062,3,132,78,4.0,6.0,147.0,103.0,70.06802721088435
3473,2,36,21,2.0,3.0,47.0,27.0,57.446808510638306
2950,1,142,183,8.0,0.0,107.0,60.0,56.074766355140184
1869,1,30,30,5.0,1.0,45.0,29.0,64.44444444444444
2309,2,173,81,4.0,1.0,84.0,52.0,61.904761904761905
3605,1,82,64,0.0,2.0,55.0,31.0,56.36363636363636
668,1,28,74,2.0,1.0,88.0,44.0,50.0
3422,3,183,78,10.0,0.0,91.0,48.0,52.74725274725275
3227,1,38,68,5.0,4.0,54.0,32.0,59.25925925925925
1006,2,215,273,1.0,2.0,77.0,50.0,64.93506493506493
2216,1,38,68,5.0,3.0,54.0,27.0,50.0
3114,1,34,11,5.0,1.0,64.0,41.0,64.0625
2976,2,126,21,2.0,0.0,64.0,40.0,62.5
888,1,52,5,16.0,4.0,111.0,77.0,69.36936936936937
2098,1,4,7,5.0,2.0,41.0,23.0,56.09756097560976
4614,1,106,157,2.0,3.0,85.0,50.0,58.82352941176471
3848,1,113,178,4.0,2.0,81.0,51.0,62.96296296296296
5382,2,125,76,6.0,3.0,85.0,57.0,67.05882352941175
3204,3,182,85,15.0,5.0,90.0,50.0,55.55555555555556
4842,1,3,5,5.0,1.0,149.0,96.0,64.42953020134227
2476,2,174,66,1.0,3.0,57.0,31.0,54.385964912280706
3862,1,109,30,3.0,1.0,58.0,35.0,60.3448275862069
378,1,193,155,9.0,4.0,76.0,43.0,56.57894736842105
2295,2,90,23,4.0,2.0,93.0,61.0,65.59139784946237
1225,2,89,62,3.0,3.0,71.0,42.0,59.154929577464785
722,2,175,220,2.0,2.0,109.0,74.0,67.88990825688074
544,2,21,81,8.0,2.0,70.0,37.0,52.85714285714286
2075,1,172,64,20.0,7.0,128.0,77.0,60.15625
5260,1,33,65,1.0,2.0,56.0,27.0,48.214285714285715
1758,3,130,73,21.0,12.0,78.0,45.0,57.692307692307686
4067,1,171,65,9.0,3.0,100.0,56.0,56.00000000000001
6219,1,170,16,7.0,3.0,61.0,40.0,65.57377049180327
1669,1,137,18,7.0,1.0,59.0,29.0,49.152542372881356
2393,2,168,9,5.0,2.0,65.0,39.0,60.0
3804,3,183,78,20.0,6.0,135.0,91.0,67.4074074074074
1732,1,107,55,6.0,1.0,73.0,48.0,65.75342465753424
2620,1,43,2,5.0,3.0,101.0,63.0,62.37623762376238
6319,3,183,78,9.0,16.0,149.0,86.0,57.71812080536913
2103,2,88,21,2.0,9.0,78.0,36.0,46.15384615384615
1497,1,42,71,10.0,7.0,63.0,35.0,55.55555555555556
25,1,163,178,10.0,1.0,50.0,33.0,66.0
24,1,1,1,17.0,0.0,71.0,47.0,66.19718309859155
1809,1,76,5,9.0,0.0,111.0,69.0,62.16216216216216
5044,2,174,66,4.0,0.0,51.0,30.0,58.82352941176471
6319,1,113,142,7.0,9.0,77.0,42.0,54.54545454545454
3115,3,182,75,3.0,1.0,48.0,27.0,56.25
3797,1,56,88,9.0,1.0,49.0,30.0,61.224489795918366
378,1,74,142,7.0,1.0,43.0,29.0,67.44186046511628
2016,2,5,9,2.0,7.0,98.0,54.0,55.10204081632652
1910,2,89,83,1.0,2.0,85.0,55.0,64.70588235294117
764,1,9,19,13.0,4.0,100.0,64.0,64.0
467,2,13,23,16.0,4.0,109.0,71.0,65.13761467889908
4734,1,164,4,6.0,2.0,55.0,28.0,50.90909090909091
3394,1,170,16,1.0,2.0,93.0,58.0,62.365591397849464
965,2,49,23,7.0,2.0,129.0,83.0,64.34108527131784
2084,1,32,64,8.0,1.0,73.0,44.0,60.273972602739725
3353,2,83,149,0.0,5.0,70.0,44.0,62.857142857142854
1943,1,60,109,1.0,2.0,34.0,24.0,70.58823529411765
1307,1,104,31,4.0,3.0,83.0,46.0,55.42168674698795
5715,2,21,56,6.0,8.0,141.0,76.0,53.90070921985816
5289,3,94,78,7.0,8.0,96.0,44.0,45.83333333333333
5258,1,78,146,9.0,0.0,114.0,79.0,69.2982456140351
3287,1,163,219,9.0,2.0,76.0,47.0,61.8421052631579
407,1,28,74,3.0,2.0,52.0,26.0,50.0
4156,2,90,23,0.0,0.0,78.0,55.0,70.51282051282051
6145,3,94,78,15.0,5.0,155.0,110.0,70.96774193548387
5514,1,172,64,1.0,1.0,71.0,42.0,59.154929577464785
1364,3,180,151,2.0,4.0,68.0,39.0,57.35294117647059
3861,3,130,57,4.0,2.0,85.0,53.0,62.35294117647059
3042,2,179,23,7.0,2.0,75.0,45.0,60.0
3435,1,31,89,1.0,1.0,89.0,58.0,65.1685393258427
2336,1,105,155,12.0,0.0,74.0,50.0,67.56756756756756
5885,2,186,221,0.0,1.0,76.0,64.0,84.21052631578947
3074,1,171,65,3.0,1.0,65.0,44.0,67.6923076923077
2276,3,180,151,10.0,2.0,87.0,57.0,65.51724137931035
1139,1,168,12,11.0,2.0,81.0,45.0,55.55555555555556
2274,1,199,63,3.0,1.0,90.0,63.0,70.0
1486,1,25,79,25.0,3.0,68.0,50.0,73.52941176470588
1829,1,16,28,1.0,2.0,57.0,36.0,63.1578947368421
1901,2,127,83,13.0,2.0,105.0,64.0,60.952380952380956
2755,2,125,76,6.0,3.0,64.0,35.0,54.6875
5352,1,117,11,13.0,3.0,74.0,47.0,63.51351351351351
5259,2,85,69,0.0,3.0,72.0,53.0,73.61111111111111
199,2,177,21,2.0,1.0,45.0,20.0,44.44444444444444
2175,1,112,167,3.0,2.0,66.0,45.0,68.18181818181817
1547,2,179,23,3.0,5.0,102.0,58.0,56.86274509803921
4654,2,175,56,1.0,1.0,70.0,41.0,58.57142857142858
1490,2,125,76,4.0,3.0,100.0,53.0,53.0
3041,1,20,34,5.0,0.0,53.0,43.0,81.13207547169812
1542,1,139,19,8.0,1.0,171.0,128.0,74.85380116959064
1754,1,146,30,4.0,4.0,90.0,61.0,67.77777777777779
3546,1,32,64,4.0,1.0,61.0,44.0,72.1311475409836
131,1,103,94,11.0,0.0,61.0,40.0,65.57377049180327
172,1,143,184,4.0,1.0,35.0,18.0,51.42857142857142
5110,1,14,24,5.0,1.0,88.0,70.0,79.54545454545455
4613,3,132,78,15.0,1.0,83.0,47.0,56.62650602409639
1565,1,53,80,1.0,1.0,62.0,48.0,77.41935483870968
4030,1,102,19,3.0,4.0,143.0,103.0,72.02797202797203
5600,1,19,32,12.0,5.0,120.0,77.0,64.16666666666667
326,1,190,19,8.0,7.0,140.0,84.0,60.0
4029,1,1,1,6.0,5.0,108.0,57.0,52.77777777777778
3587,2,134,72,4.0,4.0,60.0,32.0,53.333333333333336
891,1,29,28,26.0,7.0,91.0,60.0,65.93406593406593
2971,2,184,60,4.0,0.0,105.0,71.0,67.61904761904762
3807,3,50,78,1.0,1.0,75.0,49.0,65.33333333333333
2529,1,78,11,10.0,6.0,77.0,46.0,59.74025974025974
3828,1,146,30,9.0,5.0,64.0,35.0,54.6875
6259,1,165,5,4.0,7.0,157.0,99.0,63.05732484076433
504,2,13,23,1.0,2.0,102.0,65.0,63.725490196078425
178,2,123,66,1.0,2.0,58.0,36.0,62.06896551724138
3005,1,139,19,19.0,5.0,160.0,115.0,71.875
772,1,28,29,10.0,3.0,103.0,59.0,57.28155339805825
4128,2,80,17,0.0,4.0,63.0,40.0,63.49206349206349
1584,2,89,62,14.0,2.0,73.0,47.0,64.38356164383562
6371,2,184,22,2.0,2.0,54.0,32.0,59.25925925925925
1642,1,168,11,7.0,1.0,57.0,37.0,64.91228070175438
2579,1,137,18,9.0,7.0,109.0,66.0,60.550458715596335
2811,2,59,92,0.0,6.0,109.0,74.0,67.88990825688074
1770,2,7,17,0.0,1.0,109.0,89.0,81.65137614678899
3993,2,13,23,10.0,2.0,80.0,58.0,72.5
5327,3,132,78,11.0,5.0,96.0,61.0,63.541666666666664
427,1,120,65,8.0,1.0,47.0,32.0,68.08510638297872
820,1,190,19,10.0,12.0,136.0,67.0,49.26470588235294
4963,2,119,17,9.0,5.0,90.0,55.0,61.111111111111114
3856,1,190,19,1.0,4.0,89.0,49.0,55.0561797752809
2415,1,118,2,6.0,6.0,77.0,48.0,62.33766233766234
3615,1,5,11,4.0,1.0,80.0,47.0,58.75
4701,3,132,78,12.0,7.0,151.0,93.0,61.58940397350994
3263,1,185,79,8.0,0.0,47.0,29.0,61.702127659574465
2050,1,165,5,8.0,1.0,123.0,83.0,67.47967479674797
2421,2,88,21,2.0,1.0,71.0,33.0,46.478873239436616
1429,2,35,66,2.0,0.0,46.0,27.0,58.69565217391305
2540,2,96,58,15.0,5.0,81.0,46.0,56.79012345679012
3224,2,184,58,8.0,8.0,102.0,56.0,54.90196078431373
4703,1,54,94,4.0,2.0,54.0,32.0,59.25925925925925
3335,3,92,73,8.0,0.0,66.0,54.0,81.81818181818183
3059,3,181,73,23.0,3.0,111.0,75.0,67.56756756756756
2954,1,97,79,10.0,0.0,75.0,58.0,77.33333333333333
3230,1,45,12,2.0,1.0,51.0,26.0,50.98039215686274
5400,1,3,5,14.0,7.0,99.0,58.0,58.58585858585859
4769,2,85,69,2.0,2.0,54.0,30.0,55.55555555555556
3823,1,195,184,14.0,4.0,81.0,53.0,65.4320987654321
2107,1,107,158,10.0,2.0,86.0,62.0,72.09302325581395
3902,1,104,31,6.0,1.0,77.0,54.0,70.12987012987013
3511,2,173,81,1.0,5.0,102.0,65.0,63.725490196078425
3989,1,17,30,9.0,1.0,101.0,71.0,70.29702970297029
3126,1,52,5,3.0,8.0,160.0,104.0,65.0
2322,3,130,73,6.0,1.0,60.0,40.0,66.66666666666666
387,2,36,21,0.0,0.0,44.0,22.0,50.0
1816,2,119,17,0.0,5.0,121.0,91.0,75.20661157024794
3532,1,171,65,4.0,1.0,95.0,57.0,60.0
3095,2,126,21,1.0,2.0,53.0,24.0,45.28301886792453
455,1,79,2,2.0,4.0,92.0,50.0,54.347826086956516
2989,1,113,178,10.0,1.0,65.0,43.0,66.15384615384615
2250,1,6,12,6.0,1.0,50.0,32.0,64.0
2514,1,188,18,10.0,0.0,49.0,34.0,69.38775510204081
1755,1,101,80,9.0,1.0,99.0,72.0,72.72727272727273
3082,1,169,82,2.0,4.0,90.0,49.0,54.44444444444444
2471,3,26,61,5.0,2.0,84.0,57.0,67.85714285714286
1535,1,107,158,4.0,1.0,73.0,55.0,75.34246575342466
3810,1,189,80,7.0,3.0,104.0,66.0,63.46153846153846
3426,1,151,204,6.0,1.0,76.0,67.0,88.1578947368421
5216,3,94,78,7.0,3.0,103.0,70.0,67.96116504854369
2665,1,116,7,3.0,2.0,57.0,40.0,70.17543859649122
637,1,1,1,2.0,1.0,57.0,35.0,61.40350877192983
98,1,76,5,9.0,0.0,111.0,69.0,62.16216216216216
5136,1,7,16,8.0,2.0,46.0,30.0,65.21739130434783
178,2,126,21,8.0,7.0,68.0,38.0,55.88235294117647
658,1,172,64,2.0,0.0,67.0,43.0,64.17910447761194
2393,2,84,66,6.0,6.0,94.0,62.0,65.95744680851064
3212,1,105,154,1.0,2.0,37.0,21.0,56.75675675675676
152,2,85,150,4.0,2.0,93.0,56.0,60.215053763440864
3741,2,125,76,10.0,1.0,100.0,69.0,69.0
2693,1,169,82,2.0,1.0,61.0,30.0,49.18032786885246
2374,1,14,26,6.0,1.0,89.0,64.0,71.91011235955057
2538,1,193,155,7.0,4.0,88.0,56.0,63.63636363636363
1679,1,104,31,11.0,2.0,72.0,44.0,61.111111111111114
166,1,187,68,0.0,3.0,90.0,52.0,57.77777777777777
3112,1,9,19,6.0,3.0,84.0,52.0,61.904761904761905
1621,3,129,61,10.0,4.0,61.0,35.0,57.377049180327866
727,1,54,31,10.0,7.0,101.0,59.0,58.415841584158414
2393,1,3,5,7.0,5.0,128.0,75.0,58.59375
1151,1,19,32,3.0,7.0,68.0,49.0,72.05882352941177
3330,1,41,70,10.0,1.0,70.0,48.0,68.57142857142857
5771,3,91,151,16.0,4.0,83.0,59.0,71.08433734939759
5405,1,51,19,7.0,6.0,132.0,71.0,53.78787878787878
5361,1,143,184,6.0,0.0,76.0,50.0,65.78947368421053
822,1,20,34,10.0,3.0,104.0,64.0,61.53846153846154
1512,2,116,6,0.0,7.0,29.0,14.0,48.275862068965516
1435,1,195,184,16.0,1.0,79.0,51.0,64.55696202531645
5269,2,177,21,1.0,1.0,98.0,61.0,62.244897959183675
1819,1,39,18,8.0,1.0,100.0,63.0,63.0
5013,2,40,77,4.0,0.0,82.0,46.0,56.09756097560976
1535,1,109,30,8.0,0.0,61.0,42.0,68.85245901639344
5267,2,59,92,1.0,6.0,49.0,29.0,59.183673469387756
6115,2,128,23,3.0,9.0,167.0,108.0,64.67065868263472
1205,3,129,61,4.0,6.0,74.0,43.0,58.108108108108105
2427,1,119,16,3.0,1.0,54.0,33.0,61.111111111111114
218,1,102,19,6.0,6.0,91.0,58.0,63.73626373626373
5518,1,194,183,7.0,3.0,67.0,40.0,59.70149253731343
5832,1,5,11,5.0,3.0,91.0,60.0,65.93406593406593
1124,2,179,23,10.0,3.0,94.0,61.0,64.8936170212766
4729,1,108,159,11.0,3.0,63.0,46.0,73.01587301587301
137,1,20,37,3.0,0.0,85.0,60.0,70.58823529411765
4754,1,2,3,28.0,3.0,95.0,65.0,68.42105263157895
1860,1,171,65,5.0,0.0,64.0,41.0,64.0625
398,1,30,30,7.0,3.0,76.0,56.0,73.68421052631578
270,1,186,67,11.0,1.0,118.0,67.0,56.779661016949156
733,1,38,68,6.0,2.0,66.0,35.0,53.03030303030303
2384,2,176,76,0.0,3.0,64.0,44.0,68.75
3593,3,181,57,7.0,0.0,93.0,53.0,56.98924731182796
2376,1,171,65,8.0,6.0,74.0,50.0,67.56756756756756
5423,1,119,16,6.0,4.0,94.0,56.0,59.57446808510638
2387,1,139,19,19.0,5.0,160.0,115.0,71.875
3237,1,45,12,4.0,0.0,50.0,38.0,76.0
2167,1,104,153,7.0,2.0,74.0,35.0,47.2972972972973
3534,2,59,92,2.0,0.0,71.0,56.0,78.87323943661971
2299,1,3,5,5.0,5.0,81.0,53.0,65.4320987654321
3431,2,48,76,0.0,2.0,40.0,27.0,67.5
3805,1,100,18,7.0,4.0,66.0,38.0,57.57575757575758
3693,2,10,20,0.0,3.0,46.0,27.0,58.69565217391305
883,1,78,11,13.0,1.0,87.0,58.0,66.66666666666666
4460,2,89,62,12.0,1.0,71.0,46.0,64.7887323943662
423,1,6,13,5.0,2.0,46.0,24.0,52.17391304347826
3130,2,122,149,4.0,5.0,82.0,49.0,59.756097560975604
162,1,55,1,2.0,3.0,56.0,24.0,42.857142857142854
4083,2,84,66,0.0,4.0,77.0,48.0,62.33766233766234
5926,1,169,2,5.0,5.0,59.0,41.0,69.49152542372882
1123,2,21,81,1.0,3.0,95.0,58.0,61.05263157894737
1882,1,102,19,5.0,4.0,86.0,51.0,59.30232558139535
1979,1,81,65,1.0,1.0,51.0,36.0,70.58823529411765
5796,1,196,55,12.0,0.0,60.0,43.0,71.66666666666667
3024,2,126,21,9.0,2.0,106.0,78.0,73.58490566037736
872,1,52,5,7.0,2.0,71.0,46.0,64.7887323943662
4088,1,168,12,6.0,0.0,53.0,29.0,54.71698113207547
1655,1,186,67,1.0,0.0,78.0,50.0,64.1025641025641
1132,1,102,19,5.0,5.0,75.0,48.0,64.0
2823,1,33,65,1.0,1.0,48.0,25.0,52.083333333333336
2308,2,90,23,5.0,5.0,145.0,93.0,64.13793103448275
5431,1,4,8,13.0,2.0,48.0,31.0,64.58333333333334
3606,1,14,26,4.0,2.0,87.0,52.0,59.77011494252874
519,1,18,31,10.0,7.0,85.0,47.0,55.294117647058826
2906,2,125,76,1.0,3.0,75.0,51.0,68.0
3974,1,30,30,6.0,0.0,61.0,35.0,57.377049180327866
1445,1,51,19,1.0,6.0,147.0,99.0,67.3469387755102
3674,1,164,4,2.0,1.0,46.0,24.0,52.17391304347826
1350,1,1,1,3.0,0.0,62.0,47.0,75.80645161290323
6181,2,184,58,6.0,1.0,94.0,53.0,56.38297872340425
3624,2,170,17,9.0,1.0,60.0,36.0,60.0
1588,1,163,218,5.0,1.0,62.0,39.0,62.903225806451616
4498,1,53,80,4.0,5.0,76.0,49.0,64.47368421052632
2685,1,169,2,3.0,4.0,73.0,52.0,71.23287671232876
5090,1,15,55,9.0,4.0,81.0,54.0,66.66666666666666
5689,3,129,151,5.0,0.0,60.0,41.0,68.33333333333333
3839,2,123,66,3.0,3.0,100.0,61.0,61.0
3949,1,163,218,3.0,1.0,59.0,37.0,62.71186440677966
3806,2,87,76,19.0,5.0,81.0,53.0,65.4320987654321
219,1,144,55,7.0,0.0,50.0,35.0,70.0
2115,3,132,78,10.0,4.0,112.0,58.0,51.78571428571429
2501,1,145,29,13.0,8.0,132.0,88.0,66.66666666666666
1427,1,76,5,23.0,5.0,182.0,126.0,69.23076923076923
2212,1,56,86,23.0,23.0,112.0,65.0,58.03571428571429
4090,2,79,147,14.0,2.0,103.0,81.0,78.64077669902912
2388,3,94,78,15.0,10.0,163.0,101.0,61.963190184049076
31,1,54,94,7.0,0.0,54.0,31.0,57.407407407407405
3385,1,187,68,2.0,2.0,61.0,41.0,67.21311475409836
3619,1,168,11,9.0,0.0,67.0,40.0,59.70149253731343
2382,1,80,16,2.0,3.0,86.0,48.0,55.81395348837209
2262,1,37,67,4.0,3.0,107.0,65.0,60.747663551401864
1454,1,63,99,4.0,2.0,55.0,35.0,63.63636363636363
1687,3,91,61,7.0,3.0,100.0,68.0,68.0
639,1,117,11,6.0,3.0,90.0,50.0,55.55555555555556
2968,2,90,23,7.0,0.0,68.0,49.0,72.05882352941177
1601,1,51,19,2.0,3.0,31.0,16.0,51.61290322580645
3104,1,168,12,9.0,1.0,64.0,45.0,70.3125
652,1,38,68,23.0,5.0,115.0,76.0,66.08695652173913
4422,1,98,67,35.0,9.0,106.0,70.0,66.0377358490566
2393,3,92,73,2.0,0.0,16.0,10.0,62.5
2310,1,116,146,23.0,1.0,71.0,49.0,69.01408450704226
1980,1,139,19,5.0,3.0,98.0,60.0,61.224489795918366
2069,2,78,9,2.0,2.0,74.0,45.0,60.810810810810814
3206,1,32,64,4.0,6.0,70.0,36.0,51.42857142857142
618,1,108,159,4.0,0.0,68.0,50.0,73.52941176470588
3784,1,14,26,14.0,6.0,104.0,62.0,59.61538461538461
3111,1,170,15,3.0,1.0,43.0,31.0,72.09302325581395
847,3,22,57,4.0,4.0,130.0,83.0,63.84615384615384
1820,2,173,149,8.0,1.0,57.0,33.0,57.89473684210527
1181,2,48,76,5.0,1.0,49.0,34.0,69.38775510204081
1984,1,189,80,5.0,1.0,43.0,31.0,72.09302325581395
1044,1,113,178,20.0,1.0,94.0,60.0,63.829787234042556
1793,1,139,19,9.0,7.0,142.0,99.0,69.71830985915493
4144,1,38,68,3.0,3.0,57.0,30.0,52.63157894736842
2410,1,163,178,15.0,0.0,58.0,36.0,62.06896551724138
4698,1,41,70,10.0,0.0,103.0,66.0,64.07766990291263
1763,1,42,55,11.0,1.0,44.0,29.0,65.9090909090909
6350,1,121,64,3.0,6.0,71.0,43.0,60.56338028169014
3073,2,128,23,12.0,5.0,145.0,85.0,58.620689655172406
7,1,5,11,8.0,0.0,57.0,33.0,57.89473684210527
1950,1,1,1,6.0,3.0,82.0,49.0,59.756097560975604
2248,2,13,23,5.0,2.0,95.0,57.0,60.0
5916,1,15,27,9.0,1.0,65.0,40.0,61.53846153846154
954,3,94,78,8.0,5.0,97.0,52.0,53.608247422680414
1349,3,94,78,10.0,3.0,134.0,97.0,72.38805970149254
709,1,18,31,10.0,7.0,85.0,47.0,55.294117647058826
1432,1,195,184,9.0,0.0,50.0,33.0,66.0
3988,1,139,19,6.0,7.0,88.0,46.0,52.27272727272727
3397,1,115,5,3.0,0.0,84.0,58.0,69.04761904761905
2545,2,58,90,4.0,2.0,86.0,59.0,68.6046511627907
3034,3,92,73,9.0,2.0,51.0,38.0,74.50980392156863
3389,1,52,5,21.0,5.0,126.0,81.0,64.28571428571429
1720,1,1,1,25.0,3.0,113.0,83.0,73.45132743362832
3324,1,102,19,9.0,6.0,113.0,74.0,65.48672566371681
2,2,97,20,1.0,1.0,57.0,39.0,68.42105263157895
5929,1,134,79,5.0,3.0,56.0,36.0,64.28571428571429
1777,2,34,9,3.0,0.0,91.0,59.0,64.83516483516483
1279,1,16,28,4.0,3.0,77.0,50.0,64.93506493506493
1506,2,174,66,15.0,0.0,79.0,53.0,67.08860759493672
3748,1,168,11,5.0,2.0,100.0,59.0,59.0
3688,1,172,64,18.0,6.0,115.0,76.0,66.08695652173913
1982,2,84,66,0.0,5.0,98.0,72.0,73.46938775510205
3316,3,47,75,1.0,3.0,61.0,33.0,54.09836065573771
2777,1,44,15,2.0,1.0,50.0,29.0,57.99999999999999
2886,1,144,155,8.0,3.0,106.0,71.0,66.98113207547169
4149,1,196,55,13.0,2.0,96.0,66.0,68.75
3632,2,134,72,11.0,4.0,122.0,75.0,61.47540983606557
1741,2,13,23,0.0,6.0,87.0,55.0,63.2183908045977
2785,1,165,5,11.0,4.0,175.0,109.0,62.28571428571429
5972,1,77,7,2.0,5.0,64.0,37.0,57.8125
781,2,126,21,7.0,3.0,111.0,68.0,61.261261261261254
5821,1,196,224,9.0,1.0,75.0,48.0,64.0
2008,2,175,69,1.0,4.0,105.0,86.0,81.9047619047619
5415,1,6,12,8.0,0.0,48.0,33.0,68.75
628,2,35,66,4.0,4.0,83.0,51.0,61.44578313253012
269,1,17,30,9.0,4.0,80.0,50.0,62.5
413,3,132,78,21.0,2.0,105.0,67.0,63.8095238095238
2721,1,2,3,4.0,2.0,56.0,32.0,57.14285714285714
316,1,81,65,3.0,4.0,61.0,38.0,62.295081967213115
4884,2,11,21,2.0,1.0,54.0,25.0,46.2962962962963
4551,2,10,20,7.0,1.0,104.0,64.0,61.53846153846154
1175,1,115,5,17.0,6.0,95.0,61.0,64.21052631578948
4050,1,167,13,5.0,2.0,46.0,31.0,67.3913043478261
3611,1,167,13,6.0,1.0,77.0,46.0,59.74025974025974
3440,1,197,29,4.0,3.0,68.0,34.0,50.0
5662,1,82,64,6.0,2.0,37.0,21.0,56.75675675675676
5677,2,178,83,8.0,5.0,82.0,43.0,52.4390243902439
84,1,121,64,3.0,1.0,71.0,49.0,69.01408450704226
4148,1,119,15,3.0,10.0,99.0,50.0,50.505050505050505
5920,2,97,72,4.0,3.0,102.0,67.0,65.68627450980392
2614,2,186,221,4.0,2.0,52.0,38.0,73.07692307692307
3629,1,46,32,14.0,3.0,116.0,77.0,66.37931034482759
6312,1,33,65,0.0,0.0,63.0,40.0,63.49206349206349
1465,1,115,5,34.0,11.0,120.0,77.0,64.16666666666667
191,1,190,19,6.0,6.0,90.0,59.0,65.55555555555556
3551,1,9,19,4.0,2.0,171.0,112.0,65.49707602339181
67,1,37,67,17.0,8.0,95.0,44.0,46.31578947368421
2180,1,168,11,11.0,1.0,72.0,44.0,61.111111111111114
315,1,137,18,3.0,4.0,80.0,48.0,60.0
1235,1,41,84,4.0,0.0,58.0,37.0,63.793103448275865
2900,2,12,22,1.0,1.0,59.0,36.0,61.016949152542374
3156,2,96,22,2.0,1.0,63.0,38.0,60.317460317460316
455,1,29,63,1.0,2.0,47.0,34.0,72.3404255319149
3727,2,7,17,5.0,3.0,84.0,55.0,65.47619047619048
4233,1,101,80,3.0,5.0,55.0,33.0,60.0
1956,1,167,146,5.0,1.0,53.0,33.0,62.264150943396224
3899,1,30,30,4.0,4.0,79.0,48.0,60.75949367088608
4507,3,94,78,11.0,3.0,106.0,71.0,66.98113207547169
428,1,77,7,6.0,1.0,38.0,30.0,78.94736842105263
322,1,8,18,3.0,7.0,87.0,56.0,64.36781609195403
983,1,165,5,16.0,6.0,135.0,94.0,69.62962962962963
3081,1,170,16,9.0,2.0,98.0,67.0,68.36734693877551
3329,1,146,30,3.0,5.0,57.0,36.0,63.1578947368421
3980,1,51,19,5.0,5.0,166.0,93.0,56.024096385542165
5341,1,98,82,7.0,2.0,55.0,32.0,58.18181818181818
3305,2,10,20,0.0,2.0,95.0,55.0,57.89473684210527
159,1,169,82,2.0,1.0,61.0,30.0,49.18032786885246
519,1,16,28,7.0,4.0,74.0,34.0,45.94594594594595
643,1,28,74,8.0,0.0,55.0,33.0,60.0
135,2,58,90,1.0,2.0,103.0,57.0,55.33980582524271
775,1,196,70,2.0,0.0,60.0,40.0,66.66666666666666
2745,3,183,78,11.0,1.0,98.0,56.0,57.14285714285714
2589,1,29,63,6.0,3.0,94.0,54.0,57.446808510638306
357,1,104,152,0.0,0.0,51.0,37.0,72.54901960784314
5138,2,23,58,4.0,4.0,58.0,35.0,60.3448275862069
1474,1,188,18,7.0,1.0,91.0,56.0,61.53846153846154
1003,3,26,61,13.0,4.0,55.0,35.0,63.63636363636363
945,1,76,5,15.0,9.0,196.0,126.0,64.28571428571429
3801,1,135,67,20.0,2.0,128.0,90.0,70.3125
6227,3,50,78,5.0,8.0,133.0,84.0,63.1578947368421
3664,1,53,80,2.0,2.0,55.0,38.0,69.0909090909091
2570,2,58,90,5.0,1.0,60.0,28.0,46.666666666666664
3633,1,82,64,5.0,3.0,53.0,28.0,52.83018867924528
3225,1,136,68,4.0,3.0,107.0,64.0,59.813084112149525
5895,2,178,83,6.0,1.0,38.0,24.0,63.1578947368421
2155,3,92,57,8.0,3.0,91.0,66.0,72.52747252747253
810,2,128,23,11.0,3.0,187.0,110.0,58.82352941176471
5105,1,43,2,0.0,3.0,53.0,25.0,47.16981132075472
3114,1,102,19,11.0,6.0,122.0,69.0,56.557377049180324
5905,1,14,26,2.0,2.0,56.0,34.0,60.71428571428571
2367,1,30,30,4.0,2.0,46.0,26.0,56.52173913043478
596,1,102,19,17.0,14.0,190.0,99.0,52.10526315789473
4643,2,88,21,1.0,2.0,83.0,41.0,49.39759036144578
4740,2,186,221,1.0,1.0,84.0,81.0,96.42857142857143
3945,3,94,78,17.0,6.0,105.0,60.0,57.14285714285714
322,1,196,55,1.0,1.0,50.0,38.0,76.0
4716,1,5,10,6.0,4.0,102.0,66.0,64.70588235294117
4833,1,100,18,8.0,8.0,110.0,60.0,54.54545454545454
2393,1,74,142,14.0,2.0,68.0,48.0,70.58823529411765
1011,1,144,155,21.0,2.0,98.0,71.0,72.44897959183673
2421,3,181,73,14.0,3.0,97.0,64.0,65.97938144329896
3636,3,93,85,6.0,3.0,105.0,70.0,66.66666666666666
213,2,43,17,1.0,1.0,68.0,43.0,63.23529411764706
951,1,193,155,8.0,1.0,57.0,38.0,66.66666666666666
2596,2,90,23,25.0,5.0,163.0,96.0,58.895705521472394
1676,1,29,63,2.0,4.0,119.0,75.0,63.02521008403361
1531,2,184,58,2.0,1.0,79.0,50.0,63.29113924050633
5278,1,80,16,12.0,2.0,70.0,44.0,62.857142857142854
3431,1,117,12,5.0,1.0,112.0,71.0,63.39285714285714
3465,1,33,65,2.0,0.0,43.0,31.0,72.09302325581395
3085,2,173,148,3.0,3.0,87.0,55.0,63.2183908045977
3843,1,195,184,7.0,1.0,53.0,34.0,64.15094339622641
2354,1,30,30,3.0,4.0,86.0,51.0,59.30232558139535
2434,1,28,29,12.0,2.0,89.0,55.0,61.79775280898876
658,2,179,23,4.0,4.0,161.0,115.0,71.42857142857143
1489,2,88,21,1.0,1.0,96.0,53.0,55.208333333333336
2540,3,180,61,27.0,1.0,132.0,95.0,71.96969696969697
2241,3,181,73,22.0,4.0,89.0,57.0,64.04494382022472
990,1,9,19,9.0,6.0,110.0,66.0,60.0
4701,1,148,32,11.0,2.0,92.0,64.0,69.56521739130434
2528,2,21,56,2.0,2.0,53.0,37.0,69.81132075471697
4746,2,78,9,4.0,0.0,61.0,46.0,75.40983606557377
1871,2,35,66,0.0,1.0,56.0,32.0,57.14285714285714
963,2,49,23,6.0,1.0,90.0,61.0,67.77777777777779
2294,1,6,12,9.0,5.0,83.0,51.0,61.44578313253012
4020,1,141,154,2.0,3.0,89.0,44.0,49.43820224719101
3527,2,124,180,2.0,4.0,61.0,46.0,75.40983606557377
204,1,14,24,1.0,0.0,47.0,28.0,59.57446808510638
325,2,36,21,4.0,1.0,59.0,37.0,62.71186440677966
4171,1,197,159,5.0,4.0,60.0,37.0,61.66666666666667
1010,2,35,66,1.0,2.0,54.0,30.0,55.55555555555556
5239,1,114,144,4.0,8.0,136.0,99.0,72.79411764705883
3989,1,2,4,13.0,1.0,97.0,59.0,60.824742268041234
2408,1,37,67,1.0,4.0,54.0,36.0,66.66666666666666
5392,3,91,61,10.0,1.0,59.0,35.0,59.32203389830508
417,1,2,3,5.0,1.0,97.0,58.0,59.79381443298969
3079,1,9,19,8.0,6.0,141.0,81.0,57.446808510638306
5656,1,202,283,5.0,1.0,29.0,17.0,58.620689655172406
2411,1,163,178,2.0,1.0,62.0,40.0,64.51612903225806
438,1,187,68,5.0,2.0,63.0,32.0,50.79365079365079
2773,1,203,248,7.0,0.0,70.0,43.0,61.42857142857143
4855,1,3,5,2.0,1.0,70.0,46.0,65.71428571428571
2744,1,140,182,3.0,2.0,50.0,31.0,62.0
1890,3,22,73,14.0,4.0,99.0,65.0,65.65656565656566
3679,1,193,155,4.0,0.0,43.0,28.0,65.11627906976744
871,1,146,30,16.0,2.0,112.0,77.0,68.75
3807,1,32,64,5.0,0.0,46.0,24.0,52.17391304347826
2179,1,77,7,3.0,2.0,43.0,26.0,60.46511627906976
185,1,100,18,8.0,1.0,50.0,32.0,64.0
2381,3,50,78,3.0,2.0,118.0,68.0,57.6271186440678
5567,2,119,17,0.0,1.0,55.0,39.0,70.9090909090909
6071,3,92,57,18.0,6.0,87.0,51.0,58.620689655172406
2361,1,115,5,10.0,2.0,119.0,71.0,59.66386554621849
4914,2,77,6,3.0,2.0,64.0,45.0,70.3125
1090,1,2,4,4.0,3.0,74.0,47.0,63.51351351351351
2433,2,35,66,0.0,4.0,45.0,27.0,60.0
2896,1,74,142,2.0,1.0,77.0,56.0,72.72727272727273
704,1,145,159,4.0,0.0,111.0,67.0,60.36036036036037
967,2,174,66,8.0,1.0,54.0,36.0,66.66666666666666
1731,2,34,9,2.0,3.0,84.0,45.0,53.57142857142857
1342,1,134,79,13.0,2.0,64.0,43.0,67.1875
2637,1,113,8,0.0,1.0,60.0,41.0,68.33333333333333
642,2,40,69,6.0,7.0,70.0,45.0,64.28571428571429
5832,1,113,142,8.0,1.0,79.0,54.0,68.35443037974683
5017,2,175,56,4.0,3.0,70.0,42.0,60.0
1740,2,83,149,3.0,2.0,59.0,26.0,44.06779661016949
244,1,8,18,5.0,3.0,67.0,31.0,46.26865671641791
2811,1,167,13,2.0,3.0,75.0,43.0,57.333333333333336
10,1,98,67,6.0,8.0,53.0,32.0,60.37735849056604
3097,3,131,75,2.0,5.0,97.0,55.0,56.70103092783505
3644,1,169,82,2.0,5.0,97.0,51.0,52.57731958762887
3989,1,7,15,8.0,0.0,24.0,20.0,83.33333333333334
3716,2,126,21,2.0,6.0,61.0,36.0,59.01639344262295
2600,1,172,64,6.0,5.0,124.0,87.0,70.16129032258065
2431,3,180,151,3.0,1.0,78.0,44.0,56.41025641025641
195,1,143,184,15.0,4.0,108.0,66.0,61.111111111111114
544,1,98,82,8.0,3.0,57.0,32.0,56.14035087719298
1843,2,174,66,6.0,5.0,95.0,50.0,52.63157894736842
2464,2,40,69,2.0,1.0,53.0,36.0,67.9245283018868
4747,2,10,20,0.0,0.0,58.0,33.0,56.896551724137936
757,2,185,20,7.0,0.0,71.0,57.0,80.28169014084507
850,3,183,78,16.0,3.0,126.0,73.0,57.936507936507944
4353,2,40,77,4.0,2.0,72.0,51.0,70.83333333333334
1803,1,37,67,8.0,3.0,114.0,67.0,58.77192982456141
547,3,24,59,9.0,5.0,97.0,50.0,51.546391752577314
3268,1,82,64,3.0,0.0,81.0,58.0,71.60493827160494
5848,1,121,64,8.0,1.0,94.0,53.0,56.38297872340425
3724,2,97,20,8.0,3.0,64.0,45.0,70.3125
3182,1,81,65,10.0,1.0,62.0,45.0,72.58064516129032
218,1,14,24,0.0,1.0,63.0,42.0,66.66666666666666
1195,2,177,21,2.0,1.0,47.0,28.0,59.57446808510638
2290,1,172,64,4.0,0.0,95.0,70.0,73.68421052631578
3906,2,77,6,1.0,4.0,86.0,51.0,59.30232558139535
5794,2,27,83,2.0,4.0,44.0,28.0,63.63636363636363
494,2,49,23,5.0,3.0,160.0,100.0,62.5
3608,1,30,30,1.0,4.0,114.0,67.0,58.77192982456141
3971,1,16,29,10.0,4.0,72.0,39.0,54.166666666666664
2756,1,56,86,6.0,0.0,52.0,39.0,75.0
2702,1,111,32,3.0,2.0,63.0,44.0,69.84126984126983
1436,1,102,19,4.0,2.0,92.0,54.0,58.69565217391305
281,1,144,70,2.0,0.0,57.0,37.0,64.91228070175438
341,1,108,159,1.0,0.0,79.0,62.0,78.48101265822784
6432,3,132,78,2.0,3.0,77.0,53.0,68.83116883116884
1531,2,21,81,3.0,2.0,49.0,32.0,65.3061224489796
3157,1,204,247,1.0,0.0,59.0,36.0,61.016949152542374
931,1,101,80,2.0,5.0,98.0,70.0,71.42857142857143
1776,1,147,63,1.0,2.0,46.0,21.0,45.65217391304348
4217,2,48,76,0.0,3.0,38.0,22.0,57.89473684210527
1141,2,49,23,7.0,3.0,72.0,41.0,56.94444444444444
3034,1,45,12,4.0,0.0,50.0,38.0,76.0
1897,2,186,221,2.0,0.0,38.0,28.0,73.68421052631578
4045,2,186,221,4.0,1.0,52.0,38.0,73.07692307692307
2950,1,196,55,8.0,3.0,81.0,53.0,65.4320987654321
4724,1,17,30,21.0,4.0,62.0,34.0,54.83870967741935
2024,2,13,23,1.0,1.0,94.0,41.0,43.61702127659575
4519,1,165,5,6.0,2.0,82.0,43.0,52.4390243902439
5018,1,14,24,1.0,0.0,50.0,34.0,68.0
6336,1,75,145,1.0,1.0,80.0,59.0,73.75
2337,1,192,223,2.0,0.0,61.0,34.0,55.73770491803278
4093,1,148,32,15.0,2.0,118.0,71.0,60.16949152542372
601,1,33,65,9.0,5.0,91.0,60.0,65.93406593406593
4003,2,126,21,2.0,2.0,72.0,45.0,62.5
584,1,104,31,2.0,3.0,77.0,45.0,58.44155844155844
2899,1,52,5,9.0,4.0,101.0,58.0,57.42574257425742
4614,2,80,17,5.0,3.0,102.0,64.0,62.745098039215684
5682,1,214,258,4.0,3.0,84.0,54.0,64.28571428571429
3271,2,184,22,6.0,0.0,45.0,33.0,73.33333333333333
3698,1,61,96,11.0,4.0,67.0,44.0,65.67164179104478
2695,1,143,184,12.0,1.0,93.0,68.0,73.11827956989248
1381,2,184,58,7.0,3.0,122.0,73.0,59.83606557377049
2593,2,90,23,4.0,0.0,48.0,30.0,62.5
6444,2,179,23,10.0,6.0,149.0,96.0,64.42953020134227
3864,1,23,82,4.0,2.0,49.0,33.0,67.3469387755102
2209,3,94,78,1.0,3.0,72.0,51.0,70.83333333333334
2421,1,66,115,3.0,2.0,91.0,57.0,62.637362637362635
2759,1,143,184,10.0,1.0,70.0,47.0,67.14285714285714
1837,2,14,25,3.0,0.0,43.0,28.0,65.11627906976744
1205,1,44,16,6.0,3.0,93.0,54.0,58.06451612903226
6264,2,40,69,4.0,1.0,53.0,36.0,67.9245283018868
3569,1,77,7,3.0,1.0,106.0,76.0,71.69811320754717
1174,1,80,15,7.0,2.0,46.0,25.0,54.347826086956516
3879,1,19,32,8.0,1.0,93.0,66.0,70.96774193548387
2020,3,132,78,14.0,4.0,117.0,73.0,62.39316239316239
5653,1,109,30,19.0,1.0,63.0,47.0,74.60317460317461
4164,2,134,72,0.0,0.0,54.0,40.0,74.07407407407408
4061,1,98,67,3.0,0.0,45.0,28.0,62.22222222222222
4488,1,172,64,8.0,3.0,50.0,24.0,48.0
5897,1,102,19,6.0,4.0,176.0,119.0,67.61363636363636
3915,1,137,18,1.0,5.0,48.0,26.0,54.166666666666664
1989,1,2,4,25.0,3.0,101.0,76.0,75.24752475247524
618,1,165,5,6.0,4.0,137.0,76.0,55.47445255474452
1084,2,179,23,19.0,4.0,163.0,91.0,55.828220858895705
1236,1,56,86,6.0,7.0,111.0,83.0,74.77477477477478
3477,2,176,76,0.0,1.0,52.0,37.0,71.15384615384616
301,1,111,32,5.0,1.0,67.0,44.0,65.67164179104478
1323,1,6,13,3.0,2.0,81.0,49.0,60.49382716049383
5678,3,50,78,16.0,5.0,62.0,32.0,51.61290322580645
5193,1,109,30,6.0,1.0,44.0,29.0,65.9090909090909
1993,2,86,81,3.0,8.0,63.0,42.0,66.66666666666666
2605,1,25,79,12.0,3.0,83.0,47.0,56.62650602409639
407,1,2,4,5.0,1.0,81.0,48.0,59.25925925925925
1328,1,7,16,0.0,1.0,48.0,19.0,39.58333333333333
633,1,30,30,5.0,3.0,54.0,24.0,44.44444444444444
466,1,2,3,17.0,8.0,75.0,43.0,57.333333333333336
4104,1,117,12,8.0,1.0,72.0,50.0,69.44444444444444
3329,2,173,81,3.0,4.0,85.0,47.0,55.294117647058826
161,1,108,159,9.0,0.0,51.0,33.0,64.70588235294117
2166,1,118,2,5.0,1.0,72.0,49.0,68.05555555555556
5221,2,24,60,2.0,1.0,53.0,35.0,66.0377358490566
1499,1,188,18,5.0,0.0,44.0,27.0,61.36363636363637
1716,1,116,7,6.0,1.0,61.0,39.0,63.934426229508205
1132,1,120,65,2.0,1.0,57.0,31.0,54.385964912280706
4693,2,173,81,2.0,0.0,81.0,52.0,64.19753086419753
3889,2,175,56,1.0,0.0,68.0,51.0,75.0
4443,1,120,65,5.0,2.0,41.0,23.0,56.09756097560976
3341,1,7,16,4.0,5.0,76.0,43.0,56.57894736842105
3667,1,187,68,8.0,2.0,59.0,39.0,66.10169491525424
2071,1,28,74,5.0,2.0,53.0,36.0,67.9245283018868
912,3,183,78,14.0,1.0,170.0,117.0,68.82352941176471
4839,3,94,78,5.0,6.0,135.0,82.0,60.74074074074074
3234,1,163,178,7.0,1.0,46.0,28.0,60.86956521739131
2572,1,197,29,9.0,0.0,52.0,36.0,69.23076923076923
318,1,7,16,12.0,2.0,56.0,31.0,55.35714285714286
1436,3,50,78,3.0,7.0,164.0,103.0,62.80487804878049
424,1,52,5,8.0,3.0,66.0,40.0,60.60606060606061
5803,3,94,78,7.0,10.0,99.0,52.0,52.52525252525253
5264,1,53,80,14.0,1.0,102.0,64.0,62.745098039215684
1981,1,33,65,0.0,3.0,61.0,27.0,44.26229508196721
3808,1,116,7,6.0,1.0,49.0,37.0,75.51020408163265
1023,1,214,274,1.0,7.0,146.0,82.0,56.16438356164384
377,1,7,15,7.0,4.0,106.0,62.0,58.490566037735846
391,1,115,5,1.0,3.0,147.0,100.0,68.02721088435374
5169,1,2,3,1.0,4.0,64.0,46.0,71.875
1361,2,48,76,0.0,1.0,65.0,44.0,67.6923076923077
4533,2,23,58,13.0,3.0,83.0,55.0,66.26506024096386
3360,1,45,12,4.0,3.0,69.0,44.0,63.76811594202898
1751,1,62,102,2.0,3.0,65.0,45.0,69.23076923076923
2056,3,24,59,1.0,1.0,28.0,10.0,35.714285714285715
3427,1,53,80,14.0,1.0,102.0,64.0,62.745098039215684
1431,1,120,65,10.0,1.0,86.0,60.0,69.76744186046511
2847,1,9,19,11.0,5.0,171.0,107.0,62.57309941520468
142,1,109,30,2.0,2.0,91.0,55.0,60.43956043956044
1907,2,179,23,0.0,5.0,128.0,79.0,61.71875
5841,2,173,149,1.0,3.0,50.0,33.0,66.0
4810,1,120,65,1.0,2.0,56.0,36.0,64.28571428571429
2054,1,5,10,4.0,2.0,63.0,33.0,52.38095238095239
1427,1,43,13,6.0,3.0,52.0,29.0,55.769230769230774
304,2,40,77,9.0,0.0,62.0,42.0,67.74193548387096
2442,1,3,5,16.0,3.0,127.0,103.0,81.10236220472441
842,1,56,88,8.0,2.0,58.0,31.0,53.44827586206896
2227,1,74,143,3.0,1.0,72.0,59.0,81.94444444444444
6385,1,29,28,10.0,2.0,66.0,34.0,51.515151515151516
3726,1,33,65,0.0,3.0,61.0,27.0,44.26229508196721
2727,2,118,179,1.0,5.0,70.0,49.0,70.0
1613,3,183,78,2.0,3.0,86.0,53.0,61.627906976744185
2445,2,84,66,2.0,5.0,56.0,35.0,62.5
3370,2,177,21,1.0,2.0,88.0,69.0,78.4090909090909
1948,2,133,60,2.0,4.0,58.0,31.0,53.44827586206896
1699,1,100,18,7.0,9.0,109.0,61.0,55.96330275229357
3814,2,177,21,7.0,3.0,86.0,50.0,58.139534883720934
1828,1,38,68,5.0,5.0,107.0,68.0,63.55140186915887
1823,1,39,18,8.0,5.0,61.0,37.0,60.65573770491803
2142,1,137,18,11.0,0.0,52.0,40.0,76.92307692307693
3304,2,173,149,2.0,3.0,60.0,31.0,51.66666666666667
794,2,90,23,4.0,4.0,86.0,59.0,68.6046511627907
2186,1,186,67,5.0,2.0,100.0,70.0,70.0
4213,2,40,69,5.0,2.0,55.0,33.0,60.0
1811,1,9,19,26.0,11.0,169.0,104.0,61.53846153846154
5269,3,182,75,4.0,3.0,95.0,64.0,67.36842105263158
1006,1,146,30,2.0,2.0,93.0,61.0,65.59139784946237
4248,2,134,22,2.0,1.0,42.0,28.0,66.66666666666666
6426,2,133,58,4.0,1.0,30.0,16.0,53.333333333333336
891,1,105,154,15.0,5.0,68.0,41.0,60.29411764705882
1220,1,104,153,17.0,8.0,118.0,78.0,66.10169491525424
3234,1,190,19,3.0,8.0,89.0,42.0,47.19101123595505
3246,1,121,64,3.0,2.0,65.0,29.0,44.61538461538462
3497,1,42,55,2.0,1.0,62.0,38.0,61.29032258064516
2738,1,41,70,5.0,2.0,115.0,79.0,68.69565217391305
2761,2,128,23,5.0,5.0,110.0,69.0,62.727272727272734
2823,3,94,78,0.0,2.0,99.0,63.0,63.63636363636363
4377,1,115,5,14.0,2.0,95.0,63.0,66.3157894736842
1790,2,59,93,1.0,1.0,52.0,40.0,76.92307692307693
1697,1,9,19,5.0,3.0,98.0,61.0,62.244897959183675
4775,2,126,21,1.0,2.0,63.0,47.0,74.60317460317461
5913,1,193,155,11.0,1.0,43.0,34.0,79.06976744186046
3146,1,79,13,7.0,2.0,63.0,34.0,53.96825396825397
4738,1,172,64,8.0,0.0,107.0,68.0,63.55140186915887
3464,1,39,18,11.0,0.0,55.0,39.0,70.9090909090909
4746,2,90,23,9.0,6.0,124.0,73.0,58.87096774193549
6451,1,139,19,7.0,2.0,42.0,30.0,71.42857142857143
3617,1,6,13,1.0,1.0,67.0,41.0,61.19402985074627
2514,1,7,16,5.0,0.0,74.0,39.0,52.702702702702695
5573,1,80,15,1.0,3.0,31.0,19.0,61.29032258064516
322,1,3,5,9.0,2.0,168.0,116.0,69.04761904761905
5338,2,7,17,0.0,4.0,93.0,73.0,78.49462365591397
1915,2,58,91,3.0,4.0,119.0,73.0,61.34453781512605
3296,1,108,29,11.0,0.0,77.0,53.0,68.83116883116884
1628,1,121,64,7.0,4.0,60.0,36.0,60.0
1466,1,74,143,3.0,1.0,72.0,59.0,81.94444444444444
6175,3,93,75,3.0,2.0,58.0,37.0,63.793103448275865
972,1,2,3,8.0,0.0,54.0,33.0,61.111111111111114
4086,1,55,1,1.0,2.0,79.0,51.0,64.55696202531645
2364,1,43,2,7.0,2.0,55.0,30.0,54.54545454545454
4860,1,32,64,3.0,6.0,92.0,64.0,69.56521739130434
345,1,113,8,3.0,3.0,74.0,40.0,54.054054054054056
1064,1,115,5,4.0,7.0,73.0,35.0,47.94520547945205
1644,1,18,31,5.0,1.0,55.0,27.0,49.09090909090909
3453,2,168,9,11.0,3.0,102.0,61.0,59.80392156862745
5912,3,93,85,4.0,4.0,56.0,35.0,62.5
5194,2,167,6,1.0,3.0,75.0,43.0,57.333333333333336
2864,1,7,15,8.0,4.0,103.0,57.0,55.33980582524271
2721,2,31,6,1.0,3.0,70.0,49.0,70.0
2835,1,103,94,14.0,1.0,92.0,64.0,69.56521739130434
2285,2,127,83,5.0,5.0,102.0,59.0,57.84313725490197
4735,2,123,66,4.0,5.0,86.0,56.0,65.11627906976744
765,1,80,15,3.0,11.0,117.0,76.0,64.95726495726495
1092,1,108,29,11.0,0.0,77.0,53.0,68.83116883116884
5136,1,39,18,9.0,7.0,76.0,49.0,64.47368421052632
1774,2,11,21,5.0,0.0,75.0,48.0,64.0
3127,1,119,15,2.0,4.0,90.0,42.0,46.666666666666664
954,2,185,20,10.0,2.0,133.0,85.0,63.90977443609023
518,1,102,19,7.0,2.0,107.0,69.0,64.48598130841121
2458,2,24,60,2.0,3.0,86.0,60.0,69.76744186046511
969,1,200,32,11.0,1.0,61.0,47.0,77.04918032786885
5173,3,129,61,12.0,6.0,71.0,35.0,49.29577464788733
4400,1,14,26,8.0,4.0,105.0,64.0,60.952380952380956
1571,2,49,23,4.0,8.0,184.0,114.0,61.95652173913043
5496,1,144,70,10.0,6.0,67.0,41.0,61.19402985074627
1372,1,113,142,15.0,6.0,81.0,52.0,64.19753086419753
1384,2,169,179,7.0,0.0,65.0,46.0,70.76923076923077
5456,1,146,30,9.0,2.0,71.0,49.0,69.01408450704226
3321,2,128,23,1.0,5.0,90.0,55.0,61.111111111111114
4495,2,128,23,6.0,7.0,166.0,108.0,65.06024096385542
3151,2,58,90,7.0,2.0,84.0,61.0,72.61904761904762
4733,1,101,80,5.0,0.0,65.0,38.0,58.46153846153847
4693,1,53,80,0.0,2.0,54.0,39.0,72.22222222222221
2828,1,138,80,9.0,3.0,64.0,40.0,62.5
4158,1,121,64,6.0,3.0,93.0,64.0,68.81720430107528
4757,3,94,78,5.0,5.0,77.0,39.0,50.649350649350644
2427,1,46,32,6.0,1.0,52.0,28.0,53.84615384615385
596,1,41,70,10.0,1.0,129.0,72.0,55.81395348837209
617,1,32,64,1.0,1.0,95.0,73.0,76.84210526315789
2845,1,190,19,3.0,2.0,85.0,49.0,57.647058823529406
2048,1,46,32,14.0,1.0,107.0,75.0,70.09345794392523
194,1,76,5,4.0,6.0,98.0,66.0,67.3469387755102
6369,1,109,30,6.0,0.0,97.0,67.0,69.0721649484536
182,2,48,76,11.0,3.0,99.0,51.0,51.515151515151516
5556,2,97,20,4.0,0.0,59.0,37.0,62.71186440677966
401,2,89,62,13.0,8.0,86.0,42.0,48.837209302325576
2126,2,40,69,1.0,1.0,62.0,45.0,72.58064516129032
2673,1,1,1,2.0,0.0,42.0,28.0,66.66666666666666
2367,1,143,184,6.0,1.0,85.0,55.0,64.70588235294117
772,3,91,61,7.0,3.0,100.0,68.0,68.0
1868,2,124,69,3.0,3.0,75.0,42.0,56.00000000000001
1714,2,133,60,10.0,2.0,107.0,64.0,59.813084112149525
3313,1,165,5,19.0,2.0,135.0,90.0,66.66666666666666
3443,3,129,151,2.0,3.0,52.0,29.0,55.769230769230774
3234,2,179,23,4.0,2.0,82.0,57.0,69.51219512195121
2609,1,139,19,11.0,8.0,188.0,112.0,59.57446808510638
434,1,137,18,4.0,4.0,98.0,53.0,54.08163265306123
4169,1,54,94,6.0,4.0,65.0,41.0,63.07692307692307
5742,3,50,78,18.0,1.0,101.0,66.0,65.34653465346535
523,3,94,78,7.0,4.0,81.0,43.0,53.086419753086425
3066,2,87,76,1.0,2.0,106.0,71.0,66.98113207547169
5647,3,94,78,12.0,6.0,144.0,98.0,68.05555555555556
2060,1,136,68,9.0,5.0,99.0,58.0,58.58585858585859
2494,1,2,3,4.0,2.0,64.0,35.0,54.6875
3165,3,93,75,4.0,1.0,50.0,33.0,66.0
4698,1,145,29,9.0,2.0,64.0,39.0,60.9375
4753,1,54,31,11.0,1.0,98.0,60.0,61.224489795918366
1708,3,129,61,14.0,2.0,68.0,39.0,57.35294117647059
3510,2,124,56,2.0,4.0,61.0,41.0,67.21311475409836
1748,1,188,18,9.0,5.0,104.0,62.0,59.61538461538461
6138,1,113,178,3.0,3.0,82.0,49.0,59.756097560975604
4147,1,136,68,4.0,1.0,83.0,55.0,66.26506024096386
4494,3,50,78,6.0,2.0,90.0,56.0,62.22222222222222
881,1,57,87,1.0,3.0,56.0,35.0,62.5
2405,2,86,81,1.0,5.0,63.0,37.0,58.730158730158735
5205,1,29,63,4.0,3.0,111.0,60.0,54.054054054054056
218,1,147,31,6.0,0.0,111.0,72.0,64.86486486486487
517,1,164,3,17.0,11.0,102.0,57.0,55.88235294117647
1950,1,78,11,5.0,2.0,40.0,20.0,50.0
922,2,43,17,3.0,5.0,49.0,32.0,65.3061224489796
1967,1,6,12,1.0,0.0,23.0,18.0,78.26086956521739
1373,1,60,120,3.0,1.0,42.0,25.0,59.523809523809526
2422,1,139,19,5.0,3.0,73.0,49.0,67.12328767123287
483,1,51,19,4.0,4.0,125.0,74.0,59.199999999999996
5434,1,97,79,3.0,3.0,54.0,40.0,74.07407407407408
192,2,40,69,2.0,2.0,71.0,41.0,57.74647887323944
2731,3,22,57,8.0,4.0,94.0,60.0,63.829787234042556
1360,3,183,78,3.0,2.0,121.0,77.0,63.63636363636363
4226,1,171,65,7.0,2.0,44.0,26.0,59.09090909090909
5806,2,90,23,5.0,7.0,87.0,58.0,66.66666666666666
2240,2,122,149,0.0,1.0,42.0,18.0,42.857142857142854
3709,1,97,79,4.0,3.0,77.0,52.0,67.53246753246754
2133,1,172,64,6.0,0.0,47.0,33.0,70.2127659574468
395,3,129,151,5.0,7.0,63.0,36.0,57.14285714285714
2514,1,165,5,21.0,1.0,154.0,100.0,64.93506493506493
1745,1,15,27,2.0,2.0,52.0,36.0,69.23076923076923
1012,1,137,18,2.0,0.0,91.0,60.0,65.93406593406593
2971,1,171,65,0.0,0.0,46.0,35.0,76.08695652173914
1167,1,103,94,14.0,1.0,92.0,64.0,69.56521739130434
2790,1,118,2,6.0,3.0,130.0,81.0,62.30769230769231
182,1,107,55,22.0,1.0,99.0,70.0,70.70707070707071
643,1,171,65,5.0,0.0,51.0,32.0,62.745098039215684
3506,1,163,218,3.0,2.0,69.0,37.0,53.62318840579711
1596,1,56,86,13.0,0.0,44.0,31.0,70.45454545454545
754,2,179,23,16.0,3.0,137.0,96.0,70.07299270072993
2364,1,107,70,1.0,6.0,60.0,37.0,61.66666666666667
2764,1,51,19,11.0,4.0,139.0,85.0,61.15107913669065
5935,1,140,182,0.0,3.0,51.0,24.0,47.05882352941176
2358,1,187,68,12.0,4.0,79.0,39.0,49.36708860759494
1804,1,106,157,3.0,2.0,60.0,39.0,65.0
3244,2,177,21,3.0,1.0,100.0,75.0,75.0
4660,3,50,78,13.0,5.0,124.0,80.0,64.51612903225806
5669,1,1,1,3.0,2.0,63.0,39.0,61.904761904761905
2601,1,117,12,6.0,2.0,61.0,38.0,62.295081967213115
1170,1,76,5,14.0,2.0,134.0,95.0,70.8955223880597
2481,1,121,64,2.0,0.0,55.0,35.0,63.63636363636363
2084,1,46,32,4.0,0.0,47.0,31.0,65.95744680851064
3293,1,145,29,8.0,3.0,65.0,43.0,66.15384615384615
985,2,175,56,6.0,0.0,65.0,50.0,76.92307692307693
3813,1,137,18,3.0,5.0,86.0,47.0,54.65116279069767
2300,1,190,19,13.0,7.0,184.0,103.0,55.97826086956522
5806,3,130,57,0.0,5.0,57.0,27.0,47.368421052631575
2206,1,115,5,18.0,2.0,123.0,82.0,66.66666666666666
5969,1,120,65,5.0,2.0,58.0,34.0,58.620689655172406
3703,1,100,18,9.0,0.0,99.0,74.0,74.74747474747475
1914,1,114,144,4.0,1.0,70.0,45.0,64.28571428571429
1239,2,117,9,3.0,2.0,59.0,38.0,64.40677966101694
2047,1,140,181,0.0,1.0,51.0,35.0,68.62745098039215
3993,1,119,16,12.0,3.0,84.0,67.0,79.76190476190477
706,1,78,11,7.0,6.0,69.0,39.0,56.52173913043478
3736,2,175,220,6.0,1.0,51.0,37.0,72.54901960784314
4711,3,50,78,3.0,2.0,108.0,74.0,68.51851851851852
382,1,103,63,2.0,2.0,83.0,45.0,54.21686746987952
3356,1,147,31,7.0,1.0,57.0,31.0,54.385964912280706
1169,3,183,78,19.0,4.0,133.0,98.0,73.68421052631578
4037,1,99,68,3.0,4.0,94.0,60.0,63.829787234042556
4970,1,31,89,4.0,0.0,60.0,48.0,80.0
792,2,78,9,2.0,1.0,74.0,55.0,74.32432432432432
2099,1,165,5,10.0,2.0,101.0,71.0,70.29702970297029
2564,2,84,66,8.0,1.0,97.0,67.0,69.0721649484536
4059,1,34,11,5.0,4.0,63.0,34.0,53.96825396825397
2791,1,172,64,0.0,2.0,66.0,34.0,51.515151515151516
1140,1,51,19,31.0,2.0,101.0,73.0,72.27722772277228
42,2,179,23,0.0,0.0,110.0,66.0,60.0
5673,1,194,183,7.0,1.0,76.0,43.0,56.57894736842105
2481,3,131,75,12.0,4.0,127.0,88.0,69.29133858267717
4082,1,56,88,9.0,1.0,69.0,43.0,62.31884057971014
6344,2,10,20,0.0,2.0,68.0,39.0,57.35294117647059
3366,1,7,16,6.0,2.0,96.0,61.0,63.541666666666664
197,1,196,70,4.0,1.0,54.0,32.0,59.25925925925925
3978,1,195,184,8.0,1.0,67.0,45.0,67.16417910447761
3320,1,23,82,4.0,2.0,49.0,33.0,67.3469387755102
5560,2,175,220,0.0,0.0,60.0,40.0,66.66666666666666
4814,2,80,17,0.0,3.0,63.0,41.0,65.07936507936508
5920,2,97,72,2.0,2.0,112.0,65.0,58.03571428571429
887,1,121,64,11.0,5.0,87.0,54.0,62.06896551724138
1663,1,101,80,3.0,2.0,85.0,60.0,70.58823529411765
4161,2,49,23,23.0,2.0,89.0,62.0,69.66292134831461
3151,2,125,76,5.0,1.0,71.0,48.0,67.6056338028169
1765,2,79,147,1.0,1.0,49.0,30.0,61.224489795918366
1372,1,194,183,12.0,1.0,75.0,43.0,57.333333333333336
1091,2,85,69,2.0,1.0,71.0,33.0,46.478873239436616
6182,1,52,5,12.0,3.0,88.0,58.0,65.9090909090909
1097,2,36,21,5.0,3.0,75.0,38.0,50.66666666666667
3482,1,211,252,12.0,4.0,102.0,60.0,58.82352941176471
4149,1,78,11,11.0,6.0,99.0,65.0,65.65656565656566
2968,2,14,25,3.0,0.0,60.0,34.0,56.666666666666664
1554,1,43,13,10.0,2.0,116.0,65.0,56.03448275862068
5751,1,101,80,4.0,2.0,64.0,33.0,51.5625
228,1,81,65,13.0,3.0,93.0,60.0,64.51612903225806
647,1,97,79,12.0,3.0,81.0,54.0,66.66666666666666
4082,1,120,65,5.0,3.0,73.0,44.0,60.273972602739725
2556,3,183,78,3.0,9.0,88.0,41.0,46.590909090909086
2843,1,171,65,8.0,2.0,41.0,24.0,58.536585365853654
1224,1,34,11,0.0,3.0,79.0,52.0,65.82278481012658
2458,1,29,63,5.0,2.0,56.0,31.0,55.35714285714286
3300,1,143,184,10.0,1.0,99.0,63.0,63.63636363636363
657,2,90,23,7.0,0.0,68.0,49.0,72.05882352941177
3477,1,189,80,3.0,3.0,67.0,39.0,58.2089552238806
923,1,135,67,3.0,5.0,124.0,85.0,68.54838709677419
3215,2,36,21,0.0,4.0,43.0,22.0,51.162790697674424
5099,2,24,60,0.0,4.0,40.0,22.0,55.00000000000001
757,3,22,57,13.0,2.0,70.0,47.0,67.14285714285714
2724,2,49,23,4.0,2.0,89.0,50.0,56.17977528089888
3795,1,113,178,10.0,2.0,60.0,40.0,66.66666666666666
5999,1,151,186,3.0,0.0,58.0,39.0,67.24137931034483
2805,2,128,23,2.0,2.0,117.0,80.0,68.37606837606837
2862,1,104,153,9.0,10.0,105.0,77.0,73.33333333333333
5155,1,3,5,22.0,2.0,146.0,105.0,71.91780821917808
2203,3,130,73,7.0,4.0,69.0,29.0,42.028985507246375
635,2,35,66,2.0,0.0,45.0,28.0,62.22222222222222
5518,2,88,21,13.0,2.0,70.0,38.0,54.285714285714285
4138,1,5,11,3.0,3.0,81.0,52.0,64.19753086419753
42,1,1,2,0.0,0.0,74.0,56.0,75.67567567567568
1843,1,108,159,8.0,2.0,65.0,45.0,69.23076923076923
2261,1,98,82,4.0,1.0,63.0,31.0,49.2063492063492
445,1,165,5,7.0,1.0,58.0,37.0,63.793103448275865
1241,1,186,67,8.0,4.0,81.0,41.0,50.617283950617285
1574,1,74,1,8.0,9.0,70.0,43.0,61.42857142857143
2963,1,196,224,8.0,3.0,58.0,44.0,75.86206896551724
5310,2,85,150,4.0,5.0,87.0,48.0,55.172413793103445
3952,1,155,205,6.0,2.0,63.0,45.0,71.42857142857143
2002,1,81,65,4.0,4.0,92.0,59.0,64.13043478260869
5185,1,52,5,8.0,3.0,95.0,70.0,73.68421052631578
4451,2,58,90,0.0,4.0,86.0,61.0,70.93023255813954
2380,1,99,68,5.0,1.0,55.0,32.0,58.18181818181818
3199,1,51,19,10.0,5.0,111.0,70.0,63.06306306306306
1473,1,139,19,16.0,4.0,140.0,89.0,63.57142857142857
1901,1,114,144,11.0,7.0,111.0,66.0,59.45945945945946
2773,2,175,56,4.0,1.0,82.0,56.0,68.29268292682927
1013,3,92,73,8.0,4.0,66.0,45.0,68.18181818181817
1434,1,52,5,12.0,2.0,92.0,56.0,60.86956521739131
4175,1,105,154,7.0,3.0,59.0,39.0,66.10169491525424
2738,3,181,57,14.0,4.0,103.0,69.0,66.99029126213593
846,2,128,23,3.0,8.0,85.0,53.0,62.35294117647059
851,1,30,30,6.0,0.0,62.0,42.0,67.74193548387096
1745,1,4,7,2.0,3.0,52.0,31.0,59.61538461538461
1575,1,102,19,10.0,9.0,118.0,66.0,55.932203389830505
3639,1,56,88,2.0,2.0,64.0,43.0,67.1875
1427,2,176,76,7.0,1.0,116.0,77.0,66.37931034482759
301,2,78,9,10.0,1.0,77.0,54.0,70.12987012987013
1574,1,145,159,5.0,0.0,50.0,28.0,56.00000000000001
4883,1,9,19,3.0,2.0,70.0,40.0,57.14285714285714
2864,1,190,19,4.0,3.0,111.0,67.0,60.36036036036037
3879,2,12,22,11.0,6.0,101.0,71.0,70.29702970297029
2971,2,90,23,2.0,7.0,183.0,129.0,70.49180327868852
3453,1,135,82,8.0,5.0,108.0,64.0,59.25925925925925
2840,1,82,64,14.0,1.0,55.0,39.0,70.9090909090909
2731,2,49,23,0.0,4.0,76.0,50.0,65.78947368421053
3497,1,33,65,1.0,0.0,61.0,40.0,65.57377049180327
3119,1,44,16,16.0,1.0,51.0,27.0,52.94117647058824
2290,2,97,20,1.0,1.0,57.0,39.0,68.42105263157895
3044,1,197,159,2.0,0.0,55.0,43.0,78.18181818181819
159,1,98,67,4.0,0.0,43.0,18.0,41.86046511627907
5122,1,107,158,3.0,5.0,90.0,57.0,63.33333333333333
298,3,130,73,10.0,3.0,106.0,65.0,61.32075471698113
3402,2,175,220,1.0,5.0,76.0,57.0,75.0
1930,2,179,23,12.0,6.0,168.0,104.0,61.904761904761905
31,1,170,16,11.0,3.0,95.0,65.0,68.42105263157895
3338,1,29,28,4.0,5.0,82.0,49.0,59.756097560975604
2165,1,53,80,5.0,4.0,86.0,54.0,62.7906976744186
1769,1,142,183,2.0,1.0,88.0,52.0,59.09090909090909
4087,1,137,18,10.0,1.0,56.0,39.0,69.64285714285714
5239,2,59,92,0.0,1.0,81.0,60.0,74.07407407407408
1590,2,11,21,1.0,5.0,70.0,29.0,41.42857142857143
2655,3,94,78,1.0,3.0,72.0,51.0,70.83333333333334
1988,2,31,6,1.0,2.0,106.0,73.0,68.86792452830188
4669,3,183,78,5.0,1.0,84.0,51.0,60.71428571428571
4833,2,78,9,2.0,6.0,102.0,66.0,64.70588235294117
2169,1,56,88,13.0,3.0,101.0,63.0,62.37623762376238
6142,2,84,66,1.0,1.0,63.0,42.0,66.66666666666666
894,1,15,27,4.0,6.0,95.0,52.0,54.736842105263165
5520,1,108,159,6.0,2.0,99.0,66.0,66.66666666666666
751,1,147,63,1.0,6.0,119.0,64.0,53.78151260504202
5099,2,177,21,2.0,1.0,75.0,56.0,74.66666666666667
971,1,32,64,4.0,1.0,88.0,50.0,56.81818181818182
3325,2,175,69,7.0,5.0,79.0,38.0,48.10126582278481
2684,3,130,73,6.0,3.0,76.0,60.0,78.94736842105263
1577,2,27,83,1.0,2.0,63.0,44.0,69.84126984126983
1700,2,31,6,0.0,2.0,74.0,53.0,71.62162162162163
2272,2,23,58,2.0,1.0,54.0,38.0,70.37037037037037
1354,2,174,66,2.0,2.0,92.0,42.0,45.65217391304348
3372,2,96,22,3.0,1.0,74.0,49.0,66.21621621621621
2140,1,79,2,6.0,4.0,61.0,39.0,63.934426229508205
3867,1,121,64,23.0,4.0,146.0,100.0,68.4931506849315
3154,1,139,19,14.0,2.0,94.0,60.0,63.829787234042556
1424,2,128,23,2.0,5.0,104.0,61.0,58.65384615384615
1235,1,41,84,10.0,3.0,92.0,59.0,64.13043478260869
981,2,85,150,4.0,2.0,53.0,33.0,62.264150943396224
1121,2,83,148,5.0,6.0,83.0,48.0,57.831325301204814
1076,2,179,23,0.0,1.0,128.0,81.0,63.28125
1096,1,135,67,5.0,1.0,65.0,48.0,73.84615384615385
2204,1,79,13,5.0,1.0,70.0,41.0,58.57142857142858
3558,1,82,64,3.0,0.0,46.0,33.0,71.73913043478261
413,1,193,155,5.0,2.0,48.0,27.0,56.25
506,1,32,64,8.0,3.0,78.0,53.0,67.94871794871796
142,2,88,21,2.0,0.0,64.0,48.0,75.0
3160,1,8,18,4.0,1.0,61.0,36.0,59.01639344262295
1024,1,55,1,4.0,2.0,70.0,40.0,57.14285714285714
5778,1,201,225,6.0,3.0,78.0,44.0,56.41025641025641
3507,1,51,19,16.0,9.0,90.0,52.0,57.77777777777777
2382,1,44,16,3.0,1.0,73.0,40.0,54.794520547945204
4676,1,17,30,6.0,3.0,67.0,43.0,64.17910447761194
2489,1,102,19,8.0,3.0,74.0,52.0,70.27027027027027
619,1,80,15,14.0,3.0,120.0,78.0,65.0
6416,1,115,5,9.0,4.0,162.0,95.0,58.64197530864198
2127,1,139,19,6.0,17.0,87.0,42.0,48.275862068965516
3072,2,175,69,6.0,3.0,93.0,62.0,66.66666666666666
652,1,52,5,15.0,4.0,130.0,70.0,53.84615384615385
3796,1,65,114,9.0,5.0,105.0,67.0,63.8095238095238
625,1,32,64,4.0,1.0,88.0,50.0,56.81818181818182
1680,1,51,19,5.0,7.0,118.0,79.0,66.94915254237289
3600,1,172,64,1.0,1.0,49.0,35.0,71.42857142857143
31,1,105,154,11.0,1.0,85.0,52.0,61.1764705882353
3554,1,172,64,6.0,0.0,62.0,46.0,74.19354838709677
4083,2,126,21,2.0,1.0,68.0,33.0,48.529411764705884
4052,2,173,81,0.0,2.0,56.0,32.0,57.14285714285714
1930,2,123,66,5.0,2.0,81.0,50.0,61.72839506172839
1000,1,118,2,13.0,4.0,105.0,62.0,59.04761904761905
6026,1,75,144,1.0,1.0,74.0,51.0,68.91891891891892
5473,1,138,80,6.0,6.0,69.0,36.0,52.17391304347826
1467,3,183,78,1.0,0.0,25.0,14.0,56.00000000000001
6283,1,9,19,4.0,3.0,92.0,65.0,70.65217391304348
5043,1,199,77,9.0,2.0,65.0,49.0,75.38461538461539
417,1,170,15,5.0,3.0,94.0,50.0,53.191489361702125
6069,2,126,21,6.0,11.0,69.0,34.0,49.275362318840585
615,2,88,21,15.0,1.0,82.0,54.0,65.85365853658537
3237,1,102,19,18.0,2.0,74.0,45.0,60.810810810810814
3245,2,49,23,2.0,2.0,68.0,43.0,63.23529411764706
5960,2,21,56,5.0,4.0,125.0,80.0,64.0
2918,3,94,78,10.0,3.0,132.0,64.0,48.484848484848484
1077,3,180,61,27.0,1.0,132.0,95.0,71.96969696969697
3576,1,142,183,1.0,3.0,96.0,67.0,69.79166666666666
974,2,48,76,3.0,4.0,67.0,45.0,67.16417910447761
3055,1,196,70,11.0,5.0,103.0,69.0,66.99029126213593
2281,2,40,77,1.0,3.0,104.0,65.0,62.5
3132,2,118,179,9.0,2.0,86.0,53.0,61.627906976744185
2968,2,12,22,2.0,1.0,57.0,40.0,70.17543859649122
3664,2,118,179,5.0,3.0,94.0,61.0,64.8936170212766
5706,2,49,23,10.0,2.0,98.0,57.0,58.16326530612245
1279,2,177,21,3.0,0.0,58.0,32.0,55.172413793103445
1032,1,32,64,1.0,5.0,103.0,58.0,56.310679611650485
1722,2,122,148,9.0,0.0,51.0,31.0,60.78431372549019
638,3,50,78,3.0,7.0,162.0,99.0,61.111111111111114
2539,1,115,5,20.0,1.0,78.0,50.0,64.1025641025641
1734,2,186,221,9.0,2.0,62.0,43.0,69.35483870967742
1430,1,16,29,3.0,3.0,47.0,24.0,51.06382978723404
4031,1,121,64,7.0,5.0,103.0,62.0,60.19417475728155
6388,1,191,181,1.0,0.0,56.0,45.0,80.35714285714286
5553,1,144,55,8.0,7.0,72.0,43.0,59.72222222222222
1853,2,125,76,6.0,2.0,119.0,70.0,58.82352941176471
1692,3,132,78,11.0,4.0,134.0,90.0,67.16417910447761
770,2,85,150,1.0,0.0,69.0,49.0,71.01449275362319
3191,3,91,151,3.0,3.0,76.0,50.0,65.78947368421053
3425,3,131,85,18.0,14.0,115.0,66.0,57.391304347826086
2299,3,130,73,13.0,1.0,75.0,54.0,72.0
1180,1,198,30,2.0,2.0,73.0,47.0,64.38356164383562
5212,3,182,75,10.0,1.0,76.0,51.0,67.10526315789474
2352,1,78,11,2.0,4.0,82.0,53.0,64.63414634146342
3528,1,190,19,17.0,12.0,173.0,99.0,57.22543352601156
816,2,90,23,4.0,3.0,159.0,108.0,67.9245283018868
2424,1,51,19,5.0,6.0,102.0,63.0,61.76470588235294
4168,1,78,11,7.0,0.0,52.0,33.0,63.46153846153846
1122,2,49,23,2.0,5.0,57.0,33.0,57.89473684210527
3827,1,190,19,18.0,8.0,168.0,85.0,50.595238095238095
1840,2,83,149,3.0,4.0,105.0,69.0,65.71428571428571
4748,2,176,76,2.0,4.0,62.0,30.0,48.38709677419355
2601,1,33,65,1.0,1.0,55.0,38.0,69.0909090909091
4198,1,172,64,5.0,3.0,62.0,39.0,62.903225806451616
1895,1,53,80,10.0,3.0,72.0,34.0,47.22222222222222
3146,1,120,65,5.0,0.0,50.0,29.0,57.99999999999999
3296,2,128,23,4.0,5.0,78.0,40.0,51.28205128205128
2167,1,117,11,1.0,4.0,66.0,40.0,60.60606060606061
2439,1,135,82,8.0,5.0,108.0,64.0,59.25925925925925
3154,2,179,23,4.0,2.0,67.0,37.0,55.223880597014926
8,1,1,1,11.0,4.0,55.0,36.0,65.45454545454545
4377,1,135,67,0.0,1.0,62.0,43.0,69.35483870967742
3507,1,113,142,5.0,2.0,70.0,45.0,64.28571428571429
5202,2,184,60,6.0,3.0,78.0,43.0,55.12820512820513
3268,2,168,9,1.0,1.0,69.0,55.0,79.71014492753623
1204,1,98,82,8.0,1.0,57.0,25.0,43.859649122807014
2825,1,9,19,2.0,2.0,85.0,50.0,58.82352941176471
2726,1,196,55,8.0,1.0,72.0,41.0,56.94444444444444
6416,1,39,18,3.0,6.0,91.0,54.0,59.34065934065934
2280,2,49,23,7.0,4.0,129.0,82.0,63.565891472868216
2493,2,128,23,8.0,2.0,116.0,72.0,62.06896551724138
1973,2,13,23,2.0,9.0,116.0,82.0,70.6896551724138
4448,1,51,19,10.0,3.0,136.0,82.0,60.29411764705882
6237,1,81,65,4.0,2.0,67.0,42.0,62.68656716417911
6102,2,128,23,6.0,5.0,113.0,70.0,61.94690265486725
35,3,131,85,6.0,4.0,87.0,54.0,62.06896551724138
4262,2,87,76,3.0,2.0,58.0,33.0,56.896551724137936
4093,1,32,64,1.0,5.0,78.0,47.0,60.256410256410255
2946,1,137,18,6.0,6.0,78.0,37.0,47.43589743589743
1779,2,89,83,11.0,4.0,100.0,53.0,53.0
3158,1,147,63,10.0,1.0,60.0,40.0,66.66666666666666
3766,2,177,21,3.0,7.0,88.0,49.0,55.68181818181818
2992,1,165,5,16.0,2.0,185.0,108.0,58.37837837837838
3262,2,90,23,4.0,6.0,118.0,78.0,66.10169491525424
3454,1,137,18,3.0,5.0,86.0,47.0,54.65116279069767
1464,3,94,78,2.0,4.0,67.0,45.0,67.16417910447761
1170,2,127,83,1.0,0.0,55.0,38.0,69.0909090909091
3811,2,49,23,7.0,3.0,72.0,41.0,56.94444444444444
5226,2,40,77,2.0,6.0,116.0,72.0,62.06896551724138
4421,2,40,69,0.0,5.0,55.0,28.0,50.90909090909091
2338,3,130,73,10.0,1.0,85.0,54.0,63.52941176470588
4518,2,59,93,3.0,4.0,47.0,27.0,57.446808510638306
840,2,90,23,3.0,2.0,131.0,97.0,74.04580152671755
4720,1,33,65,0.0,4.0,76.0,52.0,68.42105263157895
2155,2,89,83,6.0,2.0,90.0,58.0,64.44444444444444
2850,1,139,19,7.0,4.0,122.0,68.0,55.73770491803278
5616,2,118,179,2.0,2.0,49.0,32.0,65.3061224489796
3951,2,87,76,6.0,0.0,46.0,28.0,60.86956521739131
5099,2,97,72,1.0,3.0,79.0,52.0,65.82278481012658
6246,1,32,64,7.0,2.0,66.0,36.0,54.54545454545454
1018,1,161,213,5.0,0.0,81.0,56.0,69.1358024691358
1220,2,4,6,14.0,9.0,114.0,60.0,52.63157894736842
1841,1,2,4,16.0,3.0,121.0,66.0,54.54545454545454
2811,1,29,28,2.0,0.0,18.0,15.0,83.33333333333334
6190,3,182,85,1.0,2.0,35.0,17.0,48.57142857142857
4125,1,189,80,10.0,2.0,96.0,53.0,55.208333333333336
395,1,137,18,2.0,2.0,86.0,45.0,52.32558139534884
886,1,193,155,5.0,4.0,66.0,45.0,68.18181818181817
601,1,190,19,15.0,2.0,86.0,55.0,63.95348837209303
648,1,165,5,11.0,2.0,68.0,44.0,64.70588235294117
2227,1,163,219,5.0,3.0,96.0,58.0,60.416666666666664
311,2,27,62,3.0,0.0,34.0,27.0,79.41176470588235
3437,1,16,29,4.0,3.0,115.0,81.0,70.43478260869566
2450,2,31,6,1.0,2.0,78.0,62.0,79.48717948717949
4561,1,77,7,3.0,7.0,62.0,27.0,43.54838709677419
547,1,37,67,7.0,6.0,98.0,56.0,57.14285714285714
1928,3,22,73,8.0,0.0,70.0,43.0,61.42857142857143
3570,1,107,55,9.0,1.0,86.0,51.0,59.30232558139535
1951,1,188,18,5.0,2.0,84.0,46.0,54.761904761904766
3447,1,185,79,16.0,0.0,86.0,61.0,70.93023255813954
1265,2,184,58,2.0,4.0,69.0,37.0,53.62318840579711
4170,1,98,67,10.0,11.0,105.0,51.0,48.57142857142857
1969,1,77,8,3.0,2.0,41.0,31.0,75.60975609756098
1905,3,50,78,14.0,9.0,144.0,83.0,57.638888888888886
2610,2,124,180,12.0,1.0,111.0,75.0,67.56756756756756
1910,1,108,159,7.0,0.0,51.0,36.0,70.58823529411765
4078,2,173,148,11.0,8.0,88.0,54.0,61.36363636363637
199,1,42,71,2.0,4.0,70.0,34.0,48.57142857142857
1005,1,80,15,4.0,3.0,77.0,37.0,48.05194805194805
36,3,183,78,23.0,9.0,124.0,68.0,54.83870967741935
1893,2,96,22,7.0,1.0,72.0,47.0,65.27777777777779
2342,2,118,179,8.0,2.0,84.0,53.0,63.095238095238095
4105,1,137,18,11.0,5.0,133.0,85.0,63.90977443609023
848,1,190,19,23.0,10.0,135.0,81.0,60.0
1990,1,76,5,14.0,6.0,137.0,71.0,51.82481751824818
578,2,85,69,11.0,0.0,71.0,48.0,67.6056338028169
3998,1,51,19,27.0,8.0,144.0,90.0,62.5
3147,1,151,191,2.0,2.0,71.0,42.0,59.154929577464785
2704,1,3,5,1.0,3.0,135.0,94.0,69.62962962962963
5998,2,124,69,0.0,1.0,47.0,29.0,61.702127659574465
4756,3,92,73,8.0,0.0,66.0,54.0,81.81818181818183
2457,1,52,5,1.0,2.0,114.0,80.0,70.17543859649122
671,2,173,148,7.0,2.0,90.0,60.0,66.66666666666666
2628,1,196,55,17.0,2.0,74.0,42.0,56.75675675675676
4843,2,49,23,8.0,1.0,97.0,60.0,61.855670103092784
5977,1,170,16,8.0,1.0,75.0,46.0,61.33333333333333
3184,1,144,70,9.0,6.0,96.0,49.0,51.041666666666664
2263,2,184,58,4.0,1.0,71.0,45.0,63.38028169014085
2872,2,133,60,3.0,3.0,62.0,36.0,58.06451612903226
2103,1,196,224,2.0,1.0,70.0,53.0,75.71428571428571
6314,2,178,62,5.0,3.0,72.0,41.0,56.94444444444444
3212,1,102,19,18.0,10.0,106.0,66.0,62.264150943396224
4676,1,118,13,9.0,2.0,111.0,63.0,56.75675675675676
3818,2,178,62,1.0,0.0,81.0,39.0,48.148148148148145
4048,3,50,78,3.0,4.0,84.0,56.0,66.66666666666666
1374,1,109,30,6.0,1.0,59.0,36.0,61.016949152542374
2021,1,16,28,2.0,5.0,77.0,43.0,55.84415584415584
3166,3,132,78,3.0,7.0,159.0,117.0,73.58490566037736
1616,3,180,61,3.0,1.0,57.0,39.0,68.42105263157895
2965,2,58,91,5.0,5.0,114.0,72.0,63.1578947368421
2186,1,82,64,1.0,0.0,89.0,66.0,74.15730337078652
777,1,57,87,2.0,1.0,36.0,17.0,47.22222222222222
3335,2,34,9,3.0,0.0,91.0,59.0,64.83516483516483
4784,1,75,145,5.0,1.0,91.0,61.0,67.03296703296702
5475,2,84,66,2.0,5.0,56.0,35.0,62.5
3208,3,26,61,6.0,1.0,51.0,35.0,68.62745098039215
906,1,32,64,10.0,1.0,96.0,64.0,66.66666666666666
520,1,106,157,2.0,5.0,66.0,40.0,60.60606060606061
1039,1,14,24,7.0,3.0,100.0,60.0,60.0
3338,2,174,66,1.0,1.0,62.0,33.0,53.2258064516129
3132,1,52,5,14.0,1.0,136.0,86.0,63.23529411764706
3661,2,12,22,6.0,0.0,46.0,30.0,65.21739130434783
4029,1,19,32,12.0,3.0,110.0,66.0,60.0
3019,3,92,73,13.0,3.0,84.0,50.0,59.523809523809526
3999,1,195,184,4.0,2.0,63.0,46.0,73.01587301587301
3374,2,175,69,3.0,3.0,55.0,27.0,49.09090909090909
1788,1,74,1,15.0,6.0,78.0,51.0,65.38461538461539
6359,1,100,18,8.0,2.0,114.0,72.0,63.1578947368421
2364,2,90,23,6.0,6.0,77.0,57.0,74.02597402597402
31,2,10,20,6.0,4.0,58.0,26.0,44.827586206896555
864,1,79,2,8.0,3.0,73.0,45.0,61.64383561643836
2715,1,51,19,25.0,7.0,144.0,88.0,61.111111111111114
219,2,126,21,4.0,3.0,49.0,31.0,63.26530612244898
3377,1,79,13,7.0,2.0,63.0,34.0,53.96825396825397
6230,1,198,30,3.0,2.0,101.0,55.0,54.45544554455446
5405,2,49,23,0.0,7.0,115.0,68.0,59.130434782608695
6042,1,44,16,7.0,0.0,82.0,58.0,70.73170731707317
4070,3,182,75,9.0,3.0,61.0,46.0,75.40983606557377
2646,2,177,21,7.0,6.0,95.0,56.0,58.94736842105262
3655,1,4,7,5.0,2.0,113.0,72.0,63.716814159292035
3643,1,137,18,1.0,4.0,44.0,22.0,50.0
2095,1,76,5,15.0,6.0,129.0,84.0,65.11627906976744
1215,2,90,23,8.0,2.0,155.0,101.0,65.16129032258064
6102,1,115,5,7.0,3.0,88.0,59.0,67.04545454545455
1170,1,33,65,8.0,2.0,48.0,28.0,58.333333333333336
2501,3,92,73,10.0,4.0,77.0,56.0,72.72727272727273
1772,2,122,149,8.0,3.0,80.0,51.0,63.74999999999999
1879,1,106,156,5.0,4.0,68.0,42.0,61.76470588235294
1200,1,4,8,9.0,3.0,49.0,35.0,71.42857142857143
5986,1,149,84,2.0,1.0,55.0,37.0,67.27272727272727
644,1,135,82,2.0,0.0,47.0,34.0,72.3404255319149
4746,2,80,17,5.0,1.0,106.0,69.0,65.09433962264151
1986,1,17,30,2.0,4.0,84.0,57.0,67.85714285714286
436,1,185,79,11.0,0.0,70.0,47.0,67.14285714285714
2062,1,98,67,12.0,4.0,61.0,42.0,68.85245901639344
2709,2,21,81,2.0,4.0,73.0,34.0,46.57534246575342
1472,1,32,64,2.0,0.0,60.0,39.0,65.0
3529,3,91,151,12.0,2.0,102.0,66.0,64.70588235294117
5627,2,124,180,0.0,5.0,99.0,72.0,72.72727272727273
2601,1,76,5,6.0,3.0,112.0,70.0,62.5
2399,1,115,5,17.0,5.0,130.0,89.0,68.46153846153847
503,1,14,24,1.0,5.0,55.0,25.0,45.45454545454545
5096,1,172,64,5.0,3.0,67.0,45.0,67.16417910447761
658,1,136,68,0.0,4.0,46.0,27.0,58.69565217391305
775,2,89,62,5.0,1.0,114.0,71.0,62.28070175438597
359,1,3,5,7.0,4.0,96.0,57.0,59.375
562,1,164,4,1.0,1.0,55.0,32.0,58.18181818181818
4847,3,93,75,0.0,0.0,53.0,40.0,75.47169811320755
4614,1,82,64,3.0,0.0,108.0,79.0,73.14814814814815
6449,1,101,80,7.0,3.0,84.0,45.0,53.57142857142857
1965,1,31,7,3.0,1.0,43.0,22.0,51.162790697674424
4205,1,14,24,3.0,3.0,122.0,68.0,55.73770491803278
2761,3,132,78,10.0,8.0,159.0,91.0,57.23270440251572
2313,2,59,93,0.0,12.0,93.0,38.0,40.86021505376344
1572,3,93,85,6.0,5.0,85.0,65.0,76.47058823529412
5401,2,177,21,1.0,1.0,53.0,38.0,71.69811320754717
3989,1,168,11,10.0,1.0,87.0,66.0,75.86206896551724
416,1,139,19,14.0,2.0,95.0,63.0,66.3157894736842
4182,3,92,73,6.0,3.0,72.0,52.0,72.22222222222221
916,1,56,88,2.0,2.0,46.0,21.0,45.65217391304348
3961,1,8,18,5.0,3.0,67.0,31.0,46.26865671641791
1783,2,24,22,9.0,2.0,96.0,64.0,66.66666666666666
44,2,31,6,3.0,3.0,100.0,64.0,64.0
321,2,134,22,3.0,2.0,83.0,56.0,67.46987951807229
6233,1,100,18,6.0,13.0,141.0,78.0,55.319148936170215
239,1,198,30,0.0,3.0,46.0,22.0,47.82608695652174
4037,1,189,80,5.0,6.0,96.0,45.0,46.875
1545,1,114,4,3.0,2.0,88.0,44.0,50.0
5481,2,89,62,7.0,0.0,61.0,35.0,57.377049180327866
129,1,139,19,23.0,9.0,125.0,79.0,63.2
1273,1,3,5,26.0,4.0,112.0,68.0,60.71428571428571
1699,3,183,78,12.0,7.0,106.0,63.0,59.43396226415094
1610,2,11,21,4.0,6.0,95.0,55.0,57.89473684210527
3661,1,81,65,5.0,3.0,101.0,62.0,61.386138613861384
121,1,9,19,23.0,7.0,120.0,68.0,56.666666666666664
1912,1,6,13,7.0,5.0,79.0,52.0,65.82278481012658
846,1,113,142,7.0,2.0,66.0,45.0,68.18181818181817
2882,1,79,12,3.0,6.0,73.0,40.0,54.794520547945204
4789,2,43,17,7.0,4.0,111.0,71.0,63.96396396396396
5228,1,54,31,11.0,7.0,72.0,37.0,51.388888888888886
2031,2,175,69,2.0,1.0,74.0,48.0,64.86486486486487
5806,1,107,70,1.0,2.0,49.0,29.0,59.183673469387756
720,1,8,18,8.0,2.0,78.0,44.0,56.41025641025641
3697,3,132,78,3.0,5.0,98.0,57.0,58.16326530612245
3019,1,137,18,11.0,0.0,52.0,40.0,76.92307692307693
328,1,76,5,5.0,1.0,96.0,56.0,58.333333333333336
5240,1,9,19,2.0,2.0,97.0,48.0,49.48453608247423
4475,1,38,68,1.0,2.0,57.0,32.0,56.14035087719298
585,1,6,13,9.0,2.0,93.0,63.0,67.74193548387096
228,2,173,149,3.0,2.0,45.0,25.0,55.55555555555556
3974,1,195,184,2.0,3.0,93.0,55.0,59.13978494623656
3760,1,100,18,0.0,3.0,46.0,32.0,69.56521739130434
1748,1,170,16,1.0,2.0,73.0,49.0,67.12328767123287
3953,2,36,21,18.0,1.0,73.0,50.0,68.4931506849315
5426,1,191,222,7.0,1.0,84.0,55.0,65.47619047619048
440,2,125,76,11.0,3.0,101.0,61.0,60.396039603960396
4240,1,140,181,10.0,4.0,68.0,40.0,58.82352941176471
235,1,52,5,18.0,5.0,106.0,70.0,66.0377358490566
4132,2,134,72,3.0,3.0,89.0,71.0,79.7752808988764
3387,1,171,65,11.0,3.0,77.0,45.0,58.44155844155844
400,2,177,21,1.0,1.0,55.0,33.0,60.0
475,3,24,59,4.0,2.0,63.0,33.0,52.38095238095239
3578,1,138,80,4.0,5.0,58.0,33.0,56.896551724137936
3386,1,6,13,5.0,2.0,71.0,48.0,67.6056338028169
541,1,109,30,6.0,1.0,59.0,36.0,61.016949152542374
4847,1,37,67,1.0,5.0,85.0,51.0,60.0
3042,1,102,19,13.0,8.0,128.0,89.0,69.53125
1582,1,76,5,13.0,1.0,144.0,89.0,61.80555555555556
4881,2,86,81,2.0,2.0,53.0,34.0,64.15094339622641
4021,1,148,32,8.0,1.0,74.0,49.0,66.21621621621621
3980,1,195,184,7.0,0.0,66.0,46.0,69.6969696969697
1013,1,142,183,9.0,3.0,50.0,34.0,68.0
2189,2,133,60,5.0,1.0,72.0,47.0,65.27777777777779
5493,1,41,84,2.0,0.0,55.0,45.0,81.81818181818183
1778,2,133,60,9.0,2.0,101.0,66.0,65.34653465346535
2670,1,120,65,12.0,1.0,102.0,58.0,56.86274509803921
2178,1,16,29,5.0,6.0,61.0,34.0,55.73770491803278
2909,1,142,183,9.0,1.0,106.0,66.0,62.264150943396224
871,1,14,26,7.0,1.0,61.0,37.0,60.65573770491803
2519,1,135,67,2.0,3.0,75.0,38.0,50.66666666666667
1791,2,80,17,4.0,0.0,92.0,63.0,68.47826086956522
2779,1,106,157,4.0,0.0,55.0,40.0,72.72727272727273
1860,2,90,23,6.0,2.0,91.0,60.0,65.93406593406593
4030,3,130,57,7.0,1.0,65.0,39.0,60.0
2900,1,102,19,9.0,4.0,191.0,120.0,62.82722513089005
3203,1,115,5,7.0,6.0,115.0,70.0,60.86956521739131
4415,1,72,125,6.0,6.0,112.0,74.0,66.07142857142857
4412,2,49,23,0.0,10.0,82.0,45.0,54.87804878048781
3517,2,134,22,4.0,3.0,48.0,33.0,68.75
1424,3,94,78,7.0,8.0,96.0,44.0,45.83333333333333
4657,2,79,147,9.0,6.0,124.0,55.0,44.354838709677416
2564,1,23,82,1.0,4.0,51.0,29.0,56.86274509803921
3950,2,185,20,2.0,1.0,87.0,57.0,65.51724137931035
1043,2,84,66,2.0,4.0,65.0,41.0,63.07692307692307
3939,1,165,5,14.0,4.0,134.0,73.0,54.47761194029851
4175,1,1,1,8.0,2.0,48.0,31.0,64.58333333333334
5903,2,7,17,2.0,0.0,60.0,40.0,66.66666666666666
4759,2,119,17,6.0,1.0,44.0,25.0,56.81818181818182
2240,2,85,69,1.0,1.0,77.0,47.0,61.038961038961034
961,3,26,61,7.0,5.0,93.0,55.0,59.13978494623656
2512,1,121,64,6.0,1.0,54.0,30.0,55.55555555555556
3805,1,16,29,4.0,4.0,51.0,26.0,50.98039215686274
5262,3,22,73,4.0,1.0,65.0,38.0,58.46153846153847
743,3,132,78,13.0,4.0,125.0,74.0,59.199999999999996
4245,3,92,73,0.0,5.0,32.0,16.0,50.0
1899,1,199,63,10.0,0.0,89.0,60.0,67.41573033707866
400,2,36,21,1.0,0.0,50.0,29.0,57.99999999999999
707,1,81,65,4.0,2.0,58.0,36.0,62.06896551724138
5289,2,88,21,7.0,4.0,67.0,47.0,70.1492537313433
760,1,15,55,4.0,3.0,95.0,56.0,58.94736842105262
1879,1,16,28,1.0,0.0,49.0,37.0,75.51020408163265
2464,1,163,178,1.0,1.0,70.0,45.0,64.28571428571429
1149,1,116,146,13.0,2.0,86.0,51.0,59.30232558139535
2088,2,13,23,3.0,1.0,68.0,47.0,69.11764705882352
4448,1,51,19,24.0,8.0,194.0,110.0,56.70103092783505
1090,1,81,65,13.0,1.0,71.0,46.0,64.7887323943662
2825,1,97,79,6.0,4.0,90.0,60.0,66.66666666666666
2894,1,114,144,1.0,3.0,83.0,56.0,67.46987951807229
2434,2,88,21,4.0,1.0,63.0,37.0,58.730158730158735
3619,1,198,30,7.0,3.0,77.0,48.0,62.33766233766234
3235,1,33,65,10.0,4.0,98.0,62.0,63.26530612244898
4151,1,79,2,5.0,7.0,102.0,57.0,55.88235294117647
3662,1,32,64,11.0,5.0,74.0,56.0,75.67567567567568
849,1,45,12,6.0,4.0,60.0,36.0,60.0
2142,1,118,13,22.0,0.0,67.0,50.0,74.6268656716418
2900,1,145,29,8.0,1.0,77.0,48.0,62.33766233766234
3807,1,187,68,8.0,4.0,90.0,39.0,43.333333333333336
1282,1,136,68,8.0,1.0,111.0,58.0,52.25225225225225
1038,1,194,183,4.0,0.0,56.0,35.0,62.5
2113,2,128,23,5.0,5.0,152.0,88.0,57.89473684210527
3103,2,128,23,2.0,4.0,88.0,52.0,59.09090909090909
2094,1,34,11,5.0,3.0,108.0,63.0,58.333333333333336
4135,1,140,181,6.0,2.0,91.0,53.0,58.24175824175825
321,1,102,19,6.0,5.0,136.0,71.0,52.20588235294118
4181,1,75,145,4.0,0.0,69.0,45.0,65.21739130434783
5994,1,199,77,5.0,0.0,59.0,39.0,66.10169491525424
2380,1,6,13,7.0,5.0,79.0,52.0,65.82278481012658
2031,1,15,55,1.0,3.0,66.0,45.0,68.18181818181817
4914,1,3,5,0.0,2.0,89.0,64.0,71.91011235955057
3316,1,109,30,3.0,6.0,61.0,36.0,59.01639344262295
2906,2,134,22,2.0,0.0,72.0,43.0,59.72222222222222
4166,1,195,184,8.0,2.0,49.0,35.0,71.42857142857143
5592,1,7,15,1.0,2.0,56.0,41.0,73.21428571428571
3970,3,180,61,12.0,5.0,85.0,48.0,56.470588235294116
1189,1,213,254,2.0,3.0,72.0,42.0,58.333333333333336
2053,2,23,72,5.0,8.0,73.0,47.0,64.38356164383562
3140,1,165,5,13.0,11.0,145.0,92.0,63.44827586206897
1488,2,128,23,4.0,5.0,142.0,99.0,69.71830985915493
3732,1,144,70,4.0,2.0,72.0,44.0,61.111111111111114
11,1,3,5,21.0,6.0,163.0,109.0,66.87116564417178
2042,1,76,5,26.0,4.0,190.0,124.0,65.26315789473685
2886,1,188,18,8.0,2.0,105.0,54.0,51.42857142857142
3438,2,88,21,5.0,3.0,95.0,51.0,53.68421052631579
2726,1,51,19,27.0,3.0,108.0,73.0,67.5925925925926
607,3,50,78,2.0,5.0,82.0,55.0,67.07317073170732
3546,1,74,1,6.0,7.0,57.0,36.0,63.1578947368421
1620,1,115,5,15.0,3.0,106.0,69.0,65.09433962264151
1015,1,117,12,2.0,1.0,46.0,26.0,56.52173913043478
1042,2,123,66,3.0,3.0,82.0,45.0,54.87804878048781
3201,1,97,79,4.0,1.0,75.0,53.0,70.66666666666667
760,1,102,19,9.0,9.0,94.0,62.0,65.95744680851064
3795,3,50,78,20.0,0.0,76.0,49.0,64.47368421052632
309,1,14,26,14.0,6.0,104.0,62.0,59.61538461538461
5363,1,51,19,13.0,7.0,144.0,80.0,55.55555555555556
3139,1,37,67,7.0,1.0,51.0,29.0,56.86274509803921
706,1,43,2,12.0,5.0,82.0,51.0,62.19512195121951
2874,1,146,30,6.0,2.0,71.0,45.0,63.38028169014085
5999,2,123,66,6.0,0.0,103.0,58.0,56.310679611650485
93,2,128,23,3.0,2.0,69.0,47.0,68.11594202898551
4798,2,25,20,3.0,3.0,54.0,34.0,62.96296296296296
6248,1,191,222,4.0,1.0,66.0,35.0,53.03030303030303
1594,1,25,79,12.0,3.0,83.0,47.0,56.62650602409639
4926,1,189,80,5.0,3.0,100.0,56.0,56.00000000000001
528,1,190,19,21.0,4.0,146.0,88.0,60.273972602739725
3095,1,52,5,24.0,1.0,153.0,98.0,64.05228758169935
3843,1,7,15,1.0,3.0,62.0,47.0,75.80645161290323
1916,2,118,179,1.0,0.0,92.0,63.0,68.47826086956522
4101,1,146,30,10.0,3.0,94.0,58.0,61.702127659574465
1686,3,47,85,11.0,5.0,57.0,31.0,54.385964912280706
1908,1,120,65,5.0,8.0,70.0,42.0,60.0
1603,2,126,21,4.0,4.0,66.0,40.0,60.60606060606061
284,1,143,184,0.0,3.0,55.0,38.0,69.0909090909091
711,2,124,69,1.0,3.0,60.0,34.0,56.666666666666664
2653,3,93,75,17.0,0.0,83.0,54.0,65.06024096385542
2131,2,35,66,3.0,4.0,139.0,77.0,55.39568345323741
1855,1,186,67,3.0,2.0,69.0,40.0,57.971014492753625
1647,1,53,80,4.0,5.0,76.0,49.0,64.47368421052632
2869,3,131,75,8.0,2.0,50.0,27.0,54.0
1501,1,190,19,2.0,1.0,70.0,43.0,61.42857142857143
1665,1,15,55,12.0,0.0,75.0,56.0,74.66666666666667
5032,1,52,5,22.0,4.0,145.0,100.0,68.96551724137932
6377,1,15,27,1.0,2.0,46.0,27.0,58.69565217391305
1691,2,124,56,9.0,5.0,68.0,39.0,57.35294117647059
1018,1,29,28,4.0,3.0,88.0,50.0,56.81818181818182
4872,1,3,5,17.0,8.0,159.0,92.0,57.861635220125784
1174,1,120,65,0.0,2.0,48.0,31.0,64.58333333333334
63,1,52,5,6.0,1.0,81.0,48.0,59.25925925925925
6192,2,184,58,2.0,1.0,69.0,47.0,68.11594202898551
5592,1,1,1,1.0,1.0,67.0,48.0,71.64179104477611
1100,1,37,67,4.0,4.0,57.0,28.0,49.122807017543856
2885,1,144,70,3.0,3.0,58.0,32.0,55.172413793103445
634,1,33,65,4.0,4.0,66.0,36.0,54.54545454545454
3935,1,171,65,2.0,1.0,58.0,32.0,55.172413793103445
821,2,25,20,8.0,3.0,91.0,48.0,52.74725274725275
421,2,48,76,4.0,4.0,103.0,66.0,64.07766990291263
4563,1,81,65,3.0,1.0,48.0,29.0,60.416666666666664
1531,2,86,81,4.0,1.0,81.0,45.0,55.55555555555556
4554,1,38,68,6.0,4.0,65.0,42.0,64.61538461538461
1911,1,39,18,7.0,1.0,82.0,52.0,63.41463414634146
3963,1,32,64,3.0,1.0,52.0,38.0,73.07692307692307
1815,1,43,2,2.0,0.0,49.0,37.0,75.51020408163265
261,1,51,19,6.0,3.0,96.0,57.0,59.375
1486,1,60,109,12.0,3.0,60.0,37.0,61.66666666666667
2523,2,124,69,2.0,2.0,45.0,30.0,66.66666666666666
1100,1,144,155,9.0,4.0,80.0,45.0,56.25
1754,2,23,72,0.0,2.0,69.0,43.0,62.31884057971014
3763,1,143,184,15.0,2.0,92.0,60.0,65.21739130434783
631,3,50,78,12.0,1.0,74.0,43.0,58.108108108108105
5780,1,28,29,1.0,1.0,51.0,31.0,60.78431372549019
3406,1,166,7,10.0,1.0,92.0,68.0,73.91304347826086
300,2,87,76,6.0,1.0,55.0,36.0,65.45454545454545
1210,1,16,29,18.0,7.0,103.0,63.0,61.165048543689316
4396,1,51,19,19.0,3.0,80.0,56.0,70.0
64,1,143,184,6.0,0.0,35.0,26.0,74.28571428571429
358,1,51,19,11.0,2.0,95.0,68.0,71.57894736842105
6357,1,145,159,5.0,2.0,65.0,39.0,60.0
4689,1,147,31,15.0,1.0,109.0,71.0,65.13761467889908
881,1,119,15,1.0,3.0,52.0,22.0,42.30769230769231
2954,1,143,184,9.0,1.0,54.0,37.0,68.51851851851852
1986,1,107,158,2.0,1.0,81.0,45.0,55.55555555555556
2378,2,124,56,2.0,0.0,42.0,26.0,61.904761904761905
1643,1,114,144,11.0,8.0,99.0,51.0,51.515151515151516
4103,2,186,221,3.0,0.0,55.0,37.0,67.27272727272727
3414,3,26,61,6.0,1.0,51.0,35.0,68.62745098039215
1989,1,25,79,30.0,0.0,104.0,80.0,76.92307692307693
2229,1,9,19,1.0,1.0,70.0,44.0,62.857142857142854
3361,2,90,23,9.0,6.0,124.0,73.0,58.87096774193549
6378,1,195,184,8.0,2.0,70.0,44.0,62.857142857142854
4167,1,149,84,9.0,4.0,70.0,45.0,64.28571428571429
3335,2,90,23,0.0,0.0,78.0,55.0,70.51282051282051
3104,1,52,5,8.0,2.0,78.0,53.0,67.94871794871796
2720,1,120,65,0.0,1.0,49.0,32.0,65.3061224489796
828,1,165,5,10.0,0.0,79.0,60.0,75.9493670886076
364,1,118,13,11.0,3.0,65.0,44.0,67.6923076923077
5593,2,10,20,0.0,2.0,95.0,55.0,57.89473684210527
2141,3,94,78,20.0,5.0,124.0,80.0,64.51612903225806
3742,1,137,18,2.0,2.0,47.0,34.0,72.3404255319149
860,1,32,64,0.0,0.0,56.0,34.0,60.71428571428571
2069,1,190,19,2.0,5.0,84.0,33.0,39.285714285714285
881,2,40,69,1.0,0.0,52.0,29.0,55.769230769230774
1752,1,104,153,15.0,3.0,88.0,53.0,60.22727272727273
397,2,127,83,2.0,1.0,60.0,33.0,55.00000000000001
4126,3,22,57,7.0,4.0,63.0,32.0,50.79365079365079
6161,1,188,18,5.0,6.0,45.0,23.0,51.11111111111111
1631,1,104,152,3.0,0.0,73.0,53.0,72.6027397260274
1011,3,181,57,12.0,3.0,75.0,45.0,60.0
5865,2,118,179,8.0,2.0,84.0,53.0,63.095238095238095
1073,1,80,16,11.0,4.0,112.0,65.0,58.03571428571429
2810,2,128,23,7.0,3.0,80.0,57.0,71.25
2950,1,135,82,3.0,4.0,55.0,26.0,47.27272727272727
5482,2,49,23,23.0,2.0,89.0,62.0,69.66292134831461
5485,1,76,5,10.0,3.0,107.0,81.0,75.70093457943925
1885,2,13,23,6.0,6.0,115.0,60.0,52.17391304347826
540,1,107,70,0.0,4.0,55.0,27.0,49.09090909090909
926,1,14,26,0.0,3.0,83.0,52.0,62.65060240963856
5852,2,6,14,0.0,6.0,95.0,63.0,66.3157894736842
406,1,6,13,9.0,0.0,64.0,40.0,62.5
1888,1,82,64,14.0,1.0,55.0,39.0,70.9090909090909
4010,1,121,64,1.0,2.0,75.0,49.0,65.33333333333333
4672,1,98,67,6.0,4.0,97.0,53.0,54.63917525773196
772,1,120,65,3.0,5.0,76.0,44.0,57.89473684210527
466,1,140,181,4.0,7.0,65.0,37.0,56.92307692307692
2650,2,96,58,4.0,6.0,94.0,67.0,71.27659574468085
267,1,33,65,4.0,0.0,60.0,33.0,55.00000000000001
1207,1,4,7,6.0,1.0,58.0,34.0,58.620689655172406
980,2,7,17,4.0,4.0,80.0,52.0,65.0
1067,1,169,2,9.0,1.0,71.0,52.0,73.23943661971832
306,2,175,69,0.0,3.0,49.0,32.0,65.3061224489796
323,1,30,30,24.0,12.0,112.0,66.0,58.92857142857143
1823,2,88,21,9.0,3.0,78.0,48.0,61.53846153846154
925,2,184,60,3.0,0.0,47.0,25.0,53.191489361702125
115,1,9,19,0.0,3.0,82.0,54.0,65.85365853658537
3820,1,144,70,9.0,6.0,96.0,49.0,51.041666666666664
4680,1,39,18,1.0,2.0,86.0,59.0,68.6046511627907
2450,2,43,17,0.0,0.0,50.0,30.0,60.0
1298,1,78,11,2.0,2.0,61.0,32.0,52.459016393442624
2898,2,48,76,6.0,14.0,115.0,59.0,51.30434782608696
2001,1,1,1,1.0,1.0,49.0,30.0,61.224489795918366
3489,1,74,1,2.0,4.0,82.0,54.0,65.85365853658537
40,1,28,74,2.0,1.0,40.0,28.0,70.0
5033,1,42,55,13.0,0.0,79.0,55.0,69.62025316455697
6306,1,79,12,12.0,8.0,111.0,66.0,59.45945945945946
2762,1,191,222,0.0,0.0,35.0,21.0,60.0
2338,1,111,32,10.0,2.0,71.0,48.0,67.6056338028169
614,2,174,66,2.0,0.0,64.0,48.0,75.0
729,2,80,17,1.0,2.0,57.0,37.0,64.91228070175438
5567,1,196,55,1.0,4.0,75.0,52.0,69.33333333333334
1709,1,29,28,3.0,2.0,65.0,45.0,69.23076923076923
221,3,50,78,6.0,3.0,64.0,40.0,62.5
5997,1,102,19,10.0,9.0,118.0,66.0,55.932203389830505
5399,2,179,23,10.0,3.0,94.0,61.0,64.8936170212766
6124,1,37,67,17.0,10.0,117.0,58.0,49.572649572649574
4888,1,144,155,6.0,1.0,114.0,67.0,58.77192982456141
3511,1,75,144,3.0,1.0,81.0,60.0,74.07407407407408
6276,1,105,155,10.0,1.0,73.0,45.0,61.64383561643836
3551,2,6,14,4.0,2.0,68.0,45.0,66.17647058823529
2369,1,145,29,7.0,1.0,62.0,40.0,64.51612903225806
5154,2,20,51,10.0,3.0,103.0,71.0,68.93203883495146
2470,3,93,85,10.0,7.0,69.0,40.0,57.971014492753625
5794,1,16,29,10.0,4.0,76.0,33.0,43.42105263157895
4377,3,92,73,0.0,2.0,66.0,41.0,62.121212121212125
383,2,173,149,7.0,1.0,97.0,69.0,71.1340206185567
5865,1,100,18,7.0,1.0,103.0,61.0,59.22330097087378
2107,1,41,70,5.0,2.0,99.0,63.0,63.63636363636363
2199,2,123,66,1.0,2.0,52.0,27.0,51.92307692307693
3717,2,128,23,2.0,3.0,149.0,105.0,70.46979865771812
3840,1,8,18,9.0,1.0,56.0,31.0,55.35714285714286
3560,1,33,65,6.0,0.0,73.0,49.0,67.12328767123287
1123,1,195,184,8.0,1.0,67.0,45.0,67.16417910447761
2143,2,89,62,9.0,1.0,78.0,54.0,69.23076923076923
601,2,179,23,2.0,5.0,110.0,76.0,69.0909090909091
4997,2,58,91,2.0,1.0,45.0,27.0,60.0
6273,1,117,11,1.0,5.0,70.0,40.0,57.14285714285714
5788,2,119,17,6.0,4.0,108.0,80.0,74.07407407407408
3684,1,34,11,11.0,4.0,78.0,50.0,64.1025641025641
2501,1,74,1,14.0,7.0,123.0,69.0,56.09756097560976
883,1,82,64,13.0,0.0,86.0,57.0,66.27906976744185
1046,2,84,66,1.0,1.0,62.0,29.0,46.774193548387096
4443,2,178,83,1.0,2.0,56.0,36.0,64.28571428571429
6129,2,124,56,5.0,2.0,97.0,56.0,57.73195876288659
5965,2,175,69,1.0,3.0,70.0,40.0,57.14285714285714
4542,2,83,149,2.0,5.0,76.0,44.0,57.89473684210527
2795,1,196,224,15.0,1.0,91.0,59.0,64.83516483516483
1667,1,107,55,6.0,3.0,104.0,73.0,70.1923076923077
4834,1,191,222,3.0,3.0,50.0,32.0,64.0
467,1,79,12,16.0,2.0,109.0,73.0,66.97247706422019
1139,2,86,81,0.0,1.0,46.0,18.0,39.130434782608695
2309,1,76,5,16.0,2.0,152.0,101.0,66.44736842105263
5831,1,163,178,3.0,2.0,65.0,39.0,60.0
1934,2,118,179,2.0,6.0,60.0,36.0,60.0
846,1,6,13,13.0,4.0,124.0,92.0,74.19354838709677
2228,2,49,23,7.0,3.0,72.0,41.0,56.94444444444444
895,1,28,74,0.0,4.0,70.0,44.0,62.857142857142854
875,1,103,63,5.0,0.0,57.0,37.0,64.91228070175438
4967,1,140,181,5.0,2.0,58.0,38.0,65.51724137931035
1870,3,129,151,2.0,3.0,52.0,29.0,55.769230769230774
56,2,77,6,1.0,1.0,55.0,42.0,76.36363636363637
5972,1,189,80,2.0,1.0,49.0,29.0,59.183673469387756
1745,1,33,65,3.0,1.0,40.0,21.0,52.5
625,1,5,10,2.0,0.0,57.0,37.0,64.91228070175438
3661,2,179,23,9.0,4.0,123.0,64.0,52.03252032520326
397,1,115,5,17.0,3.0,136.0,89.0,65.44117647058823
2302,3,94,78,15.0,2.0,104.0,63.0,60.57692307692307
26,1,82,64,8.0,1.0,88.0,60.0,68.18181818181817
2625,1,7,16,6.0,6.0,115.0,63.0,54.78260869565217
4730,2,24,22,0.0,0.0,68.0,45.0,66.17647058823529
2059,2,122,81,0.0,2.0,70.0,36.0,51.42857142857142
3570,2,40,69,5.0,4.0,82.0,56.0,68.29268292682927
2611,3,183,78,23.0,9.0,124.0,68.0,54.83870967741935
2411,2,174,66,0.0,2.0,100.0,62.0,62.0
2501,1,190,19,5.0,6.0,109.0,61.0,55.96330275229357
2153,1,15,55,0.0,1.0,57.0,37.0,64.91228070175438
3833,2,124,69,3.0,1.0,50.0,33.0,66.0
2206,1,169,2,4.0,1.0,53.0,36.0,67.9245283018868
169,1,146,30,4.0,2.0,55.0,29.0,52.72727272727272
185,1,9,19,5.0,2.0,127.0,92.0,72.44094488188976
2726,2,128,23,5.0,5.0,95.0,56.0,58.94736842105262
1828,1,54,94,1.0,0.0,54.0,43.0,79.62962962962963
1029,2,90,23,3.0,5.0,107.0,58.0,54.20560747663551
3321,1,31,89,4.0,1.0,67.0,43.0,64.17910447761194
987,1,3,5,8.0,2.0,101.0,61.0,60.396039603960396
4004,2,35,66,6.0,3.0,73.0,34.0,46.57534246575342
6031,1,121,64,0.0,3.0,33.0,16.0,48.484848484848484
2789,1,119,16,12.0,8.0,100.0,60.0,60.0
4530,1,172,64,9.0,1.0,83.0,56.0,67.46987951807229
3942,2,175,56,0.0,5.0,114.0,83.0,72.80701754385966
2688,1,171,65,1.0,1.0,30.0,12.0,40.0
2672,2,179,23,8.0,7.0,157.0,103.0,65.60509554140127
3661,2,124,180,3.0,1.0,51.0,37.0,72.54901960784314
273,2,49,23,7.0,4.0,138.0,79.0,57.2463768115942
3363,1,98,67,3.0,4.0,57.0,32.0,56.14035087719298
2338,1,100,18,6.0,3.0,62.0,35.0,56.451612903225815
6414,1,120,65,11.0,7.0,97.0,54.0,55.670103092783506
3563,1,188,18,8.0,3.0,98.0,62.0,63.26530612244898
4851,2,96,58,0.0,6.0,63.0,34.0,53.96825396825397
3806,1,112,168,13.0,0.0,43.0,27.0,62.7906976744186
1100,1,14,26,13.0,0.0,78.0,45.0,57.692307692307686
2363,1,107,55,0.0,0.0,41.0,26.0,63.41463414634146
6198,1,99,68,3.0,4.0,94.0,60.0,63.829787234042556
2370,1,33,65,3.0,1.0,56.0,33.0,58.92857142857143
4831,2,119,17,1.0,1.0,57.0,31.0,54.385964912280706
2563,1,200,32,9.0,0.0,46.0,27.0,58.69565217391305
71,3,47,75,8.0,0.0,82.0,48.0,58.536585365853654
503,2,125,76,8.0,3.0,102.0,56.0,54.90196078431373
1745,1,165,5,14.0,5.0,144.0,88.0,61.111111111111114
2095,1,17,30,7.0,3.0,70.0,51.0,72.85714285714285
2729,3,50,78,10.0,4.0,100.0,57.0,56.99999999999999
2223,2,184,22,6.0,2.0,64.0,36.0,56.25
4158,2,89,62,4.0,2.0,64.0,46.0,71.875
2209,2,128,23,1.0,6.0,114.0,74.0,64.91228070175438
4370,1,168,12,1.0,2.0,58.0,25.0,43.103448275862064
4916,1,1,1,4.0,3.0,73.0,46.0,63.013698630136986
3545,1,115,5,4.0,2.0,66.0,46.0,69.6969696969697
3085,2,176,76,3.0,4.0,103.0,54.0,52.42718446601942
3621,1,165,5,14.0,6.0,156.0,94.0,60.256410256410255
1849,1,56,86,7.0,5.0,113.0,70.0,61.94690265486725
5243,1,30,30,9.0,3.0,57.0,32.0,56.14035087719298
5490,2,89,62,5.0,1.0,49.0,34.0,69.38775510204081
5388,1,5,11,7.0,3.0,108.0,69.0,63.888888888888886
2660,1,104,152,7.0,2.0,66.0,50.0,75.75757575757575
6449,1,140,181,1.0,2.0,51.0,30.0,58.82352941176471
4000,1,102,19,1.0,2.0,84.0,60.0,71.42857142857143
3243,2,23,72,9.0,2.0,70.0,44.0,62.857142857142854
2373,1,118,2,5.0,4.0,102.0,73.0,71.56862745098039
2339,2,83,149,3.0,5.0,54.0,30.0,55.55555555555556
4936,2,34,9,1.0,3.0,89.0,61.0,68.53932584269663
971,1,114,4,6.0,0.0,80.0,53.0,66.25
64,1,6,12,4.0,1.0,71.0,45.0,63.38028169014085
3356,1,169,82,5.0,4.0,103.0,55.0,53.398058252427184
5691,2,169,179,0.0,0.0,97.0,61.0,62.88659793814433
2547,2,177,21,9.0,3.0,111.0,64.0,57.65765765765766
5593,2,122,148,1.0,0.0,50.0,36.0,72.0
2794,1,9,19,17.0,4.0,127.0,73.0,57.48031496062992
1372,3,22,73,7.0,0.0,56.0,33.0,58.92857142857143
1742,2,128,23,1.0,4.0,114.0,80.0,70.17543859649122
5898,2,124,180,2.0,1.0,92.0,65.0,70.65217391304348
4438,2,134,22,0.0,4.0,93.0,58.0,62.365591397849464
3047,1,144,70,5.0,5.0,123.0,78.0,63.41463414634146
908,1,114,144,2.0,3.0,66.0,35.0,53.03030303030303
1452,1,99,68,6.0,0.0,45.0,34.0,75.55555555555556
5964,2,133,60,6.0,2.0,87.0,49.0,56.32183908045977
1119,1,32,64,0.0,5.0,76.0,46.0,60.526315789473685
5285,3,50,78,8.0,7.0,121.0,74.0,61.15702479338842
3869,2,96,58,4.0,6.0,94.0,67.0,71.27659574468085
2898,2,36,21,12.0,5.0,114.0,66.0,57.89473684210527
2201,2,24,60,1.0,4.0,102.0,63.0,61.76470588235294
5420,1,72,125,11.0,3.0,80.0,56.0,70.0
2177,1,16,29,9.0,4.0,95.0,51.0,53.68421052631579
2770,1,9,19,5.0,4.0,137.0,80.0,58.3941605839416
1886,3,47,85,10.0,0.0,45.0,28.0,62.22222222222222
3349,1,15,55,4.0,3.0,79.0,52.0,65.82278481012658
1708,1,121,64,3.0,5.0,63.0,38.0,60.317460317460316
3581,1,33,65,6.0,0.0,44.0,31.0,70.45454545454545
2175,1,101,80,6.0,3.0,67.0,43.0,64.17910447761194
1850,1,137,18,2.0,5.0,128.0,73.0,57.03125
3661,3,50,78,13.0,5.0,141.0,77.0,54.60992907801418
602,1,135,82,3.0,4.0,55.0,26.0,47.27272727272727
7,1,56,88,14.0,1.0,76.0,49.0,64.47368421052632
3286,1,98,67,2.0,5.0,113.0,75.0,66.3716814159292
4096,1,74,142,6.0,2.0,87.0,62.0,71.26436781609196
2841,1,186,67,11.0,2.0,45.0,29.0,64.44444444444444
828,1,98,67,9.0,4.0,76.0,40.0,52.63157894736842
6006,1,146,30,7.0,5.0,94.0,43.0,45.744680851063826
431,1,109,30,3.0,2.0,81.0,48.0,59.25925925925925
5013,1,103,94,3.0,2.0,51.0,32.0,62.745098039215684
2946,1,38,68,7.0,10.0,97.0,46.0,47.42268041237113
2686,1,98,82,5.0,4.0,81.0,48.0,59.25925925925925
3770,1,114,144,5.0,2.0,46.0,27.0,58.69565217391305
791,1,144,155,6.0,0.0,59.0,34.0,57.6271186440678
3956,3,91,61,4.0,2.0,78.0,53.0,67.94871794871796
1554,2,11,21,7.0,4.0,76.0,39.0,51.31578947368421
518,1,171,65,4.0,4.0,105.0,57.0,54.285714285714285
3281,1,197,29,15.0,2.0,46.0,34.0,73.91304347826086
731,2,12,22,14.0,2.0,70.0,42.0,60.0
2066,1,99,68,7.0,1.0,63.0,35.0,55.55555555555556
5124,3,24,59,9.0,5.0,97.0,50.0,51.546391752577314
2890,1,81,65,4.0,4.0,78.0,42.0,53.84615384615385
3079,1,107,70,0.0,1.0,67.0,44.0,65.67164179104478
233,1,144,155,4.0,5.0,54.0,28.0,51.85185185185185
313,2,78,9,8.0,6.0,63.0,46.0,73.01587301587301
781,2,85,150,2.0,6.0,114.0,66.0,57.89473684210527
2259,1,113,178,4.0,2.0,72.0,43.0,59.72222222222222
1631,1,115,5,3.0,4.0,95.0,60.0,63.1578947368421
4250,2,13,23,4.0,1.0,77.0,61.0,79.22077922077922
3311,1,121,64,4.0,3.0,57.0,32.0,56.14035087719298
3432,2,127,62,3.0,2.0,62.0,41.0,66.12903225806451
1584,1,2,3,36.0,5.0,102.0,64.0,62.745098039215684
2413,1,80,15,7.0,9.0,115.0,66.0,57.391304347826086
2808,3,182,75,9.0,3.0,61.0,46.0,75.40983606557377
3018,1,98,82,5.0,0.0,55.0,37.0,67.27272727272727
1490,3,131,75,7.0,5.0,85.0,56.0,65.88235294117646
4234,1,76,5,21.0,2.0,129.0,78.0,60.46511627906976
627,1,37,67,10.0,7.0,85.0,49.0,57.647058823529406
6376,2,135,20,0.0,0.0,35.0,26.0,74.28571428571429
1434,1,104,153,6.0,4.0,56.0,33.0,58.92857142857143
3918,1,117,11,21.0,7.0,91.0,52.0,57.14285714285714
3997,1,199,77,3.0,2.0,51.0,33.0,64.70588235294117
2443,1,80,16,7.0,5.0,71.0,33.0,46.478873239436616
1607,1,100,18,1.0,1.0,47.0,30.0,63.829787234042556
1884,3,182,75,9.0,2.0,77.0,48.0,62.33766233766234
2652,3,132,78,8.0,3.0,90.0,54.0,60.0
1934,2,80,17,1.0,8.0,98.0,66.0,67.3469387755102
2424,2,177,21,2.0,4.0,89.0,52.0,58.42696629213483
1653,1,142,183,2.0,4.0,47.0,30.0,63.829787234042556
110,1,55,1,4.0,2.0,70.0,40.0,57.14285714285714
1576,2,35,66,2.0,2.0,98.0,60.0,61.224489795918366
1607,1,44,16,5.0,1.0,82.0,53.0,64.63414634146342
1029,2,96,58,8.0,4.0,61.0,38.0,62.295081967213115
2891,1,114,4,13.0,3.0,75.0,43.0,57.333333333333336
2815,1,168,11,3.0,1.0,77.0,50.0,64.93506493506493
1484,1,144,155,10.0,5.0,82.0,52.0,63.41463414634146
4430,3,181,57,2.0,0.0,56.0,43.0,76.78571428571429
5168,2,170,17,2.0,1.0,91.0,56.0,61.53846153846154
4205,1,145,29,4.0,0.0,55.0,38.0,69.0909090909091
2632,1,193,155,5.0,3.0,71.0,38.0,53.52112676056338
192,3,132,78,12.0,7.0,151.0,93.0,61.58940397350994
1846,1,74,142,4.0,1.0,78.0,48.0,61.53846153846154
1672,1,44,16,3.0,1.0,73.0,40.0,54.794520547945204
5263,1,113,8,3.0,1.0,49.0,29.0,59.183673469387756
3840,1,105,155,5.0,2.0,43.0,31.0,72.09302325581395
6197,2,83,149,1.0,6.0,92.0,65.0,70.65217391304348
4959,2,11,21,1.0,4.0,62.0,42.0,67.74193548387096
503,2,184,58,11.0,6.0,75.0,42.0,56.00000000000001
2667,3,129,151,5.0,4.0,56.0,27.0,48.214285714285715
4043,1,81,65,5.0,3.0,64.0,38.0,59.375
1930,2,128,23,8.0,1.0,100.0,47.0,47.0
1865,2,118,179,2.0,1.0,70.0,45.0,64.28571428571429
5371,1,190,19,9.0,8.0,127.0,77.0,60.629921259842526
523,1,119,15,1.0,3.0,52.0,22.0,42.30769230769231
3796,1,53,80,9.0,6.0,56.0,29.0,51.78571428571429
4564,1,1,2,5.0,2.0,73.0,48.0,65.75342465753424
6264,1,215,265,5.0,2.0,89.0,53.0,59.55056179775281
5518,1,112,167,9.0,1.0,82.0,59.0,71.95121951219512
3044,2,112,160,1.0,0.0,70.0,55.0,78.57142857142857
4856,2,134,22,16.0,2.0,65.0,45.0,69.23076923076923
453,3,132,78,4.0,4.0,123.0,70.0,56.91056910569105
3796,1,38,68,9.0,9.0,91.0,49.0,53.84615384615385
4698,2,122,148,4.0,4.0,85.0,46.0,54.11764705882353
1617,1,115,5,10.0,4.0,95.0,58.0,61.05263157894737
220,1,20,39,18.0,4.0,71.0,39.0,54.929577464788736
4121,1,195,184,5.0,0.0,68.0,43.0,63.23529411764706
1951,2,128,23,15.0,2.0,103.0,56.0,54.36893203883495
405,1,171,65,5.0,2.0,58.0,35.0,60.3448275862069
4857,1,171,65,1.0,3.0,119.0,85.0,71.42857142857143
4444,1,115,5,17.0,5.0,173.0,106.0,61.27167630057804
2491,2,174,66,6.0,4.0,93.0,64.0,68.81720430107528
1039,1,72,139,5.0,1.0,60.0,31.0,51.66666666666667
3784,1,108,159,3.0,3.0,54.0,37.0,68.51851851851852
4110,1,199,77,8.0,1.0,83.0,56.0,67.46987951807229
2781,1,1,1,9.0,7.0,110.0,64.0,58.18181818181818
3219,2,128,23,3.0,3.0,102.0,63.0,61.76470588235294
4572,2,168,9,3.0,4.0,84.0,48.0,57.14285714285714
1077,1,113,178,7.0,2.0,89.0,58.0,65.1685393258427
2824,1,115,5,14.0,2.0,95.0,63.0,66.3157894736842
6423,2,6,14,1.0,0.0,83.0,56.0,67.46987951807229
2562,2,168,9,0.0,2.0,61.0,40.0,65.57377049180327
1987,1,120,65,16.0,5.0,92.0,48.0,52.17391304347826
1675,2,125,76,1.0,3.0,75.0,51.0,68.0
2836,1,139,19,17.0,5.0,98.0,54.0,55.10204081632652
5112,2,185,20,3.0,2.0,61.0,40.0,65.57377049180327
1808,1,102,19,11.0,1.0,61.0,34.0,55.73770491803278
1523,1,80,16,17.0,2.0,77.0,45.0,58.44155844155844
4099,2,78,9,4.0,1.0,82.0,47.0,57.3170731707317
162,1,120,65,8.0,2.0,52.0,26.0,50.0
314,1,138,80,11.0,3.0,106.0,68.0,64.15094339622641
2426,2,88,21,5.0,4.0,116.0,76.0,65.51724137931035
913,1,77,7,6.0,2.0,120.0,83.0,69.16666666666667
904,1,79,2,1.0,2.0,67.0,39.0,58.2089552238806
3564,1,109,30,9.0,3.0,89.0,51.0,57.30337078651685
1436,1,81,65,2.0,1.0,101.0,62.0,61.386138613861384
1809,2,90,23,6.0,2.0,77.0,47.0,61.038961038961034
2653,1,52,5,11.0,4.0,143.0,81.0,56.64335664335665
1031,2,179,23,9.0,5.0,99.0,61.0,61.61616161616161
291,2,128,23,13.0,4.0,184.0,124.0,67.3913043478261
1916,1,203,248,7.0,3.0,96.0,65.0,67.70833333333334
1552,1,56,88,16.0,1.0,44.0,32.0,72.72727272727273
2812,2,90,23,5.0,7.0,128.0,101.0,78.90625
1980,1,165,5,10.0,0.0,79.0,60.0,75.9493670886076
2711,1,115,5,3.0,0.0,84.0,58.0,69.04761904761905
3717,1,5,10,0.0,0.0,60.0,50.0,83.33333333333334
2283,1,120,65,1.0,3.0,49.0,32.0,65.3061224489796
2304,1,97,79,4.0,0.0,58.0,37.0,63.793103448275865
5865,2,169,179,4.0,5.0,73.0,48.0,65.75342465753424
3737,1,75,145,4.0,4.0,111.0,56.0,50.45045045045045
2763,1,121,64,12.0,0.0,71.0,46.0,64.7887323943662
2241,1,170,16,8.0,6.0,63.0,39.0,61.904761904761905
2116,1,9,19,3.0,10.0,91.0,47.0,51.64835164835166
3963,2,177,21,1.0,0.0,40.0,29.0,72.5
3218,1,15,55,3.0,2.0,53.0,26.0,49.056603773584904
38,3,132,78,3.0,5.0,98.0,57.0,58.16326530612245
2721,2,4,6,1.0,1.0,61.0,35.0,57.377049180327866
4098,2,12,22,2.0,2.0,83.0,57.0,68.67469879518072
2596,2,128,23,6.0,1.0,84.0,52.0,61.904761904761905
5668,1,32,64,5.0,2.0,113.0,87.0,76.99115044247787
4637,1,114,4,7.0,0.0,65.0,39.0,60.0
3427,3,50,78,7.0,2.0,100.0,64.0,64.0
2679,1,169,82,1.0,1.0,36.0,20.0,55.55555555555556
3043,2,59,92,0.0,0.0,67.0,50.0,74.6268656716418
3697,1,152,190,2.0,3.0,67.0,50.0,74.6268656716418
1203,1,152,196,5.0,2.0,51.0,27.0,52.94117647058824
4037,1,5,11,3.0,3.0,81.0,52.0,64.19753086419753
5688,1,194,183,11.0,2.0,63.0,37.0,58.730158730158735
3449,1,115,5,0.0,2.0,139.0,106.0,76.2589928057554
3351,1,167,146,8.0,0.0,79.0,56.0,70.88607594936708
2728,1,23,82,1.0,4.0,51.0,29.0,56.86274509803921
896,1,139,19,2.0,0.0,85.0,56.0,65.88235294117646
3367,1,32,64,2.0,3.0,81.0,52.0,64.19753086419753
4889,2,117,9,1.0,2.0,110.0,70.0,63.63636363636363
3479,1,30,30,2.0,2.0,51.0,26.0,50.98039215686274
445,1,188,18,12.0,1.0,118.0,73.0,61.86440677966102
2473,3,91,61,16.0,14.0,113.0,75.0,66.3716814159292
6204,1,188,18,6.0,7.0,82.0,50.0,60.97560975609756
609,2,10,20,1.0,0.0,63.0,31.0,49.2063492063492
993,2,90,23,3.0,0.0,113.0,79.0,69.91150442477876
700,1,32,64,7.0,3.0,96.0,61.0,63.541666666666664
3299,1,140,181,5.0,0.0,43.0,24.0,55.81395348837209
2379,2,177,21,4.0,3.0,132.0,87.0,65.9090909090909
2653,1,33,65,3.0,2.0,63.0,37.0,58.730158730158735
216,2,85,150,3.0,4.0,119.0,67.0,56.30252100840336
1001,1,39,18,21.0,2.0,96.0,69.0,71.875
1633,1,109,30,9.0,2.0,61.0,37.0,60.65573770491803
862,1,55,1,2.0,3.0,42.0,18.0,42.857142857142854
6359,1,194,183,5.0,3.0,75.0,50.0,66.66666666666666
2342,1,51,19,6.0,3.0,96.0,57.0,59.375
2491,1,115,5,6.0,3.0,95.0,64.0,67.36842105263158
77,1,31,7,17.0,8.0,114.0,70.0,61.40350877192983
1108,1,43,2,7.0,2.0,59.0,36.0,61.016949152542374
1749,1,199,63,6.0,1.0,82.0,50.0,60.97560975609756
1439,1,204,247,1.0,0.0,59.0,36.0,61.016949152542374
1750,3,94,78,3.0,1.0,52.0,33.0,63.46153846153846
912,3,93,85,3.0,1.0,96.0,61.0,63.541666666666664
6422,1,56,86,5.0,1.0,49.0,32.0,65.3061224489796
2138,2,134,22,9.0,2.0,80.0,49.0,61.25000000000001
5117,3,91,151,9.0,3.0,44.0,27.0,61.36363636363637
1708,1,54,94,5.0,4.0,84.0,47.0,55.952380952380956
4066,1,150,217,5.0,8.0,107.0,67.0,62.616822429906534
2600,1,81,65,7.0,5.0,106.0,57.0,53.77358490566038
1819,1,172,64,7.0,0.0,77.0,37.0,48.05194805194805
4788,1,14,24,5.0,3.0,89.0,52.0,58.42696629213483
2739,2,59,92,0.0,1.0,71.0,56.0,78.87323943661971
2292,1,119,16,7.0,3.0,79.0,51.0,64.55696202531645
6205,1,105,154,5.0,6.0,52.0,28.0,53.84615384615385
1452,2,27,62,4.0,1.0,60.0,42.0,70.0
416,1,19,32,11.0,0.0,52.0,35.0,67.3076923076923
305,1,190,19,11.0,3.0,70.0,38.0,54.285714285714285
1986,1,153,199,2.0,2.0,60.0,33.0,55.00000000000001
2619,3,132,78,3.0,7.0,159.0,117.0,73.58490566037736
5969,3,181,57,4.0,0.0,89.0,49.0,55.0561797752809
998,1,75,144,6.0,6.0,108.0,57.0,52.77777777777778
445,3,181,73,10.0,1.0,72.0,47.0,65.27777777777779
3235,2,49,23,3.0,1.0,102.0,66.0,64.70588235294117
4029,2,186,221,3.0,0.0,39.0,25.0,64.1025641025641
3454,1,165,5,3.0,1.0,34.0,19.0,55.88235294117647
4085,2,186,221,10.0,1.0,66.0,51.0,77.27272727272727
5500,3,131,85,11.0,5.0,79.0,42.0,53.16455696202531
2730,1,199,77,10.0,0.0,56.0,41.0,73.21428571428571
6018,1,192,223,3.0,5.0,74.0,43.0,58.108108108108105
716,2,112,166,18.0,5.0,73.0,46.0,63.013698630136986
201,3,183,78,5.0,2.0,80.0,51.0,63.74999999999999
1953,1,144,70,0.0,0.0,82.0,63.0,76.82926829268293
1288,2,128,23,12.0,0.0,85.0,79.0,92.94117647058823
3849,1,9,19,1.0,1.0,70.0,44.0,62.857142857142854
1144,1,14,26,21.0,0.0,68.0,49.0,72.05882352941177
5193,1,188,18,9.0,3.0,48.0,31.0,64.58333333333334
2019,3,129,151,5.0,4.0,56.0,27.0,48.214285714285715
4199,1,172,64,10.0,1.0,55.0,36.0,65.45454545454545
1527,1,172,64,2.0,3.0,72.0,38.0,52.77777777777778
877,3,132,78,2.0,3.0,80.0,60.0,75.0
295,1,53,80,1.0,1.0,62.0,48.0,77.41935483870968
5617,2,116,6,13.0,6.0,128.0,72.0,56.25
2875,1,113,178,11.0,1.0,67.0,42.0,62.68656716417911
1155,3,181,57,11.0,5.0,103.0,64.0,62.13592233009708
1251,2,179,23,8.0,2.0,96.0,57.0,59.375
656,3,50,78,5.0,2.0,103.0,72.0,69.90291262135922
5276,1,143,184,12.0,2.0,87.0,50.0,57.47126436781609
2524,2,95,60,0.0,4.0,68.0,46.0,67.64705882352942
2240,1,194,183,5.0,2.0,90.0,55.0,61.111111111111114
1148,1,112,165,6.0,1.0,82.0,52.0,63.41463414634146
5044,1,105,155,12.0,1.0,86.0,58.0,67.44186046511628
1073,1,75,145,8.0,1.0,123.0,72.0,58.536585365853654
1761,3,130,57,5.0,1.0,88.0,63.0,71.5909090909091
3167,1,41,70,6.0,0.0,43.0,30.0,69.76744186046511
2405,1,167,146,5.0,1.0,53.0,33.0,62.264150943396224
843,1,193,155,1.0,3.0,50.0,32.0,64.0
6025,1,42,71,9.0,4.0,61.0,33.0,54.09836065573771
3112,2,127,62,4.0,2.0,86.0,56.0,65.11627906976744
3330,3,180,61,12.0,3.0,118.0,82.0,69.49152542372882
2841,1,6,12,12.0,4.0,129.0,84.0,65.11627906976744
1631,1,117,12,5.0,1.0,112.0,71.0,63.39285714285714
1027,1,172,64,1.0,2.0,62.0,40.0,64.51612903225806
23,1,3,5,10.0,6.0,164.0,93.0,56.70731707317073
3992,1,189,80,2.0,0.0,67.0,47.0,70.1492537313433
4618,3,132,78,10.0,4.0,109.0,55.0,50.45871559633027
3319,1,44,16,26.0,1.0,109.0,59.0,54.12844036697248
1282,1,56,86,6.0,1.0,82.0,53.0,64.63414634146342
1938,1,74,142,11.0,3.0,85.0,54.0,63.52941176470588
2724,1,30,30,4.0,0.0,51.0,29.0,56.86274509803921
3003,1,97,79,8.0,0.0,48.0,31.0,64.58333333333334
3327,2,79,147,2.0,1.0,51.0,32.0,62.745098039215684
986,1,163,219,2.0,0.0,67.0,47.0,70.1492537313433
2293,2,118,179,2.0,2.0,125.0,86.0,68.8
2735,1,153,187,5.0,2.0,92.0,57.0,61.95652173913043
2299,1,163,219,10.0,3.0,69.0,38.0,55.072463768115945
2370,1,136,68,1.0,5.0,126.0,73.0,57.936507936507944
3815,1,145,29,4.0,4.0,72.0,38.0,52.77777777777778
3870,1,99,68,5.0,3.0,78.0,52.0,66.66666666666666
858,1,199,77,5.0,0.0,60.0,38.0,63.33333333333333
6388,1,105,155,2.0,0.0,77.0,51.0,66.23376623376623
759,1,52,5,9.0,4.0,109.0,75.0,68.80733944954129
213,2,5,9,2.0,1.0,78.0,53.0,67.94871794871796
401,1,43,2,11.0,6.0,63.0,38.0,60.317460317460316
1246,1,163,178,11.0,1.0,91.0,67.0,73.62637362637363
3187,2,4,6,15.0,4.0,62.0,42.0,67.74193548387096
1574,1,145,159,13.0,2.0,66.0,45.0,68.18181818181817
905,1,113,178,2.0,1.0,64.0,43.0,67.1875
6228,3,181,73,14.0,2.0,85.0,51.0,60.0
1426,2,90,23,5.0,5.0,145.0,93.0,64.13793103448275
5345,1,31,89,15.0,2.0,81.0,57.0,70.37037037037037
3744,1,113,142,4.0,2.0,47.0,29.0,61.702127659574465
5806,1,79,2,5.0,5.0,99.0,65.0,65.65656565656566
183,1,186,67,6.0,6.0,61.0,28.0,45.90163934426229
3213,1,19,32,12.0,5.0,120.0,77.0,64.16666666666667
3557,3,92,73,8.0,2.0,74.0,48.0,64.86486486486487
4417,1,116,7,2.0,0.0,61.0,41.0,67.21311475409836
3900,1,196,70,2.0,2.0,72.0,40.0,55.55555555555556
2591,1,81,65,2.0,2.0,46.0,21.0,45.65217391304348
2280,1,102,19,2.0,2.0,117.0,75.0,64.1025641025641
5169,2,90,23,1.0,1.0,74.0,51.0,68.91891891891892
3136,1,41,70,3.0,2.0,61.0,38.0,62.295081967213115
869,1,171,65,3.0,2.0,99.0,60.0,60.60606060606061
2914,1,2,3,4.0,2.0,56.0,32.0,57.14285714285714
2155,3,94,78,7.0,2.0,134.0,84.0,62.68656716417911
5389,1,76,5,11.0,8.0,108.0,61.0,56.481481481481474
3326,1,53,80,5.0,1.0,69.0,46.0,66.66666666666666
2368,1,119,16,7.0,2.0,69.0,38.0,55.072463768115945
1318,1,30,30,3.0,0.0,49.0,28.0,57.14285714285714
3800,2,84,66,6.0,2.0,85.0,48.0,56.470588235294116
4175,1,99,68,2.0,2.0,57.0,38.0,66.66666666666666
684,1,197,159,2.0,3.0,68.0,40.0,58.82352941176471
4925,1,9,19,11.0,2.0,86.0,56.0,65.11627906976744
1785,1,194,183,8.0,2.0,68.0,38.0,55.88235294117647
902,1,139,19,3.0,1.0,35.0,18.0,51.42857142857142
1786,2,112,160,1.0,0.0,70.0,55.0,78.57142857142857
2359,2,36,21,6.0,6.0,90.0,53.0,58.88888888888889
2155,2,40,69,4.0,0.0,47.0,38.0,80.85106382978722
652,1,76,5,23.0,5.0,182.0,126.0,69.23076923076923
5841,2,96,22,1.0,1.0,62.0,43.0,69.35483870967742
4421,1,1,1,3.0,1.0,38.0,22.0,57.89473684210527
4172,1,198,30,3.0,4.0,52.0,27.0,51.92307692307693
4572,1,104,153,13.0,5.0,58.0,41.0,70.6896551724138
6334,2,77,6,0.0,6.0,68.0,41.0,60.29411764705882
1629,2,40,69,2.0,3.0,82.0,49.0,59.756097560975604
1474,1,135,67,7.0,2.0,59.0,36.0,61.016949152542374
1872,3,181,57,2.0,6.0,75.0,34.0,45.33333333333333
758,1,115,5,11.0,3.0,133.0,87.0,65.41353383458647
2271,3,47,75,0.0,3.0,59.0,37.0,62.71186440677966
2339,1,107,158,1.0,1.0,59.0,43.0,72.88135593220339
818,1,106,156,7.0,1.0,59.0,39.0,66.10169491525424
2240,1,7,16,2.0,2.0,71.0,42.0,59.154929577464785
2085,2,128,23,4.0,2.0,71.0,44.0,61.97183098591549
5520,1,102,19,11.0,4.0,98.0,55.0,56.12244897959183
5185,2,184,60,4.0,0.0,105.0,71.0,67.61904761904762
718,2,126,21,7.0,9.0,115.0,64.0,55.65217391304348
3969,1,144,55,9.0,0.0,48.0,34.0,70.83333333333334
3518,3,93,85,3.0,6.0,77.0,41.0,53.246753246753244
265,2,59,93,0.0,5.0,68.0,38.0,55.88235294117647
3295,3,182,75,0.0,2.0,56.0,36.0,64.28571428571429
3799,2,49,23,11.0,4.0,161.0,95.0,59.006211180124225
1161,1,105,154,7.0,11.0,109.0,60.0,55.04587155963303
398,1,165,5,8.0,4.0,86.0,55.0,63.95348837209303
2352,2,177,21,1.0,1.0,88.0,44.0,50.0
3735,1,6,13,8.0,0.0,57.0,34.0,59.64912280701754
3822,3,182,85,3.0,0.0,68.0,56.0,82.35294117647058
933,1,171,65,8.0,4.0,51.0,29.0,56.86274509803921
1060,2,185,20,1.0,8.0,133.0,95.0,71.42857142857143
6270,1,113,178,3.0,3.0,82.0,49.0,59.756097560975604
1233,3,184,59,3.0,2.0,71.0,46.0,64.7887323943662
1885,1,53,80,11.0,15.0,71.0,33.0,46.478873239436616
4004,2,179,23,10.0,6.0,138.0,75.0,54.347826086956516
6314,1,168,12,1.0,5.0,95.0,65.0,68.42105263157895
512,2,176,76,7.0,6.0,80.0,45.0,56.25
1060,1,32,64,0.0,3.0,33.0,22.0,66.66666666666666
3509,1,163,218,12.0,3.0,72.0,40.0,55.55555555555556
2669,1,74,143,8.0,2.0,49.0,36.0,73.46938775510205
53,3,130,73,9.0,2.0,96.0,58.0,60.416666666666664
2899,1,72,132,5.0,2.0,47.0,34.0,72.3404255319149
4435,1,101,80,3.0,8.0,62.0,22.0,35.483870967741936
3490,1,56,86,11.0,5.0,115.0,72.0,62.60869565217392
4439,1,167,146,6.0,3.0,66.0,38.0,57.57575757575758
1428,1,33,65,5.0,1.0,41.0,26.0,63.41463414634146
2065,1,82,64,7.0,4.0,87.0,50.0,57.47126436781609
4081,1,98,67,0.0,5.0,97.0,59.0,60.824742268041234
6337,3,131,85,8.0,2.0,60.0,33.0,55.00000000000001
5182,3,130,73,15.0,2.0,69.0,51.0,73.91304347826086
143,2,5,9,8.0,4.0,81.0,50.0,61.72839506172839
1444,1,51,19,6.0,1.0,101.0,56.0,55.44554455445545
5764,1,4,7,5.0,0.0,53.0,41.0,77.35849056603774
1587,1,81,65,13.0,1.0,53.0,38.0,71.69811320754717
2562,1,139,19,4.0,1.0,104.0,67.0,64.42307692307693
541,2,23,58,13.0,3.0,83.0,55.0,66.26506024096386
782,1,52,5,1.0,0.0,30.0,24.0,80.0
370,1,39,18,1.0,3.0,45.0,26.0,57.77777777777777
2014,1,108,159,7.0,0.0,69.0,37.0,53.62318840579711
642,1,3,5,7.0,12.0,86.0,46.0,53.48837209302325
525,1,4,7,12.0,3.0,85.0,53.0,62.35294117647059
4544,1,55,1,9.0,4.0,81.0,45.0,55.55555555555556
3587,1,16,29,2.0,3.0,64.0,41.0,64.0625
2446,2,179,23,5.0,1.0,165.0,124.0,75.15151515151514
5125,1,9,19,3.0,10.0,91.0,47.0,51.64835164835166
6085,1,138,80,2.0,3.0,61.0,42.0,68.85245901639344
1269,1,81,65,6.0,7.0,52.0,26.0,50.0
3880,2,174,66,4.0,4.0,63.0,28.0,44.44444444444444
5875,1,56,88,14.0,4.0,97.0,67.0,69.0721649484536
977,1,77,8,15.0,6.0,87.0,45.0,51.724137931034484
2283,1,6,12,1.0,0.0,76.0,50.0,65.78947368421053
5964,1,197,29,2.0,2.0,60.0,40.0,66.66666666666666
1498,1,39,18,1.0,3.0,91.0,54.0,59.34065934065934
1876,1,105,155,9.0,1.0,86.0,56.0,65.11627906976744
5518,1,4,7,2.0,3.0,52.0,31.0,59.61538461538461
2426,1,187,68,0.0,5.0,41.0,19.0,46.34146341463415
5395,1,111,32,10.0,2.0,71.0,48.0,67.6056338028169
5905,2,125,76,1.0,0.0,72.0,47.0,65.27777777777779
4524,1,97,79,2.0,1.0,64.0,44.0,68.75
1292,2,14,25,5.0,3.0,95.0,62.0,65.26315789473685
1012,1,148,32,5.0,0.0,47.0,34.0,72.3404255319149
2221,1,194,183,3.0,2.0,64.0,42.0,65.625
1655,1,5,10,2.0,0.0,53.0,33.0,62.264150943396224
5292,1,31,89,6.0,4.0,65.0,43.0,66.15384615384615
2005,3,129,151,9.0,2.0,64.0,38.0,59.375
3015,1,25,79,5.0,2.0,69.0,42.0,60.86956521739131
4698,1,168,12,1.0,2.0,54.0,28.0,51.85185185185185
2045,1,165,5,8.0,3.0,133.0,83.0,62.40601503759399
1769,1,37,67,5.0,1.0,117.0,69.0,58.97435897435898
702,2,78,9,2.0,1.0,74.0,55.0,74.32432432432432
5225,1,32,64,2.0,1.0,80.0,56.0,70.0
3065,3,132,78,13.0,6.0,152.0,105.0,69.07894736842105
2229,1,44,15,2.0,3.0,109.0,59.0,54.12844036697248
256,2,79,147,3.0,6.0,62.0,37.0,59.67741935483871
2281,1,113,8,5.0,1.0,40.0,26.0,65.0
2529,1,113,178,15.0,8.0,104.0,62.0,59.61538461538461
152,2,86,56,1.0,0.0,58.0,46.0,79.3103448275862
2008,2,48,76,2.0,4.0,95.0,75.0,78.94736842105263
5912,1,6,13,10.0,2.0,102.0,70.0,68.62745098039215
3246,2,85,150,5.0,3.0,148.0,99.0,66.8918918918919
834,2,135,20,5.0,7.0,108.0,58.0,53.70370370370371
5838,2,122,148,7.0,3.0,57.0,32.0,56.14035087719298
3239,1,163,219,6.0,3.0,60.0,36.0,60.0
382,1,1,1,2.0,5.0,70.0,47.0,67.14285714285714
4738,2,185,20,8.0,0.0,55.0,41.0,74.54545454545455
2238,1,6,13,13.0,4.0,124.0,92.0,74.19354838709677
3742,1,52,5,15.0,3.0,97.0,70.0,72.16494845360825
1630,2,89,62,7.0,7.0,66.0,37.0,56.060606060606055
5202,3,50,78,3.0,4.0,84.0,56.0,66.66666666666666
3314,1,100,18,3.0,3.0,48.0,27.0,56.25
828,1,187,68,4.0,1.0,52.0,34.0,65.38461538461539
3497,1,8,18,7.0,4.0,57.0,31.0,54.385964912280706
5957,3,95,59,13.0,4.0,115.0,67.0,58.26086956521739
5517,1,33,65,3.0,6.0,88.0,54.0,61.36363636363637
469,1,31,89,11.0,4.0,85.0,58.0,68.23529411764706
4081,1,74,143,11.0,5.0,94.0,58.0,61.702127659574465
3062,2,186,221,10.0,1.0,66.0,51.0,77.27272727272727
6166,1,14,26,0.0,3.0,83.0,52.0,62.65060240963856
361,1,56,86,10.0,5.0,116.0,73.0,62.93103448275862
2229,2,126,21,7.0,1.0,108.0,63.0,58.333333333333336
4448,1,168,12,1.0,0.0,49.0,30.0,61.224489795918366
263,1,154,198,6.0,0.0,53.0,41.0,77.35849056603774
2299,1,171,65,9.0,0.0,78.0,42.0,53.84615384615385
2449,1,52,5,6.0,4.0,142.0,94.0,66.19718309859155
2724,1,171,65,2.0,10.0,87.0,44.0,50.57471264367817
763,2,84,66,1.0,5.0,107.0,60.0,56.074766355140184
3110,1,98,67,5.0,2.0,56.0,33.0,58.92857142857143
2100,1,143,184,5.0,2.0,105.0,66.0,62.857142857142854
6,2,123,66,3.0,3.0,70.0,45.0,64.28571428571429
2571,1,98,67,3.0,8.0,83.0,46.0,55.42168674698795
708,2,49,23,4.0,3.0,99.0,56.0,56.56565656565656
1360,2,178,62,3.0,3.0,71.0,38.0,53.52112676056338
2220,1,115,5,15.0,2.0,78.0,46.0,58.97435897435898
2637,2,176,76,0.0,3.0,64.0,44.0,68.75
3212,1,121,64,12.0,3.0,121.0,83.0,68.59504132231406
1492,2,4,6,2.0,8.0,67.0,41.0,61.19402985074627
308,2,35,66,8.0,1.0,96.0,54.0,56.25
3783,1,41,84,4.0,0.0,58.0,37.0,63.793103448275865
3210,2,179,23,22.0,5.0,162.0,105.0,64.81481481481481
1705,1,113,178,2.0,1.0,64.0,43.0,67.1875
38,1,76,5,7.0,2.0,91.0,60.0,65.93406593406593
2073,1,163,218,10.0,3.0,67.0,45.0,67.16417910447761
1572,2,95,60,1.0,3.0,53.0,42.0,79.24528301886792
3793,1,169,2,7.0,2.0,70.0,48.0,68.57142857142857
2678,3,22,57,14.0,1.0,90.0,64.0,71.11111111111111
1175,2,175,69,5.0,6.0,87.0,50.0,57.47126436781609
2898,1,76,5,20.0,5.0,137.0,80.0,58.3941605839416
1499,2,90,23,9.0,1.0,96.0,57.0,59.375
3979,1,137,18,2.0,1.0,62.0,35.0,56.451612903225815
5196,1,115,5,8.0,6.0,79.0,43.0,54.43037974683544
1670,2,87,76,0.0,5.0,49.0,32.0,65.3061224489796
2842,1,108,29,3.0,1.0,53.0,30.0,56.60377358490566
1630,1,148,32,10.0,2.0,88.0,55.0,62.5
1889,1,139,19,10.0,2.0,104.0,62.0,59.61538461538461
3989,1,115,5,18.0,2.0,123.0,82.0,66.66666666666666
5475,2,88,21,1.0,3.0,83.0,54.0,65.06024096385542
2597,1,104,31,1.0,0.0,83.0,63.0,75.90361445783132
3521,1,52,5,6.0,4.0,142.0,94.0,66.19718309859155
3472,1,44,16,18.0,2.0,99.0,58.0,58.58585858585859
1265,1,154,203,13.0,0.0,89.0,64.0,71.91011235955057
4171,2,186,221,0.0,4.0,78.0,57.0,73.07692307692307
436,2,179,23,7.0,2.0,125.0,88.0,70.39999999999999
2542,1,25,79,4.0,0.0,64.0,33.0,51.5625
1914,1,31,7,5.0,2.0,99.0,71.0,71.71717171717171
1695,1,197,159,2.0,4.0,80.0,62.0,77.5
2614,2,119,17,7.0,1.0,68.0,36.0,52.94117647058824
2678,1,28,29,6.0,2.0,109.0,68.0,62.38532110091744
679,2,87,76,4.0,2.0,88.0,55.0,62.5
3966,2,179,23,15.0,2.0,109.0,73.0,66.97247706422019
4698,2,36,21,6.0,3.0,51.0,27.0,52.94117647058824
5122,1,139,19,8.0,2.0,143.0,100.0,69.93006993006993
3280,1,136,68,7.0,2.0,101.0,60.0,59.4059405940594
2132,2,95,60,3.0,3.0,54.0,40.0,74.07407407407408
5894,1,164,4,4.0,3.0,93.0,51.0,54.83870967741935
1250,1,53,80,3.0,3.0,56.0,39.0,69.64285714285714
3127,1,114,4,7.0,2.0,71.0,41.0,57.74647887323944
1639,1,187,68,14.0,5.0,102.0,55.0,53.92156862745098
5475,2,123,66,1.0,1.0,49.0,38.0,77.55102040816327
3286,3,183,78,7.0,5.0,132.0,89.0,67.42424242424242
3407,1,102,19,12.0,11.0,130.0,74.0,56.92307692307692
1814,1,102,19,9.0,4.0,88.0,44.0,50.0
3602,3,180,61,9.0,4.0,103.0,66.0,64.07766990291263
4642,2,90,23,18.0,2.0,139.0,88.0,63.30935251798561
2050,1,117,12,6.0,3.0,91.0,49.0,53.84615384615385
1100,1,116,146,9.0,2.0,83.0,55.0,66.26506024096386
2913,2,127,83,6.0,4.0,111.0,57.0,51.35135135135135
3015,2,90,23,11.0,3.0,129.0,76.0,58.91472868217055
5748,2,124,56,2.0,1.0,83.0,40.0,48.19277108433735
5493,2,127,83,0.0,3.0,93.0,66.0,70.96774193548387
3754,2,11,21,1.0,2.0,46.0,27.0,58.69565217391305
2814,1,185,79,11.0,1.0,65.0,43.0,66.15384615384615
5748,2,176,76,3.0,3.0,91.0,53.0,58.24175824175825
1297,1,16,28,6.0,5.0,47.0,30.0,63.829787234042556
3735,2,176,76,6.0,7.0,73.0,46.0,63.013698630136986
3889,1,46,32,10.0,1.0,54.0,39.0,72.22222222222221
519,1,144,155,4.0,5.0,49.0,24.0,48.97959183673469
3873,1,42,71,8.0,2.0,57.0,36.0,63.1578947368421
2128,2,86,56,1.0,3.0,60.0,41.0,68.33333333333333
1755,1,66,115,5.0,1.0,80.0,58.0,72.5
1443,1,80,16,6.0,2.0,49.0,28.0,57.14285714285714
3147,1,112,161,4.0,1.0,64.0,39.0,60.9375
1755,1,34,11,3.0,0.0,75.0,48.0,64.0
3520,2,43,17,1.0,1.0,65.0,49.0,75.38461538461539
82,1,198,30,8.0,4.0,120.0,63.0,52.5
1876,1,7,16,10.0,1.0,96.0,56.0,58.333333333333336
828,1,51,19,25.0,7.0,144.0,88.0,61.111111111111114
3515,2,5,9,1.0,1.0,96.0,64.0,66.66666666666666
1443,2,123,66,15.0,8.0,115.0,60.0,52.17391304347826
2722,1,166,7,14.0,4.0,99.0,62.0,62.62626262626263
4641,1,51,19,11.0,5.0,101.0,60.0,59.4059405940594
781,2,179,23,0.0,2.0,65.0,38.0,58.46153846153847
2794,1,165,5,19.0,2.0,135.0,90.0,66.66666666666666
1205,1,44,16,4.0,3.0,79.0,53.0,67.08860759493672
2465,1,116,146,5.0,2.0,92.0,65.0,70.65217391304348
5393,1,115,5,9.0,6.0,142.0,82.0,57.74647887323944
2544,1,113,142,6.0,7.0,72.0,38.0,52.77777777777778
1582,1,106,157,2.0,1.0,67.0,36.0,53.73134328358209
3906,1,191,222,3.0,3.0,50.0,32.0,64.0
1301,1,32,64,1.0,5.0,80.0,45.0,56.25
2882,1,195,184,4.0,6.0,97.0,58.0,59.79381443298969
1888,1,118,2,6.0,1.0,56.0,42.0,75.0
1970,1,98,82,5.0,4.0,81.0,48.0,59.25925925925925
6353,2,174,66,1.0,4.0,54.0,34.0,62.96296296296296
1561,2,126,21,0.0,3.0,71.0,40.0,56.33802816901409
2445,1,99,68,2.0,2.0,86.0,51.0,59.30232558139535
2296,1,98,82,7.0,0.0,51.0,34.0,66.66666666666666
3262,1,196,55,9.0,4.0,111.0,72.0,64.86486486486487
5429,1,196,224,4.0,3.0,57.0,25.0,43.859649122807014
3030,1,172,64,0.0,1.0,45.0,27.0,60.0
5976,1,77,8,2.0,3.0,73.0,55.0,75.34246575342466
165,2,49,23,5.0,1.0,69.0,44.0,63.76811594202898
3074,2,87,76,1.0,3.0,50.0,30.0,60.0
3140,1,67,116,8.0,2.0,63.0,39.0,61.904761904761905
618,2,123,66,0.0,3.0,56.0,35.0,62.5
2992,2,128,23,3.0,5.0,98.0,68.0,69.38775510204081
3233,2,169,179,4.0,5.0,73.0,48.0,65.75342465753424
3063,2,118,179,4.0,4.0,57.0,38.0,66.66666666666666
1428,1,52,5,5.0,2.0,59.0,41.0,69.49152542372882
1447,1,192,223,4.0,0.0,55.0,35.0,63.63636363636363
320,2,184,58,11.0,3.0,76.0,48.0,63.1578947368421
992,1,120,65,1.0,0.0,42.0,24.0,57.14285714285714
2178,1,135,67,20.0,2.0,128.0,90.0,70.3125
4037,1,15,55,4.0,2.0,109.0,64.0,58.71559633027523
1130,2,126,21,1.0,1.0,53.0,35.0,66.0377358490566
2611,1,44,16,16.0,1.0,51.0,27.0,52.94117647058824
98,1,200,32,4.0,0.0,49.0,28.0,57.14285714285714
1656,1,52,5,3.0,0.0,18.0,10.0,55.55555555555556
2425,1,109,30,5.0,2.0,59.0,35.0,59.32203389830508
4151,1,18,31,6.0,3.0,80.0,45.0,56.25
234,1,164,4,0.0,11.0,55.0,27.0,49.09090909090909
2123,1,103,63,10.0,0.0,49.0,35.0,71.42857142857143
718,1,137,18,1.0,9.0,68.0,35.0,51.470588235294116
4097,1,164,3,9.0,0.0,58.0,39.0,67.24137931034483
801,2,36,21,3.0,0.0,59.0,39.0,66.10169491525424
4945,1,57,87,0.0,0.0,52.0,41.0,78.84615384615384
2568,2,170,17,9.0,1.0,60.0,36.0,60.0
649,1,78,146,28.0,0.0,78.0,58.0,74.35897435897436
1515,3,181,73,14.0,3.0,97.0,64.0,65.97938144329896
4845,2,78,9,1.0,3.0,48.0,30.0,62.5
769,1,163,178,19.0,1.0,119.0,70.0,58.82352941176471
2734,2,173,149,1.0,3.0,50.0,33.0,66.0
2875,1,118,2,5.0,0.0,33.0,21.0,63.63636363636363
200,2,124,56,9.0,5.0,68.0,39.0,57.35294117647059
917,1,75,145,6.0,4.0,59.0,32.0,54.23728813559322
2754,1,198,30,9.0,2.0,93.0,59.0,63.44086021505376
5467,1,101,80,10.0,7.0,77.0,38.0,49.35064935064935
1614,1,145,29,1.0,0.0,17.0,10.0,58.82352941176471
3269,1,165,5,11.0,3.0,139.0,95.0,68.34532374100719
514,1,105,155,9.0,0.0,67.0,36.0,53.73134328358209
4858,1,4,8,9.0,3.0,49.0,35.0,71.42857142857143
3621,1,172,64,5.0,3.0,55.0,37.0,67.27272727272727
5874,1,169,2,5.0,6.0,86.0,55.0,63.95348837209303
4169,3,50,78,18.0,10.0,131.0,83.0,63.358778625954194
4473,1,4,8,4.0,0.0,97.0,60.0,61.855670103092784
2731,1,120,65,4.0,4.0,72.0,36.0,50.0
3312,1,8,18,10.0,11.0,93.0,49.0,52.68817204301075
1284,1,138,80,9.0,8.0,107.0,62.0,57.943925233644855
2017,3,47,75,6.0,3.0,68.0,42.0,61.76470588235294
2735,2,175,56,2.0,1.0,56.0,33.0,58.92857142857143
1052,1,3,5,2.0,3.0,70.0,54.0,77.14285714285715
3870,1,193,155,7.0,4.0,88.0,56.0,63.63636363636363
1371,1,139,19,4.0,6.0,109.0,59.0,54.12844036697248
277,2,85,150,3.0,1.0,92.0,55.0,59.78260869565217
3167,1,121,64,3.0,5.0,63.0,38.0,60.317460317460316
2907,2,177,21,5.0,3.0,67.0,42.0,62.68656716417911
1212,1,3,5,24.0,2.0,149.0,97.0,65.1006711409396
2206,2,85,69,0.0,2.0,88.0,66.0,75.0
3000,1,51,19,30.0,7.0,180.0,122.0,67.77777777777779
5193,2,49,23,5.0,3.0,160.0,100.0,62.5
734,1,139,19,2.0,3.0,107.0,55.0,51.4018691588785
3122,2,177,21,3.0,2.0,74.0,46.0,62.16216216216216
3518,2,174,66,1.0,3.0,61.0,43.0,70.49180327868852
225,1,167,13,6.0,1.0,77.0,46.0,59.74025974025974
84,1,81,65,7.0,12.0,112.0,73.0,65.17857142857143
1442,1,109,30,19.0,1.0,63.0,47.0,74.60317460317461
884,1,28,29,10.0,2.0,64.0,44.0,68.75
39,1,120,65,10.0,4.0,68.0,33.0,48.529411764705884
872,1,117,11,6.0,2.0,58.0,42.0,72.41379310344827
2421,1,143,184,8.0,0.0,85.0,49.0,57.647058823529406
3830,1,75,144,10.0,0.0,99.0,61.0,61.61616161616161
5360,2,80,17,10.0,0.0,62.0,43.0,69.35483870967742
6165,1,1,2,2.0,1.0,101.0,68.0,67.32673267326733
2950,1,81,65,1.0,2.0,82.0,51.0,62.19512195121951
3730,2,10,20,10.0,2.0,54.0,36.0,66.66666666666666
6174,2,34,9,1.0,0.0,57.0,45.0,78.94736842105263
2492,2,14,25,2.0,2.0,46.0,28.0,60.86956521739131
9,2,35,66,3.0,5.0,110.0,71.0,64.54545454545455
2836,1,76,5,13.0,4.0,136.0,84.0,61.76470588235294
4913,1,169,82,0.0,1.0,44.0,24.0,54.54545454545454
1779,3,92,73,22.0,10.0,111.0,67.0,60.36036036036037
2564,1,140,182,5.0,2.0,44.0,28.0,63.63636363636363
4770,1,8,18,9.0,4.0,95.0,62.0,65.26315789473685
604,1,2,3,8.0,0.0,32.0,21.0,65.625
2337,1,188,18,6.0,3.0,67.0,26.0,38.80597014925373
3573,1,29,28,7.0,0.0,105.0,75.0,71.42857142857143
5521,2,34,9,5.0,3.0,86.0,53.0,61.627906976744185
1084,1,100,18,4.0,1.0,39.0,25.0,64.1025641025641
98,3,130,73,2.0,2.0,37.0,22.0,59.45945945945946
2676,2,11,21,0.0,0.0,61.0,45.0,73.77049180327869
4889,2,10,20,1.0,2.0,52.0,28.0,53.84615384615385
3043,1,137,18,1.0,3.0,79.0,44.0,55.69620253164557
2677,3,50,78,3.0,7.0,162.0,99.0,61.111111111111114
780,2,24,22,1.0,2.0,64.0,41.0,64.0625
3292,2,179,23,3.0,4.0,91.0,45.0,49.45054945054945
916,2,83,149,8.0,3.0,93.0,57.0,61.29032258064516
1453,1,56,88,5.0,3.0,52.0,29.0,55.769230769230774
616,1,196,55,8.0,1.0,72.0,41.0,56.94444444444444
2404,1,15,27,0.0,3.0,65.0,39.0,60.0
3784,2,174,66,5.0,1.0,98.0,63.0,64.28571428571429
901,1,39,18,0.0,1.0,53.0,32.0,60.37735849056604
3798,1,195,184,8.0,2.0,91.0,53.0,58.24175824175825
3139,2,10,20,1.0,0.0,63.0,31.0,49.2063492063492
1998,1,28,29,3.0,1.0,57.0,39.0,68.42105263157895
6357,1,57,87,3.0,2.0,64.0,33.0,51.5625
3536,3,181,73,22.0,4.0,89.0,57.0,64.04494382022472
3230,1,145,29,6.0,2.0,56.0,31.0,55.35714285714286
345,2,13,23,1.0,0.0,52.0,42.0,80.76923076923077
3029,1,120,65,9.0,1.0,91.0,50.0,54.94505494505495
2088,1,172,64,1.0,1.0,83.0,66.0,79.51807228915662
613,1,54,94,1.0,4.0,64.0,33.0,51.5625
2491,2,118,179,1.0,5.0,70.0,49.0,70.0
1241,1,170,16,18.0,2.0,88.0,64.0,72.72727272727273
1753,1,108,159,4.0,0.0,68.0,50.0,73.52941176470588
2,1,55,1,1.0,0.0,59.0,51.0,86.4406779661017
3267,2,77,6,1.0,1.0,98.0,66.0,67.3469387755102
2801,1,102,19,11.0,4.0,88.0,59.0,67.04545454545455
3194,1,107,55,15.0,2.0,91.0,52.0,57.14285714285714
126,1,72,126,2.0,3.0,61.0,34.0,55.73770491803278
3580,2,168,9,2.0,1.0,65.0,44.0,67.6923076923077
5812,2,23,72,5.0,0.0,49.0,37.0,75.51020408163265
2177,1,103,63,2.0,0.0,18.0,8.0,44.44444444444444
921,2,176,76,2.0,1.0,46.0,31.0,67.3913043478261
1979,2,97,72,0.0,2.0,87.0,65.0,74.71264367816092
3853,1,167,146,6.0,3.0,66.0,38.0,57.57575757575758
1931,2,117,9,5.0,5.0,119.0,77.0,64.70588235294117
1282,3,129,61,16.0,0.0,53.0,34.0,64.15094339622641
326,1,171,65,3.0,1.0,56.0,37.0,66.07142857142857
5585,1,189,80,0.0,5.0,60.0,38.0,63.33333333333333
1594,1,41,84,5.0,1.0,60.0,40.0,66.66666666666666
684,1,102,19,10.0,2.0,113.0,62.0,54.86725663716814
2217,1,119,16,2.0,2.0,70.0,44.0,62.857142857142854
1659,1,204,241,27.0,4.0,98.0,68.0,69.38775510204081
1,2,90,23,9.0,1.0,66.0,48.0,72.72727272727273
2948,2,173,81,1.0,5.0,63.0,32.0,50.79365079365079
4418,3,183,78,5.0,3.0,88.0,57.0,64.77272727272727
2831,1,118,13,7.0,1.0,45.0,27.0,60.0
3963,1,113,178,0.0,0.0,21.0,12.0,57.14285714285714
4059,1,164,3,2.0,5.0,48.0,29.0,60.416666666666664
1949,1,115,5,12.0,3.0,84.0,53.0,63.095238095238095
6026,1,31,7,6.0,0.0,73.0,44.0,60.273972602739725
1487,2,85,69,3.0,0.0,102.0,69.0,67.64705882352942
3326,1,168,11,3.0,1.0,76.0,54.0,71.05263157894737
2469,1,25,79,16.0,3.0,74.0,47.0,63.51351351351351
2759,1,115,5,15.0,4.0,116.0,69.0,59.48275862068966
4997,2,123,66,2.0,10.0,150.0,76.0,50.66666666666667
2667,3,47,75,4.0,5.0,81.0,46.0,56.79012345679012
1094,1,171,65,1.0,0.0,39.0,31.0,79.48717948717949
4908,1,214,266,15.0,0.0,62.0,45.0,72.58064516129032
6132,1,17,30,2.0,2.0,50.0,32.0,64.0
260,2,175,56,5.0,2.0,64.0,44.0,68.75
5192,1,76,5,29.0,10.0,181.0,120.0,66.29834254143645
678,3,132,78,4.0,7.0,103.0,69.0,66.99029126213593
6264,2,13,23,6.0,0.0,88.0,60.0,68.18181818181817
3971,1,46,32,14.0,1.0,107.0,75.0,70.09345794392523
823,1,57,87,7.0,3.0,70.0,41.0,58.57142857142858
437,1,57,87,2.0,1.0,36.0,17.0,47.22222222222222
5004,1,167,146,12.0,1.0,70.0,53.0,75.71428571428571
3186,2,133,58,3.0,3.0,87.0,51.0,58.620689655172406
4011,1,32,64,1.0,0.0,57.0,28.0,49.122807017543856
1580,1,78,11,5.0,3.0,41.0,25.0,60.97560975609756
4138,1,105,155,6.0,1.0,103.0,63.0,61.165048543689316
1452,1,82,64,6.0,1.0,42.0,26.0,61.904761904761905
2710,2,170,17,5.0,2.0,69.0,42.0,60.86956521739131
3100,2,186,221,0.0,0.0,57.0,52.0,91.22807017543859
1054,1,104,152,4.0,3.0,83.0,49.0,59.036144578313255
5507,1,113,142,4.0,3.0,65.0,40.0,61.53846153846154
3980,3,132,78,9.0,8.0,98.0,48.0,48.97959183673469
4614,1,139,19,3.0,1.0,91.0,64.0,70.32967032967034
4149,1,76,5,18.0,4.0,168.0,116.0,69.04761904761905
1619,1,199,77,9.0,2.0,47.0,29.0,61.702127659574465
3246,2,27,62,10.0,2.0,98.0,62.0,63.26530612244898
1689,2,169,179,1.0,2.0,100.0,66.0,66.0
216,2,36,21,5.0,4.0,95.0,63.0,66.3157894736842
3798,3,94,78,3.0,0.0,80.0,45.0,56.25
402,1,39,18,1.0,2.0,86.0,59.0,68.6046511627907
1027,1,101,80,6.0,3.0,68.0,39.0,57.35294117647059
2165,1,139,19,5.0,3.0,93.0,50.0,53.76344086021505
4122,1,55,1,9.0,4.0,81.0,45.0,55.55555555555556
6314,1,136,68,4.0,1.0,83.0,55.0,66.26506024096386
1324,1,106,156,13.0,2.0,94.0,61.0,64.8936170212766
2740,1,139,19,16.0,7.0,167.0,103.0,61.67664670658682
305,1,99,68,10.0,0.0,58.0,42.0,72.41379310344827
2727,2,31,6,0.0,2.0,71.0,40.0,56.33802816901409
4238,1,32,64,6.0,4.0,86.0,48.0,55.81395348837209
3242,1,139,19,10.0,1.0,58.0,33.0,56.896551724137936
5102,1,114,4,3.0,1.0,121.0,86.0,71.07438016528926
4083,1,41,84,2.0,1.0,53.0,33.0,62.264150943396224
21,2,128,23,4.0,5.0,78.0,40.0,51.28205128205128
2302,3,94,78,13.0,1.0,88.0,57.0,64.77272727272727
804,3,132,78,3.0,7.0,159.0,117.0,73.58490566037736
1533,2,21,81,0.0,2.0,75.0,46.0,61.33333333333333
4857,2,169,179,1.0,2.0,100.0,66.0,66.0
3479,1,1,1,4.0,0.0,105.0,80.0,76.19047619047619
3543,1,163,218,8.0,6.0,95.0,50.0,52.63157894736842
879,1,100,18,31.0,8.0,103.0,65.0,63.10679611650486
3331,1,114,144,7.0,1.0,107.0,70.0,65.42056074766354
3833,2,10,20,0.0,2.0,50.0,28.0,56.00000000000001
777,1,198,30,7.0,1.0,64.0,30.0,46.875
2271,3,92,57,3.0,1.0,80.0,47.0,58.75
1334,3,95,59,5.0,10.0,66.0,31.0,46.96969696969697
1475,1,82,64,2.0,1.0,62.0,40.0,64.51612903225806
202,1,29,63,4.0,3.0,58.0,29.0,50.0
5764,1,44,16,16.0,1.0,63.0,45.0,71.42857142857143
760,1,75,145,3.0,1.0,111.0,73.0,65.76576576576578
2630,2,12,22,2.0,0.0,51.0,35.0,68.62745098039215
1514,1,97,79,4.0,0.0,58.0,37.0,63.793103448275865
1799,1,199,77,10.0,1.0,60.0,43.0,71.66666666666667
1462,1,75,144,6.0,1.0,57.0,40.0,70.17543859649122
6094,1,113,178,10.0,0.0,63.0,34.0,53.96825396825397
3691,1,54,94,10.0,2.0,62.0,35.0,56.451612903225815
3016,1,171,65,2.0,1.0,76.0,43.0,56.57894736842105
839,1,80,15,3.0,6.0,64.0,41.0,64.0625
153,1,74,143,5.0,3.0,79.0,56.0,70.88607594936708
3385,2,84,66,1.0,1.0,68.0,52.0,76.47058823529412
3667,2,13,23,10.0,5.0,75.0,47.0,62.66666666666667
2709,1,138,80,6.0,3.0,77.0,40.0,51.94805194805194
5419,2,85,150,3.0,0.0,94.0,61.0,64.8936170212766
3771,1,102,19,1.0,2.0,55.0,32.0,58.18181818181818
6215,1,188,18,15.0,3.0,65.0,31.0,47.69230769230769
2465,1,104,152,1.0,1.0,68.0,36.0,52.94117647058824
5964,1,78,11,4.0,5.0,95.0,56.0,58.94736842105262
3449,1,139,19,8.0,7.0,129.0,73.0,56.58914728682171
652,1,170,16,0.0,3.0,75.0,45.0,60.0
2182,1,53,80,5.0,1.0,69.0,46.0,66.66666666666666
5588,1,171,65,8.0,4.0,85.0,41.0,48.23529411764706
3,2,14,25,0.0,2.0,75.0,51.0,68.0
3991,1,30,30,4.0,1.0,76.0,41.0,53.94736842105263
4112,1,166,7,0.0,4.0,68.0,51.0,75.0
2669,1,215,263,10.0,1.0,92.0,72.0,78.26086956521739
5096,2,27,83,3.0,0.0,81.0,55.0,67.90123456790124
5156,1,116,146,6.0,1.0,65.0,35.0,53.84615384615385
1236,1,44,16,5.0,1.0,101.0,60.0,59.4059405940594
3001,3,132,78,4.0,5.0,90.0,53.0,58.88888888888889
6102,1,137,18,8.0,8.0,134.0,68.0,50.74626865671642
1269,1,17,30,4.0,4.0,51.0,28.0,54.90196078431373
5885,2,97,72,0.0,2.0,44.0,28.0,63.63636363636363
602,1,9,19,8.0,6.0,141.0,81.0,57.446808510638306
5042,1,4,7,3.0,0.0,46.0,33.0,71.73913043478261
1705,2,175,220,11.0,2.0,104.0,65.0,62.5
3554,1,7,15,12.0,8.0,54.0,38.0,70.37037037037037
462,3,26,61,5.0,2.0,76.0,42.0,55.26315789473685
494,1,142,183,2.0,2.0,70.0,46.0,65.71428571428571
3107,1,105,154,2.0,1.0,61.0,30.0,49.18032786885246
2176,2,178,83,11.0,8.0,136.0,87.0,63.970588235294116
2266,2,128,23,3.0,5.0,100.0,61.0,61.0
2742,3,131,85,2.0,2.0,66.0,46.0,69.6969696969697
3019,2,128,23,13.0,5.0,148.0,85.0,57.432432432432435
2848,1,146,30,5.0,3.0,61.0,36.0,59.01639344262295
710,1,6,12,6.0,5.0,73.0,36.0,49.31506849315068
2959,1,105,154,9.0,2.0,89.0,62.0,69.66292134831461
2433,1,145,159,3.0,4.0,77.0,43.0,55.84415584415584
4677,2,6,14,6.0,3.0,74.0,50.0,67.56756756756756
5568,2,127,62,0.0,3.0,34.0,20.0,58.82352941176471
3708,2,86,56,1.0,0.0,76.0,59.0,77.63157894736842
3236,2,124,56,2.0,4.0,68.0,37.0,54.41176470588235
2219,1,121,64,6.0,3.0,73.0,46.0,63.013698630136986
2426,1,206,243,7.0,3.0,51.0,32.0,62.745098039215684
6143,2,186,221,15.0,2.0,105.0,63.0,60.0
5287,3,95,59,6.0,9.0,72.0,27.0,37.5
1806,1,143,184,6.0,1.0,72.0,50.0,69.44444444444444
3118,1,100,18,1.0,3.0,55.0,36.0,65.45454545454545
2401,2,48,76,0.0,2.0,99.0,73.0,73.73737373737373
3014,2,87,76,3.0,7.0,82.0,44.0,53.65853658536586
2017,1,144,155,9.0,6.0,111.0,64.0,57.65765765765766
213,2,126,21,2.0,1.0,58.0,41.0,70.6896551724138
653,3,92,73,13.0,3.0,84.0,50.0,59.523809523809526
3315,2,84,66,2.0,2.0,64.0,37.0,57.8125
1293,3,132,78,5.0,9.0,139.0,99.0,71.22302158273382
1075,1,185,79,4.0,0.0,51.0,33.0,64.70588235294117
5359,2,179,23,7.0,2.0,110.0,68.0,61.81818181818181
2529,3,95,59,12.0,5.0,68.0,41.0,60.29411764705882
1472,1,98,82,1.0,2.0,69.0,46.0,66.66666666666666
1292,1,188,18,9.0,5.0,104.0,62.0,59.61538461538461
3470,1,51,19,12.0,3.0,94.0,67.0,71.27659574468085
360,3,50,78,9.0,20.0,168.0,110.0,65.47619047619048
2919,3,183,78,13.0,9.0,142.0,78.0,54.929577464788736
462,1,172,64,5.0,2.0,69.0,54.0,78.26086956521739
3857,2,128,23,1.0,6.0,165.0,103.0,62.42424242424243
3251,1,115,5,1.0,4.0,80.0,41.0,51.24999999999999
5392,1,76,5,21.0,0.0,70.0,46.0,65.71428571428571
2149,3,26,61,19.0,2.0,44.0,26.0,59.09090909090909
1703,1,121,64,9.0,4.0,82.0,49.0,59.756097560975604
3934,1,3,5,14.0,3.0,132.0,82.0,62.121212121212125
848,1,38,68,8.0,3.0,78.0,57.0,73.07692307692307
707,1,187,68,4.0,2.0,41.0,24.0,58.536585365853654
1699,2,122,81,1.0,2.0,35.0,23.0,65.71428571428571
2946,1,16,29,12.0,0.0,67.0,40.0,59.70149253731343
3561,1,56,88,16.0,5.0,135.0,90.0,66.66666666666666
4774,2,72,123,1.0,1.0,48.0,40.0,83.33333333333334
1870,1,52,5,4.0,11.0,195.0,136.0,69.74358974358974
1907,1,99,68,6.0,1.0,100.0,62.0,62.0
2906,2,175,69,5.0,2.0,87.0,57.0,65.51724137931035
5695,1,165,5,7.0,4.0,115.0,71.0,61.73913043478261
4447,1,172,64,21.0,2.0,92.0,65.0,70.65217391304348
5891,2,184,58,4.0,1.0,43.0,19.0,44.18604651162791
3530,1,139,19,5.0,5.0,102.0,72.0,70.58823529411765
5700,2,23,58,2.0,8.0,87.0,52.0,59.77011494252874
2415,2,179,23,6.0,1.0,31.0,27.0,87.09677419354838
1709,1,32,64,0.0,0.0,53.0,37.0,69.81132075471697
1812,2,21,81,2.0,3.0,43.0,30.0,69.76744186046511
6146,2,34,9,1.0,2.0,49.0,26.0,53.06122448979592
253,1,76,5,2.0,2.0,74.0,49.0,66.21621621621621
5745,2,175,220,0.0,0.0,45.0,30.0,66.66666666666666
1133,2,186,221,9.0,3.0,63.0,45.0,71.42857142857143
3776,1,172,64,8.0,3.0,78.0,52.0,66.66666666666666
5716,2,178,62,2.0,3.0,57.0,23.0,40.35087719298245
1754,2,169,179,4.0,1.0,104.0,68.0,65.38461538461539
5626,1,16,28,7.0,3.0,70.0,56.0,80.0
1088,1,186,67,7.0,4.0,102.0,58.0,56.86274509803921
3979,1,198,30,10.0,2.0,89.0,52.0,58.42696629213483
3251,2,122,81,1.0,2.0,84.0,52.0,61.904761904761905
4551,2,124,180,1.0,0.0,94.0,63.0,67.02127659574468
1514,1,115,5,3.0,2.0,82.0,50.0,60.97560975609756
1883,1,52,5,2.0,5.0,134.0,76.0,56.71641791044776
3728,1,167,13,3.0,2.0,62.0,40.0,64.51612903225806
340,2,49,23,4.0,3.0,99.0,56.0,56.56565656565656
2664,1,109,30,8.0,0.0,61.0,42.0,68.85245901639344
1234,2,13,23,3.0,3.0,90.0,59.0,65.55555555555556
2999,1,38,68,2.0,5.0,84.0,42.0,50.0
901,2,4,6,4.0,3.0,65.0,38.0,58.46153846153847
2798,1,52,5,15.0,3.0,141.0,106.0,75.177304964539
3416,2,49,23,3.0,6.0,109.0,69.0,63.30275229357798
1668,1,146,30,12.0,1.0,77.0,47.0,61.038961038961034
1314,1,8,18,5.0,3.0,87.0,46.0,52.87356321839081
3245,1,9,19,7.0,4.0,123.0,72.0,58.536585365853654
240,3,94,78,9.0,5.0,106.0,72.0,67.9245283018868
4936,2,83,149,3.0,1.0,45.0,29.0,64.44444444444444
1912,3,50,78,11.0,10.0,151.0,85.0,56.29139072847682
5569,1,108,29,0.0,4.0,48.0,30.0,62.5
5958,1,33,65,3.0,2.0,73.0,42.0,57.534246575342465
524,1,61,103,3.0,2.0,70.0,38.0,54.285714285714285
888,2,128,23,6.0,3.0,80.0,48.0,60.0
1962,1,30,30,2.0,3.0,93.0,53.0,56.98924731182796
4095,2,133,60,3.0,1.0,70.0,40.0,57.14285714285714
1912,2,36,21,2.0,2.0,71.0,38.0,53.52112676056338
3874,1,140,182,3.0,2.0,50.0,31.0,62.0
5653,2,83,148,16.0,2.0,82.0,52.0,63.41463414634146
1153,1,44,15,5.0,2.0,45.0,26.0,57.77777777777777
820,1,186,67,0.0,7.0,59.0,39.0,66.10169491525424
1237,2,80,17,2.0,2.0,111.0,78.0,70.27027027027027
3615,1,32,64,3.0,0.0,58.0,38.0,65.51724137931035
2794,2,48,76,11.0,3.0,99.0,51.0,51.515151515151516
3179,3,130,73,5.0,2.0,70.0,45.0,64.28571428571429
4217,1,198,30,7.0,5.0,75.0,46.0,61.33333333333333
494,1,172,64,6.0,1.0,47.0,32.0,68.08510638297872
2302,2,126,21,4.0,3.0,77.0,47.0,61.038961038961034
3801,1,1,1,9.0,0.0,40.0,25.0,62.5
3343,1,164,3,11.0,0.0,51.0,31.0,60.78431372549019
3229,2,125,76,4.0,1.0,29.0,25.0,86.20689655172413
2918,1,3,5,21.0,1.0,119.0,70.0,58.82352941176471
824,1,109,30,3.0,6.0,61.0,36.0,59.01639344262295
2050,2,122,81,1.0,1.0,68.0,43.0,63.23529411764706
164,2,21,81,0.0,5.0,52.0,31.0,59.61538461538461
5490,1,77,8,3.0,4.0,108.0,70.0,64.81481481481481
5913,1,108,159,3.0,1.0,56.0,40.0,71.42857142857143
5913,2,184,22,6.0,3.0,56.0,36.0,64.28571428571429
4796,1,119,15,11.0,6.0,66.0,33.0,50.0
6185,1,140,182,9.0,4.0,88.0,51.0,57.95454545454546
2266,1,199,77,2.0,0.0,59.0,35.0,59.32203389830508
2733,1,197,29,0.0,3.0,66.0,37.0,56.060606060606055
3727,2,49,23,6.0,6.0,165.0,106.0,64.24242424242425
3095,1,28,74,10.0,5.0,103.0,59.0,57.28155339805825
1611,1,115,5,3.0,2.0,122.0,79.0,64.75409836065575
1662,1,158,210,4.0,2.0,101.0,60.0,59.4059405940594
3967,1,102,19,4.0,2.0,117.0,71.0,60.68376068376068
865,1,187,68,3.0,5.0,49.0,23.0,46.93877551020408
3127,1,4,7,2.0,1.0,86.0,50.0,58.139534883720934
4207,2,85,69,7.0,1.0,111.0,70.0,63.06306306306306
4245,1,146,30,3.0,3.0,101.0,63.0,62.37623762376238
1654,1,120,65,11.0,1.0,98.0,68.0,69.38775510204081
1349,3,94,78,5.0,1.0,86.0,61.0,70.93023255813954
1137,2,186,221,2.0,1.0,67.0,43.0,64.17910447761194
1656,1,81,65,3.0,4.0,59.0,35.0,59.32203389830508
3963,1,188,18,2.0,4.0,60.0,32.0,53.333333333333336
300,1,148,32,10.0,4.0,108.0,74.0,68.51851851851852
4811,2,95,60,6.0,3.0,83.0,43.0,51.80722891566265
4169,1,113,142,6.0,7.0,72.0,38.0,52.77777777777778
996,3,50,78,5.0,4.0,76.0,42.0,55.26315789473685
4342,2,178,83,3.0,0.0,68.0,39.0,57.35294117647059
2752,1,115,5,0.0,0.0,85.0,58.0,68.23529411764706
1305,1,79,2,7.0,4.0,47.0,30.0,63.829787234042556
192,2,179,23,3.0,6.0,159.0,96.0,60.37735849056604
2980,2,122,148,12.0,0.0,103.0,62.0,60.19417475728155
1928,1,28,74,4.0,1.0,65.0,42.0,64.61538461538461
2826,1,136,68,5.0,3.0,89.0,44.0,49.43820224719101
5513,1,143,184,6.0,4.0,60.0,41.0,68.33333333333333
554,1,77,7,8.0,3.0,48.0,29.0,60.416666666666664
2446,2,186,221,2.0,0.0,56.0,46.0,82.14285714285714
2989,1,14,26,4.0,1.0,76.0,49.0,64.47368421052632
1657,1,136,68,14.0,8.0,101.0,55.0,54.45544554455446
162,1,80,16,15.0,2.0,70.0,41.0,58.57142857142858
6064,1,189,80,3.0,0.0,57.0,38.0,66.66666666666666
992,1,169,2,2.0,0.0,50.0,26.0,52.0
3857,1,109,30,5.0,6.0,108.0,62.0,57.407407407407405
2668,3,22,57,1.0,3.0,90.0,51.0,56.666666666666664
2457,1,38,68,2.0,2.0,45.0,36.0,80.0
1260,1,76,5,11.0,8.0,180.0,111.0,61.66666666666667
3837,1,37,67,3.0,2.0,55.0,30.0,54.54545454545454
5980,2,134,72,1.0,0.0,58.0,37.0,63.793103448275865
855,1,51,19,15.0,14.0,133.0,66.0,49.62406015037594
2418,1,52,5,9.0,4.0,109.0,75.0,68.80733944954129
1869,1,165,5,22.0,5.0,175.0,126.0,72.0
152,1,197,29,3.0,5.0,96.0,48.0,50.0
1425,1,9,19,7.0,4.0,123.0,72.0,58.536585365853654
5260,2,43,17,7.0,1.0,64.0,38.0,59.375
2698,2,35,66,2.0,2.0,52.0,25.0,48.07692307692308
560,1,163,219,9.0,1.0,88.0,60.0,68.18181818181817
22,1,46,32,6.0,3.0,82.0,65.0,79.26829268292683
3629,2,178,62,2.0,0.0,74.0,48.0,64.86486486486487
2725,2,174,66,6.0,5.0,95.0,50.0,52.63157894736842
799,1,195,184,4.0,1.0,51.0,33.0,64.70588235294117
557,1,113,8,3.0,0.0,43.0,22.0,51.162790697674424
3606,1,170,16,1.0,2.0,42.0,26.0,61.904761904761905
1688,3,92,73,13.0,3.0,84.0,50.0,59.523809523809526
3006,1,165,5,12.0,4.0,86.0,53.0,61.627906976744185
2384,2,170,17,1.0,1.0,98.0,66.0,67.3469387755102
4542,3,131,85,8.0,7.0,88.0,56.0,63.63636363636363
3880,1,198,30,10.0,4.0,66.0,35.0,53.03030303030303
642,3,92,57,7.0,1.0,26.0,21.0,80.76923076923077
908,1,167,13,4.0,1.0,100.0,66.0,66.0
1854,1,103,63,2.0,2.0,76.0,55.0,72.36842105263158
3230,1,75,144,5.0,1.0,55.0,35.0,63.63636363636363
3547,1,9,19,2.0,2.0,95.0,52.0,54.736842105263165
909,1,104,152,6.0,3.0,41.0,26.0,63.41463414634146
2877,3,130,73,7.0,0.0,55.0,34.0,61.81818181818181
1132,1,144,155,1.0,2.0,68.0,48.0,70.58823529411765
3903,2,87,76,7.0,4.0,109.0,72.0,66.05504587155964
4095,2,179,23,9.0,4.0,123.0,64.0,52.03252032520326
2471,1,117,12,2.0,1.0,73.0,43.0,58.9041095890411
3945,1,143,184,6.0,2.0,53.0,37.0,69.81132075471697
53,2,169,179,4.0,0.0,70.0,49.0,70.0
1566,2,21,56,2.0,4.0,94.0,57.0,60.63829787234043
3693,1,74,1,16.0,0.0,76.0,60.0,78.94736842105263
3040,1,143,184,5.0,1.0,38.0,26.0,68.42105263157895
5851,2,127,83,5.0,1.0,74.0,38.0,51.35135135135135
1242,1,76,5,3.0,4.0,84.0,39.0,46.42857142857143
2715,1,165,5,10.0,2.0,101.0,71.0,70.29702970297029
1618,1,190,19,9.0,12.0,153.0,92.0,60.130718954248366
5168,1,51,19,5.0,6.0,102.0,63.0,61.76470588235294
945,3,132,78,9.0,2.0,47.0,29.0,61.702127659574465
3026,2,11,21,2.0,1.0,73.0,37.0,50.68493150684932
3242,1,100,18,16.0,1.0,50.0,35.0,70.0
2108,1,82,64,1.0,0.0,65.0,38.0,58.46153846153847
1094,1,51,19,2.0,2.0,170.0,108.0,63.52941176470588
3414,2,169,179,0.0,1.0,49.0,33.0,67.3469387755102
3458,3,94,78,15.0,10.0,163.0,101.0,61.963190184049076
1281,1,42,55,2.0,1.0,53.0,25.0,47.16981132075472
3359,1,139,19,8.0,13.0,112.0,55.0,49.107142857142854
4000,2,90,23,0.0,5.0,132.0,94.0,71.21212121212122
35,3,92,73,14.0,3.0,87.0,57.0,65.51724137931035
2658,2,173,149,3.0,2.0,45.0,25.0,55.55555555555556
1628,1,195,184,2.0,5.0,40.0,23.0,57.49999999999999
125,1,165,5,13.0,6.0,131.0,76.0,58.01526717557252
1910,2,87,76,4.0,1.0,57.0,41.0,71.9298245614035
1806,1,146,30,4.0,4.0,90.0,61.0,67.77777777777779
3563,1,17,30,19.0,3.0,106.0,63.0,59.43396226415094
888,2,127,62,6.0,5.0,65.0,49.0,75.38461538461539
2766,3,180,151,13.0,7.0,104.0,65.0,62.5
4706,1,9,19,6.0,5.0,121.0,73.0,60.33057851239669
4175,1,167,13,7.0,0.0,43.0,32.0,74.4186046511628
601,2,49,23,4.0,4.0,82.0,58.0,70.73170731707317
2187,1,28,74,4.0,4.0,55.0,33.0,60.0
6270,2,117,9,2.0,1.0,69.0,46.0,66.66666666666666
558,1,76,5,5.0,1.0,96.0,56.0,58.333333333333336
2717,2,126,21,2.0,2.0,48.0,29.0,60.416666666666664
2231,1,165,5,10.0,0.0,142.0,87.0,61.267605633802816
5108,1,189,80,1.0,1.0,46.0,21.0,45.65217391304348
1749,2,133,60,6.0,2.0,54.0,30.0,55.55555555555556
61,2,23,58,3.0,8.0,84.0,46.0,54.761904761904766
851,3,50,78,12.0,7.0,132.0,87.0,65.9090909090909
5229,1,202,235,8.0,1.0,72.0,52.0,72.22222222222221
2008,1,104,152,1.0,0.0,16.0,10.0,62.5
601,1,142,183,7.0,2.0,86.0,66.0,76.74418604651163
3411,2,86,81,4.0,0.0,64.0,41.0,64.0625
6164,1,171,65,4.0,3.0,63.0,37.0,58.730158730158735
815,1,51,19,24.0,2.0,138.0,90.0,65.21739130434783
1002,3,50,78,8.0,8.0,112.0,73.0,65.17857142857143
4656,1,76,5,18.0,3.0,129.0,79.0,61.240310077519375
3982,2,11,21,2.0,2.0,87.0,52.0,59.77011494252874
1044,1,117,11,1.0,3.0,62.0,32.0,51.61290322580645
3616,1,70,119,4.0,3.0,53.0,32.0,60.37735849056604
623,1,146,30,5.0,5.0,58.0,36.0,62.06896551724138
1599,1,137,18,5.0,0.0,56.0,33.0,58.92857142857143
2315,1,110,84,2.0,0.0,62.0,40.0,64.51612903225806
5282,2,95,60,6.0,3.0,98.0,69.0,70.40816326530613
6182,1,136,68,2.0,5.0,60.0,32.0,53.333333333333336
5402,1,51,19,4.0,6.0,100.0,58.0,57.99999999999999
5500,2,126,21,5.0,2.0,96.0,55.0,57.291666666666664
3971,1,190,19,5.0,6.0,109.0,61.0,55.96330275229357
2831,1,195,184,5.0,7.0,68.0,38.0,55.88235294117647
2240,2,95,60,1.0,2.0,59.0,40.0,67.79661016949152
1575,1,121,64,9.0,2.0,51.0,35.0,68.62745098039215
5298,1,78,146,7.0,4.0,84.0,57.0,67.85714285714286
1430,2,13,23,7.0,4.0,119.0,73.0,61.34453781512605
634,1,141,154,12.0,2.0,62.0,37.0,59.67741935483871
1892,1,102,19,6.0,4.0,115.0,77.0,66.95652173913044
610,1,79,13,3.0,3.0,85.0,48.0,56.470588235294116
686,1,145,159,7.0,1.0,91.0,65.0,71.42857142857143
3377,1,9,19,11.0,3.0,89.0,47.0,52.80898876404494
2346,3,129,61,21.0,5.0,111.0,68.0,61.261261261261254
518,1,113,178,6.0,2.0,88.0,57.0,64.77272727272727
869,2,125,76,4.0,2.0,63.0,40.0,63.49206349206349
2459,2,49,23,1.0,4.0,92.0,53.0,57.608695652173914
1664,2,6,14,7.0,1.0,83.0,61.0,73.49397590361446
2531,1,196,70,14.0,2.0,91.0,53.0,58.24175824175825
240,1,32,64,1.0,4.0,94.0,65.0,69.14893617021278
4538,1,28,74,6.0,1.0,83.0,62.0,74.69879518072288
6164,2,59,93,0.0,5.0,68.0,38.0,55.88235294117647
1,2,186,221,6.0,1.0,80.0,57.0,71.25
3424,1,56,88,3.0,4.0,59.0,35.0,59.32203389830508
1975,1,99,68,3.0,2.0,64.0,41.0,64.0625
1761,1,107,70,4.0,4.0,95.0,62.0,65.26315789473685
2087,2,88,21,1.0,1.0,53.0,32.0,60.37735849056604
342,1,52,5,7.0,0.0,85.0,58.0,68.23529411764706
1597,2,49,23,2.0,7.0,98.0,62.0,63.26530612244898
2599,2,123,66,3.0,5.0,71.0,49.0,69.01408450704226
3199,1,30,30,2.0,0.0,83.0,42.0,50.602409638554214
1372,1,3,5,8.0,2.0,101.0,61.0,60.396039603960396
592,1,4,8,5.0,4.0,51.0,29.0,56.86274509803921
1516,3,22,73,7.0,2.0,65.0,45.0,69.23076923076923
469,1,32,64,5.0,2.0,63.0,45.0,71.42857142857143
1,2,13,23,5.0,6.0,153.0,102.0,66.66666666666666
3189,1,145,29,7.0,0.0,39.0,29.0,74.35897435897436
6354,2,174,66,4.0,2.0,96.0,50.0,52.083333333333336
2253,2,85,69,1.0,2.0,135.0,94.0,69.62962962962963
1013,1,32,64,10.0,6.0,98.0,49.0,50.0
1785,1,199,77,11.0,2.0,99.0,63.0,63.63636363636363
2943,1,98,82,8.0,3.0,76.0,39.0,51.31578947368421
3851,1,51,19,9.0,5.0,124.0,70.0,56.451612903225815
678,1,108,159,12.0,0.0,98.0,69.0,70.40816326530613
2683,2,176,76,8.0,3.0,53.0,33.0,62.264150943396224
493,1,102,19,6.0,6.0,79.0,35.0,44.303797468354425
2115,2,4,6,3.0,3.0,51.0,34.0,66.66666666666666
2899,2,176,76,6.0,0.0,72.0,59.0,81.94444444444444
5402,1,109,30,5.0,2.0,59.0,35.0,59.32203389830508
1778,2,5,9,3.0,2.0,77.0,50.0,64.93506493506493
5595,2,58,90,1.0,2.0,103.0,57.0,55.33980582524271
2576,3,50,78,13.0,5.0,124.0,80.0,64.51612903225806
5421,3,94,78,16.0,3.0,75.0,47.0,62.66666666666667
2477,2,36,21,1.0,0.0,54.0,34.0,62.96296296296296
5101,1,136,68,10.0,6.0,115.0,65.0,56.52173913043478
5145,1,28,74,3.0,6.0,71.0,46.0,64.7887323943662
5612,2,36,21,11.0,3.0,100.0,57.0,56.99999999999999
1163,2,167,6,2.0,6.0,75.0,49.0,65.33333333333333
6231,1,34,11,5.0,1.0,60.0,41.0,68.33333333333333
1252,2,20,38,3.0,2.0,115.0,83.0,72.17391304347827
5269,1,188,18,5.0,1.0,82.0,53.0,64.63414634146342
162,1,43,2,8.0,1.0,54.0,36.0,66.66666666666666
4156,1,82,64,6.0,2.0,97.0,70.0,72.16494845360825
3447,1,137,18,4.0,5.0,126.0,62.0,49.2063492063492
1703,1,6,12,6.0,5.0,68.0,43.0,63.23529411764706
4080,3,180,61,13.0,3.0,100.0,61.0,61.0
2678,1,121,64,3.0,1.0,48.0,34.0,70.83333333333334
2792,1,8,18,2.0,4.0,110.0,73.0,66.36363636363637
4080,1,107,70,3.0,0.0,42.0,19.0,45.23809523809524
1158,1,29,63,1.0,2.0,75.0,53.0,70.66666666666667
4461,1,9,19,4.0,3.0,92.0,65.0,70.65217391304348
2154,2,23,72,1.0,2.0,52.0,38.0,73.07692307692307
3112,1,145,159,7.0,1.0,91.0,65.0,71.42857142857143
2657,1,19,32,3.0,7.0,68.0,49.0,72.05882352941177
846,1,32,64,11.0,5.0,74.0,56.0,75.67567567567568
1594,1,51,19,15.0,5.0,93.0,54.0,58.06451612903226
1705,1,140,181,11.0,5.0,85.0,51.0,60.0
2253,1,51,19,7.0,4.0,162.0,126.0,77.77777777777779
355,1,135,82,1.0,3.0,84.0,55.0,65.47619047619048
2084,1,117,11,19.0,0.0,71.0,49.0,69.01408450704226
2199,2,125,76,6.0,2.0,113.0,72.0,63.716814159292035
4377,1,7,15,5.0,1.0,103.0,67.0,65.0485436893204
860,1,41,70,10.0,1.0,70.0,48.0,68.57142857142857
1530,1,46,32,3.0,2.0,47.0,28.0,59.57446808510638
3306,1,3,5,8.0,7.0,86.0,55.0,63.95348837209303
1103,2,128,23,8.0,7.0,162.0,93.0,57.407407407407405
1640,1,60,111,3.0,0.0,42.0,26.0,61.904761904761905
1707,1,63,105,4.0,2.0,66.0,41.0,62.121212121212125
4174,1,120,65,1.0,1.0,34.0,22.0,64.70588235294117
6044,2,13,23,4.0,6.0,134.0,102.0,76.11940298507463
544,3,24,59,5.0,1.0,80.0,47.0,58.75
2318,2,184,22,4.0,0.0,64.0,44.0,68.75
4177,3,22,73,8.0,4.0,67.0,46.0,68.65671641791045
3733,3,22,57,11.0,3.0,128.0,74.0,57.8125
4676,1,114,4,6.0,3.0,61.0,37.0,60.65573770491803
672,3,129,151,12.0,1.0,85.0,48.0,56.470588235294116
867,1,14,24,2.0,4.0,112.0,69.0,61.60714285714286
2349,1,56,88,14.0,0.0,84.0,52.0,61.904761904761905
3102,1,4,7,10.0,10.0,120.0,74.0,61.66666666666667
6350,1,196,70,3.0,0.0,69.0,50.0,72.46376811594203
4827,1,185,79,9.0,1.0,48.0,34.0,70.83333333333334
3406,1,114,4,7.0,0.0,92.0,64.0,69.56521739130434
1614,1,135,67,1.0,2.0,63.0,38.0,60.317460317460316
2601,1,107,158,5.0,2.0,102.0,70.0,68.62745098039215
1095,2,177,21,1.0,0.0,42.0,26.0,61.904761904761905
3615,1,9,19,9.0,6.0,107.0,62.0,57.943925233644855
3035,1,15,27,9.0,0.0,45.0,29.0,64.44444444444444
861,1,116,146,22.0,0.0,71.0,56.0,78.87323943661971
788,1,106,157,0.0,0.0,57.0,40.0,70.17543859649122
6419,2,88,21,1.0,2.0,83.0,41.0,49.39759036144578
2820,2,185,20,4.0,2.0,75.0,50.0,66.66666666666666
1933,2,126,21,11.0,8.0,92.0,51.0,55.434782608695656
3000,3,180,151,3.0,1.0,57.0,33.0,57.89473684210527
3366,1,78,11,1.0,4.0,55.0,31.0,56.36363636363636
